gene,gene_upper,panel,source_lists,categories,source_evidence
CALHM1,CALHM1,Tier1_SOCE_TRP_51,Curated_258,SOCE_modulators,Curated_258:SOCE_modulators
CALHM2,CALHM2,Tier1_SOCE_TRP_51,Curated_258,SOCE_modulators,Curated_258:SOCE_modulators
CBARP,CBARP,Tier1_SOCE_TRP_51,Curated_258,SOCE_modulators,Curated_258:SOCE_modulators
CHERP,CHERP,Tier1_SOCE_TRP_51,Curated_258,SOCE_modulators,Curated_258:SOCE_modulators
CRACR2A,CRACR2A,Tier1_SOCE_TRP_51,Curated_258,SOCE_core,Curated_258:SOCE_core
CRACR2B,CRACR2B,Tier1_SOCE_TRP_51,Curated_258,SOCE_core,Curated_258:SOCE_core
ESYT1,ESYT1,Tier1_SOCE_TRP_51,Curated_258,SOCE_modulators,Curated_258:SOCE_modulators
ESYT2,ESYT2,Tier1_SOCE_TRP_51,Curated_258,SOCE_modulators,Curated_258:SOCE_modulators
ESYT3,ESYT3,Tier1_SOCE_TRP_51,Curated_258,SOCE_modulators,Curated_258:SOCE_modulators
MCOLN1,MCOLN1,Tier1_SOCE_TRP_51,Curated_258,TRP_channels,Curated_258:TRP_channels
MCOLN2,MCOLN2,Tier1_SOCE_TRP_51,Curated_258,TRP_channels,Curated_258:TRP_channels
MCOLN3,MCOLN3,Tier1_SOCE_TRP_51,Curated_258,TRP_channels,Curated_258:TRP_channels
ORAI1,ORAI1,Tier1_SOCE_TRP_51,Curated_258,SOCE_core,Curated_258:SOCE_core
ORAI2,ORAI2,Tier1_SOCE_TRP_51,Curated_258,SOCE_core,Curated_258:SOCE_core
ORAI3,ORAI3,Tier1_SOCE_TRP_51,Curated_258,SOCE_core,Curated_258:SOCE_core
PACS2,PACS2,Tier1_SOCE_TRP_51,Curated_258,SOCE_modulators,Curated_258:SOCE_modulators
PDZD8,PDZD8,Tier1_SOCE_TRP_51,Curated_258,SOCE_modulators,Curated_258:SOCE_modulators
PKD2,PKD2,Tier1_SOCE_TRP_51,Curated_258,TRP_channels,Curated_258:TRP_channels
PKD2L1,PKD2L1,Tier1_SOCE_TRP_51,Curated_258,TRP_channels,Curated_258:TRP_channels
PKD2L2,PKD2L2,Tier1_SOCE_TRP_51,Curated_258,TRP_channels,Curated_258:TRP_channels
SARAF,SARAF,Tier1_SOCE_TRP_51,Curated_258,SOCE_core,Curated_258:SOCE_core
STIM1,STIM1,Tier1_SOCE_TRP_51,Curated_258,SOCE_core,Curated_258:SOCE_core
STIM2,STIM2,Tier1_SOCE_TRP_51,Curated_258,SOCE_core,Curated_258:SOCE_core
STIMATE,STIMATE,Tier1_SOCE_TRP_51,Curated_258,SOCE_core,Curated_258:SOCE_core
TMEM165,TMEM165,Tier1_SOCE_TRP_51,Curated_258,SOCE_modulators,Curated_258:SOCE_modulators
TMEM203,TMEM203,Tier1_SOCE_TRP_51,Curated_258,SOCE_modulators,Curated_258:SOCE_modulators
TMEM64,TMEM64,Tier1_SOCE_TRP_51,Curated_258,SOCE_modulators,Curated_258:SOCE_modulators
TMEM66,TMEM66,Tier1_SOCE_TRP_51,Curated_258,SOCE_modulators,Curated_258:SOCE_modulators
TRPA1,TRPA1,Tier1_SOCE_TRP_51,Curated_258,TRP_channels,Curated_258:TRP_channels
TRPC1,TRPC1,Tier1_SOCE_TRP_51,Curated_258,TRP_channels,Curated_258:TRP_channels
TRPC3,TRPC3,Tier1_SOCE_TRP_51,Curated_258,TRP_channels,Curated_258:TRP_channels
TRPC4,TRPC4,Tier1_SOCE_TRP_51,Curated_258,TRP_channels,Curated_258:TRP_channels
TRPC5,TRPC5,Tier1_SOCE_TRP_51,Curated_258,TRP_channels,Curated_258:TRP_channels
TRPC6,TRPC6,Tier1_SOCE_TRP_51,Curated_258,TRP_channels,Curated_258:TRP_channels
TRPC7,TRPC7,Tier1_SOCE_TRP_51,Curated_258,TRP_channels,Curated_258:TRP_channels
TRPM1,TRPM1,Tier1_SOCE_TRP_51,Curated_258,TRP_channels,Curated_258:TRP_channels
TRPM2,TRPM2,Tier1_SOCE_TRP_51,Curated_258,TRP_channels,Curated_258:TRP_channels
TRPM3,TRPM3,Tier1_SOCE_TRP_51,Curated_258,TRP_channels,Curated_258:TRP_channels
TRPM4,TRPM4,Tier1_SOCE_TRP_51,Curated_258,TRP_channels,Curated_258:TRP_channels
TRPM5,TRPM5,Tier1_SOCE_TRP_51,Curated_258,TRP_channels,Curated_258:TRP_channels
TRPM6,TRPM6,Tier1_SOCE_TRP_51,Curated_258,TRP_channels,Curated_258:TRP_channels
TRPM7,TRPM7,Tier1_SOCE_TRP_51,Curated_258,TRP_channels,Curated_258:TRP_channels
TRPM8,TRPM8,Tier1_SOCE_TRP_51,Curated_258,TRP_channels,Curated_258:TRP_channels
TRPV1,TRPV1,Tier1_SOCE_TRP_51,Curated_258,TRP_channels,Curated_258:TRP_channels
TRPV2,TRPV2,Tier1_SOCE_TRP_51,Curated_258,TRP_channels,Curated_258:TRP_channels
TRPV3,TRPV3,Tier1_SOCE_TRP_51,Curated_258,TRP_channels,Curated_258:TRP_channels
TRPV4,TRPV4,Tier1_SOCE_TRP_51,Curated_258,TRP_channels,Curated_258:TRP_channels
TRPV5,TRPV5,Tier1_SOCE_TRP_51,Curated_258,TRP_channels,Curated_258:TRP_channels
TRPV6,TRPV6,Tier1_SOCE_TRP_51,Curated_258,TRP_channels,Curated_258:TRP_channels
VAPB,VAPB,Tier1_SOCE_TRP_51,Curated_258,SOCE_modulators,Curated_258:SOCE_modulators
WFS1,WFS1,Tier1_SOCE_TRP_51,Curated_258,SOCE_modulators,Curated_258:SOCE_modulators
CACNA1A,CACNA1A,Tier2_Channel_Release_Transport_117,Curated_258,VGCC,Curated_258:VGCC
CACNA1B,CACNA1B,Tier2_Channel_Release_Transport_117,Curated_258,VGCC,Curated_258:VGCC
CACNA1C,CACNA1C,Tier2_Channel_Release_Transport_117,Curated_258,VGCC,Curated_258:VGCC
CACNA1D,CACNA1D,Tier2_Channel_Release_Transport_117,Curated_258,VGCC,Curated_258:VGCC
CACNA1E,CACNA1E,Tier2_Channel_Release_Transport_117,Curated_258,VGCC,Curated_258:VGCC
CACNA1F,CACNA1F,Tier2_Channel_Release_Transport_117,Curated_258,VGCC,Curated_258:VGCC
CACNA1G,CACNA1G,Tier2_Channel_Release_Transport_117,Curated_258,VGCC,Curated_258:VGCC
CACNA1H,CACNA1H,Tier2_Channel_Release_Transport_117,Curated_258,VGCC,Curated_258:VGCC
CACNA1I,CACNA1I,Tier2_Channel_Release_Transport_117,Curated_258,VGCC,Curated_258:VGCC
CACNA1S,CACNA1S,Tier2_Channel_Release_Transport_117,Curated_258,VGCC,Curated_258:VGCC
CACNA2D1,CACNA2D1,Tier2_Channel_Release_Transport_117,Curated_258,VGCC,Curated_258:VGCC
CACNA2D2,CACNA2D2,Tier2_Channel_Release_Transport_117,Curated_258,VGCC,Curated_258:VGCC
CACNA2D3,CACNA2D3,Tier2_Channel_Release_Transport_117,Curated_258,VGCC,Curated_258:VGCC
CACNA2D4,CACNA2D4,Tier2_Channel_Release_Transport_117,Curated_258,VGCC,Curated_258:VGCC
CACNB1,CACNB1,Tier2_Channel_Release_Transport_117,Curated_258,VGCC,Curated_258:VGCC
CACNB2,CACNB2,Tier2_Channel_Release_Transport_117,Curated_258,VGCC,Curated_258:VGCC
CACNB3,CACNB3,Tier2_Channel_Release_Transport_117,Curated_258,VGCC,Curated_258:VGCC
CACNB4,CACNB4,Tier2_Channel_Release_Transport_117,Curated_258,VGCC,Curated_258:VGCC
CACNG1,CACNG1,Tier2_Channel_Release_Transport_117,Curated_258,VGCC,Curated_258:VGCC
CACNG2,CACNG2,Tier2_Channel_Release_Transport_117,Curated_258,VGCC,Curated_258:VGCC
CACNG3,CACNG3,Tier2_Channel_Release_Transport_117,Curated_258,VGCC,Curated_258:VGCC
CACNG4,CACNG4,Tier2_Channel_Release_Transport_117,Curated_258,VGCC,Curated_258:VGCC
CACNG5,CACNG5,Tier2_Channel_Release_Transport_117,Curated_258,VGCC,Curated_258:VGCC
CACNG6,CACNG6,Tier2_Channel_Release_Transport_117,Curated_258,VGCC,Curated_258:VGCC
CACNG7,CACNG7,Tier2_Channel_Release_Transport_117,Curated_258,VGCC,Curated_258:VGCC
CACNG8,CACNG8,Tier2_Channel_Release_Transport_117,Curated_258,VGCC,Curated_258:VGCC
CALHM1,CALHM1,Tier2_Channel_Release_Transport_117,Curated_258,SOCE_modulators,Curated_258:SOCE_modulators
CALHM2,CALHM2,Tier2_Channel_Release_Transport_117,Curated_258,SOCE_modulators,Curated_258:SOCE_modulators
CBARP,CBARP,Tier2_Channel_Release_Transport_117,Curated_258,SOCE_modulators,Curated_258:SOCE_modulators
CHERP,CHERP,Tier2_Channel_Release_Transport_117,Curated_258,SOCE_modulators,Curated_258:SOCE_modulators
CRACR2A,CRACR2A,Tier2_Channel_Release_Transport_117,Curated_258,SOCE_core,Curated_258:SOCE_core
CRACR2B,CRACR2B,Tier2_Channel_Release_Transport_117,Curated_258,SOCE_core,Curated_258:SOCE_core
ESYT1,ESYT1,Tier2_Channel_Release_Transport_117,Curated_258,SOCE_modulators,Curated_258:SOCE_modulators
ESYT2,ESYT2,Tier2_Channel_Release_Transport_117,Curated_258,SOCE_modulators,Curated_258:SOCE_modulators
ESYT3,ESYT3,Tier2_Channel_Release_Transport_117,Curated_258,SOCE_modulators,Curated_258:SOCE_modulators
GRIN1,GRIN1,Tier2_Channel_Release_Transport_117,Curated_258,PM_channels_other,Curated_258:PM_channels_other
GRIN2A,GRIN2A,Tier2_Channel_Release_Transport_117,Curated_258,PM_channels_other,Curated_258:PM_channels_other
GRIN2B,GRIN2B,Tier2_Channel_Release_Transport_117,Curated_258,PM_channels_other,Curated_258:PM_channels_other
GRIN2C,GRIN2C,Tier2_Channel_Release_Transport_117,Curated_258,PM_channels_other,Curated_258:PM_channels_other
GRIN2D,GRIN2D,Tier2_Channel_Release_Transport_117,Curated_258,PM_channels_other,Curated_258:PM_channels_other
INPP5K,INPP5K,Tier2_Channel_Release_Transport_117,Curated_258,PLC_IP3,Curated_258:PLC_IP3
ITPKA,ITPKA,Tier2_Channel_Release_Transport_117,Curated_258,PLC_IP3,Curated_258:PLC_IP3
ITPKB,ITPKB,Tier2_Channel_Release_Transport_117,Curated_258,PLC_IP3,Curated_258:PLC_IP3
ITPKC,ITPKC,Tier2_Channel_Release_Transport_117,Curated_258,PLC_IP3,Curated_258:PLC_IP3
ITPR1,ITPR1,Tier2_Channel_Release_Transport_117,Curated_258,ER_channels,Curated_258:ER_channels
ITPR2,ITPR2,Tier2_Channel_Release_Transport_117,Curated_258,ER_channels,Curated_258:ER_channels
ITPR3,ITPR3,Tier2_Channel_Release_Transport_117,Curated_258,ER_channels,Curated_258:ER_channels
MCOLN1,MCOLN1,Tier2_Channel_Release_Transport_117,Curated_258,TRP_channels,Curated_258:TRP_channels
MCOLN2,MCOLN2,Tier2_Channel_Release_Transport_117,Curated_258,TRP_channels,Curated_258:TRP_channels
MCOLN3,MCOLN3,Tier2_Channel_Release_Transport_117,Curated_258,TRP_channels,Curated_258:TRP_channels
NALCN,NALCN,Tier2_Channel_Release_Transport_117,Curated_258,PM_channels_other,Curated_258:PM_channels_other
ORAI1,ORAI1,Tier2_Channel_Release_Transport_117,Curated_258,SOCE_core,Curated_258:SOCE_core
ORAI2,ORAI2,Tier2_Channel_Release_Transport_117,Curated_258,SOCE_core,Curated_258:SOCE_core
ORAI3,ORAI3,Tier2_Channel_Release_Transport_117,Curated_258,SOCE_core,Curated_258:SOCE_core
P2RX1,P2RX1,Tier2_Channel_Release_Transport_117,Curated_258,PM_channels_other,Curated_258:PM_channels_other
P2RX2,P2RX2,Tier2_Channel_Release_Transport_117,Curated_258,PM_channels_other,Curated_258:PM_channels_other
P2RX3,P2RX3,Tier2_Channel_Release_Transport_117,Curated_258,PM_channels_other,Curated_258:PM_channels_other
P2RX4,P2RX4,Tier2_Channel_Release_Transport_117,Curated_258,PM_channels_other,Curated_258:PM_channels_other
P2RX5,P2RX5,Tier2_Channel_Release_Transport_117,Curated_258,PM_channels_other,Curated_258:PM_channels_other
P2RX6,P2RX6,Tier2_Channel_Release_Transport_117,Curated_258,PM_channels_other,Curated_258:PM_channels_other
P2RX7,P2RX7,Tier2_Channel_Release_Transport_117,Curated_258,PM_channels_other,Curated_258:PM_channels_other
PACS2,PACS2,Tier2_Channel_Release_Transport_117,Curated_258,SOCE_modulators,Curated_258:SOCE_modulators
PDZD8,PDZD8,Tier2_Channel_Release_Transport_117,Curated_258,SOCE_modulators,Curated_258:SOCE_modulators
PKD2,PKD2,Tier2_Channel_Release_Transport_117,Curated_258,TRP_channels,Curated_258:TRP_channels
PKD2L1,PKD2L1,Tier2_Channel_Release_Transport_117,Curated_258,TRP_channels,Curated_258:TRP_channels
PKD2L2,PKD2L2,Tier2_Channel_Release_Transport_117,Curated_258,TRP_channels,Curated_258:TRP_channels
PLCB1,PLCB1,Tier2_Channel_Release_Transport_117,Curated_258,PLC_IP3,Curated_258:PLC_IP3
PLCB2,PLCB2,Tier2_Channel_Release_Transport_117,Curated_258,PLC_IP3,Curated_258:PLC_IP3
PLCB3,PLCB3,Tier2_Channel_Release_Transport_117,Curated_258,PLC_IP3,Curated_258:PLC_IP3
PLCB4,PLCB4,Tier2_Channel_Release_Transport_117,Curated_258,PLC_IP3,Curated_258:PLC_IP3
PLCD1,PLCD1,Tier2_Channel_Release_Transport_117,Curated_258,PLC_IP3,Curated_258:PLC_IP3
PLCD3,PLCD3,Tier2_Channel_Release_Transport_117,Curated_258,PLC_IP3,Curated_258:PLC_IP3
PLCD4,PLCD4,Tier2_Channel_Release_Transport_117,Curated_258,PLC_IP3,Curated_258:PLC_IP3
PLCE1,PLCE1,Tier2_Channel_Release_Transport_117,Curated_258,PLC_IP3,Curated_258:PLC_IP3
PLCG1,PLCG1,Tier2_Channel_Release_Transport_117,Curated_258,PLC_IP3,Curated_258:PLC_IP3
PLCG2,PLCG2,Tier2_Channel_Release_Transport_117,Curated_258,PLC_IP3,Curated_258:PLC_IP3
PLCZ1,PLCZ1,Tier2_Channel_Release_Transport_117,Curated_258,PLC_IP3,Curated_258:PLC_IP3
RYR1,RYR1,Tier2_Channel_Release_Transport_117,Curated_258,ER_channels,Curated_258:ER_channels
RYR2,RYR2,Tier2_Channel_Release_Transport_117,Curated_258,ER_channels,Curated_258:ER_channels
RYR3,RYR3,Tier2_Channel_Release_Transport_117,Curated_258,ER_channels,Curated_258:ER_channels
SARAF,SARAF,Tier2_Channel_Release_Transport_117,Curated_258,SOCE_core,Curated_258:SOCE_core
STIM1,STIM1,Tier2_Channel_Release_Transport_117,Curated_258,SOCE_core,Curated_258:SOCE_core
STIM2,STIM2,Tier2_Channel_Release_Transport_117,Curated_258,SOCE_core,Curated_258:SOCE_core
STIMATE,STIMATE,Tier2_Channel_Release_Transport_117,Curated_258,SOCE_core,Curated_258:SOCE_core
TMCO1,TMCO1,Tier2_Channel_Release_Transport_117,Curated_258,PM_channels_other,Curated_258:PM_channels_other
TMEM165,TMEM165,Tier2_Channel_Release_Transport_117,Curated_258,SOCE_modulators,Curated_258:SOCE_modulators
TMEM203,TMEM203,Tier2_Channel_Release_Transport_117,Curated_258,SOCE_modulators,Curated_258:SOCE_modulators
TMEM64,TMEM64,Tier2_Channel_Release_Transport_117,Curated_258,SOCE_modulators,Curated_258:SOCE_modulators
TMEM66,TMEM66,Tier2_Channel_Release_Transport_117,Curated_258,SOCE_modulators,Curated_258:SOCE_modulators
TPCN1,TPCN1,Tier2_Channel_Release_Transport_117,Curated_258,ER_channels,Curated_258:ER_channels
TPCN2,TPCN2,Tier2_Channel_Release_Transport_117,Curated_258,ER_channels,Curated_258:ER_channels
TRPA1,TRPA1,Tier2_Channel_Release_Transport_117,Curated_258,TRP_channels,Curated_258:TRP_channels
TRPC1,TRPC1,Tier2_Channel_Release_Transport_117,Curated_258,TRP_channels,Curated_258:TRP_channels
TRPC3,TRPC3,Tier2_Channel_Release_Transport_117,Curated_258,TRP_channels,Curated_258:TRP_channels
TRPC4,TRPC4,Tier2_Channel_Release_Transport_117,Curated_258,TRP_channels,Curated_258:TRP_channels
TRPC5,TRPC5,Tier2_Channel_Release_Transport_117,Curated_258,TRP_channels,Curated_258:TRP_channels
TRPC6,TRPC6,Tier2_Channel_Release_Transport_117,Curated_258,TRP_channels,Curated_258:TRP_channels
TRPC7,TRPC7,Tier2_Channel_Release_Transport_117,Curated_258,TRP_channels,Curated_258:TRP_channels
TRPM1,TRPM1,Tier2_Channel_Release_Transport_117,Curated_258,TRP_channels,Curated_258:TRP_channels
TRPM2,TRPM2,Tier2_Channel_Release_Transport_117,Curated_258,TRP_channels,Curated_258:TRP_channels
TRPM3,TRPM3,Tier2_Channel_Release_Transport_117,Curated_258,TRP_channels,Curated_258:TRP_channels
TRPM4,TRPM4,Tier2_Channel_Release_Transport_117,Curated_258,TRP_channels,Curated_258:TRP_channels
TRPM5,TRPM5,Tier2_Channel_Release_Transport_117,Curated_258,TRP_channels,Curated_258:TRP_channels
TRPM6,TRPM6,Tier2_Channel_Release_Transport_117,Curated_258,TRP_channels,Curated_258:TRP_channels
TRPM7,TRPM7,Tier2_Channel_Release_Transport_117,Curated_258,TRP_channels,Curated_258:TRP_channels
TRPM8,TRPM8,Tier2_Channel_Release_Transport_117,Curated_258,TRP_channels,Curated_258:TRP_channels
TRPV1,TRPV1,Tier2_Channel_Release_Transport_117,Curated_258,TRP_channels,Curated_258:TRP_channels
TRPV2,TRPV2,Tier2_Channel_Release_Transport_117,Curated_258,TRP_channels,Curated_258:TRP_channels
TRPV3,TRPV3,Tier2_Channel_Release_Transport_117,Curated_258,TRP_channels,Curated_258:TRP_channels
TRPV4,TRPV4,Tier2_Channel_Release_Transport_117,Curated_258,TRP_channels,Curated_258:TRP_channels
TRPV5,TRPV5,Tier2_Channel_Release_Transport_117,Curated_258,TRP_channels,Curated_258:TRP_channels
TRPV6,TRPV6,Tier2_Channel_Release_Transport_117,Curated_258,TRP_channels,Curated_258:TRP_channels
TTYH1,TTYH1,Tier2_Channel_Release_Transport_117,Curated_258,PM_channels_other,Curated_258:PM_channels_other
TTYH2,TTYH2,Tier2_Channel_Release_Transport_117,Curated_258,PM_channels_other,Curated_258:PM_channels_other
TTYH3,TTYH3,Tier2_Channel_Release_Transport_117,Curated_258,PM_channels_other,Curated_258:PM_channels_other
VAPB,VAPB,Tier2_Channel_Release_Transport_117,Curated_258,SOCE_modulators,Curated_258:SOCE_modulators
WFS1,WFS1,Tier2_Channel_Release_Transport_117,Curated_258,SOCE_modulators,Curated_258:SOCE_modulators
ANO1,ANO1,Tier3_Curated_Calcium_Handling_258,Curated_258,Ca_activated,Curated_258:Ca_activated
ANO2,ANO2,Tier3_Curated_Calcium_Handling_258,Curated_258,Ca_activated,Curated_258:Ca_activated
ANXA1,ANXA1,Tier3_Curated_Calcium_Handling_258,Curated_258,Annexins,Curated_258:Annexins
ANXA11,ANXA11,Tier3_Curated_Calcium_Handling_258,Curated_258,Annexins,Curated_258:Annexins
ANXA2,ANXA2,Tier3_Curated_Calcium_Handling_258,Curated_258,Annexins,Curated_258:Annexins
ANXA3,ANXA3,Tier3_Curated_Calcium_Handling_258,Curated_258,Annexins,Curated_258:Annexins
ANXA4,ANXA4,Tier3_Curated_Calcium_Handling_258,Curated_258,Annexins,Curated_258:Annexins
ANXA5,ANXA5,Tier3_Curated_Calcium_Handling_258,Curated_258,Annexins,Curated_258:Annexins
ANXA6,ANXA6,Tier3_Curated_Calcium_Handling_258,Curated_258,Annexins,Curated_258:Annexins
ANXA7,ANXA7,Tier3_Curated_Calcium_Handling_258,Curated_258,Annexins,Curated_258:Annexins
ATP2A1,ATP2A1,Tier3_Curated_Calcium_Handling_258,Curated_258,Ca_pumps,Curated_258:Ca_pumps
ATP2A2,ATP2A2,Tier3_Curated_Calcium_Handling_258,Curated_258,Ca_pumps,Curated_258:Ca_pumps
ATP2A3,ATP2A3,Tier3_Curated_Calcium_Handling_258,Curated_258,Ca_pumps,Curated_258:Ca_pumps
ATP2B1,ATP2B1,Tier3_Curated_Calcium_Handling_258,Curated_258,Ca_pumps,Curated_258:Ca_pumps
ATP2B2,ATP2B2,Tier3_Curated_Calcium_Handling_258,Curated_258,Ca_pumps,Curated_258:Ca_pumps
ATP2B3,ATP2B3,Tier3_Curated_Calcium_Handling_258,Curated_258,Ca_pumps,Curated_258:Ca_pumps
ATP2B4,ATP2B4,Tier3_Curated_Calcium_Handling_258,Curated_258,Ca_pumps,Curated_258:Ca_pumps
ATP2C1,ATP2C1,Tier3_Curated_Calcium_Handling_258,Curated_258,Ca_pumps,Curated_258:Ca_pumps
ATP2C2,ATP2C2,Tier3_Curated_Calcium_Handling_258,Curated_258,Ca_pumps,Curated_258:Ca_pumps
CABP1,CABP1,Tier3_Curated_Calcium_Handling_258,Curated_258,Ca_sensors,Curated_258:Ca_sensors
CABP2,CABP2,Tier3_Curated_Calcium_Handling_258,Curated_258,Ca_sensors,Curated_258:Ca_sensors
CABP4,CABP4,Tier3_Curated_Calcium_Handling_258,Curated_258,Ca_sensors,Curated_258:Ca_sensors
CABP5,CABP5,Tier3_Curated_Calcium_Handling_258,Curated_258,Ca_sensors,Curated_258:Ca_sensors
CACNA1A,CACNA1A,Tier3_Curated_Calcium_Handling_258,Curated_258,VGCC,Curated_258:VGCC
CACNA1B,CACNA1B,Tier3_Curated_Calcium_Handling_258,Curated_258,VGCC,Curated_258:VGCC
CACNA1C,CACNA1C,Tier3_Curated_Calcium_Handling_258,Curated_258,VGCC,Curated_258:VGCC
CACNA1D,CACNA1D,Tier3_Curated_Calcium_Handling_258,Curated_258,VGCC,Curated_258:VGCC
CACNA1E,CACNA1E,Tier3_Curated_Calcium_Handling_258,Curated_258,VGCC,Curated_258:VGCC
CACNA1F,CACNA1F,Tier3_Curated_Calcium_Handling_258,Curated_258,VGCC,Curated_258:VGCC
CACNA1G,CACNA1G,Tier3_Curated_Calcium_Handling_258,Curated_258,VGCC,Curated_258:VGCC
CACNA1H,CACNA1H,Tier3_Curated_Calcium_Handling_258,Curated_258,VGCC,Curated_258:VGCC
CACNA1I,CACNA1I,Tier3_Curated_Calcium_Handling_258,Curated_258,VGCC,Curated_258:VGCC
CACNA1S,CACNA1S,Tier3_Curated_Calcium_Handling_258,Curated_258,VGCC,Curated_258:VGCC
CACNA2D1,CACNA2D1,Tier3_Curated_Calcium_Handling_258,Curated_258,VGCC,Curated_258:VGCC
CACNA2D2,CACNA2D2,Tier3_Curated_Calcium_Handling_258,Curated_258,VGCC,Curated_258:VGCC
CACNA2D3,CACNA2D3,Tier3_Curated_Calcium_Handling_258,Curated_258,VGCC,Curated_258:VGCC
CACNA2D4,CACNA2D4,Tier3_Curated_Calcium_Handling_258,Curated_258,VGCC,Curated_258:VGCC
CACNB1,CACNB1,Tier3_Curated_Calcium_Handling_258,Curated_258,VGCC,Curated_258:VGCC
CACNB2,CACNB2,Tier3_Curated_Calcium_Handling_258,Curated_258,VGCC,Curated_258:VGCC
CACNB3,CACNB3,Tier3_Curated_Calcium_Handling_258,Curated_258,VGCC,Curated_258:VGCC
CACNB4,CACNB4,Tier3_Curated_Calcium_Handling_258,Curated_258,VGCC,Curated_258:VGCC
CACNG1,CACNG1,Tier3_Curated_Calcium_Handling_258,Curated_258,VGCC,Curated_258:VGCC
CACNG2,CACNG2,Tier3_Curated_Calcium_Handling_258,Curated_258,VGCC,Curated_258:VGCC
CACNG3,CACNG3,Tier3_Curated_Calcium_Handling_258,Curated_258,VGCC,Curated_258:VGCC
CACNG4,CACNG4,Tier3_Curated_Calcium_Handling_258,Curated_258,VGCC,Curated_258:VGCC
CACNG5,CACNG5,Tier3_Curated_Calcium_Handling_258,Curated_258,VGCC,Curated_258:VGCC
CACNG6,CACNG6,Tier3_Curated_Calcium_Handling_258,Curated_258,VGCC,Curated_258:VGCC
CACNG7,CACNG7,Tier3_Curated_Calcium_Handling_258,Curated_258,VGCC,Curated_258:VGCC
CACNG8,CACNG8,Tier3_Curated_Calcium_Handling_258,Curated_258,VGCC,Curated_258:VGCC
CALB1,CALB1,Tier3_Curated_Calcium_Handling_258,Curated_258,Ca_sensors,Curated_258:Ca_sensors
CALB2,CALB2,Tier3_Curated_Calcium_Handling_258,Curated_258,Ca_sensors,Curated_258:Ca_sensors
CALHM1,CALHM1,Tier3_Curated_Calcium_Handling_258,Curated_258,SOCE_modulators,Curated_258:SOCE_modulators
CALHM2,CALHM2,Tier3_Curated_Calcium_Handling_258,Curated_258,SOCE_modulators,Curated_258:SOCE_modulators
CALM1,CALM1,Tier3_Curated_Calcium_Handling_258,Curated_258,CaM_CaMK,Curated_258:CaM_CaMK
CALM2,CALM2,Tier3_Curated_Calcium_Handling_258,Curated_258,CaM_CaMK,Curated_258:CaM_CaMK
CALM3,CALM3,Tier3_Curated_Calcium_Handling_258,Curated_258,CaM_CaMK,Curated_258:CaM_CaMK
CALML3,CALML3,Tier3_Curated_Calcium_Handling_258,Curated_258,CaM_CaMK,Curated_258:CaM_CaMK
CALML4,CALML4,Tier3_Curated_Calcium_Handling_258,Curated_258,CaM_CaMK,Curated_258:CaM_CaMK
CALML5,CALML5,Tier3_Curated_Calcium_Handling_258,Curated_258,CaM_CaMK,Curated_258:CaM_CaMK
CALML6,CALML6,Tier3_Curated_Calcium_Handling_258,Curated_258,CaM_CaMK,Curated_258:CaM_CaMK
CALR,CALR,Tier3_Curated_Calcium_Handling_258,Curated_258,Ca_sensors,Curated_258:Ca_sensors
CAMK1,CAMK1,Tier3_Curated_Calcium_Handling_258,Curated_258,CaM_CaMK,Curated_258:CaM_CaMK
CAMK1D,CAMK1D,Tier3_Curated_Calcium_Handling_258,Curated_258,CaM_CaMK,Curated_258:CaM_CaMK
CAMK1G,CAMK1G,Tier3_Curated_Calcium_Handling_258,Curated_258,CaM_CaMK,Curated_258:CaM_CaMK
CAMK2A,CAMK2A,Tier3_Curated_Calcium_Handling_258,Curated_258,CaM_CaMK,Curated_258:CaM_CaMK
CAMK2B,CAMK2B,Tier3_Curated_Calcium_Handling_258,Curated_258,CaM_CaMK,Curated_258:CaM_CaMK
CAMK2D,CAMK2D,Tier3_Curated_Calcium_Handling_258,Curated_258,CaM_CaMK,Curated_258:CaM_CaMK
CAMK2G,CAMK2G,Tier3_Curated_Calcium_Handling_258,Curated_258,CaM_CaMK,Curated_258:CaM_CaMK
CAMK4,CAMK4,Tier3_Curated_Calcium_Handling_258,Curated_258,CaM_CaMK,Curated_258:CaM_CaMK
CAMKK1,CAMKK1,Tier3_Curated_Calcium_Handling_258,Curated_258,CaM_CaMK,Curated_258:CaM_CaMK
CAMKK2,CAMKK2,Tier3_Curated_Calcium_Handling_258,Curated_258,CaM_CaMK,Curated_258:CaM_CaMK
CAPN1,CAPN1,Tier3_Curated_Calcium_Handling_258,Curated_258,Calpains,Curated_258:Calpains
CAPN10,CAPN10,Tier3_Curated_Calcium_Handling_258,Curated_258,Calpains,Curated_258:Calpains
CAPN15,CAPN15,Tier3_Curated_Calcium_Handling_258,Curated_258,Calpains,Curated_258:Calpains
CAPN2,CAPN2,Tier3_Curated_Calcium_Handling_258,Curated_258,Calpains,Curated_258:Calpains
CAPN3,CAPN3,Tier3_Curated_Calcium_Handling_258,Curated_258,Calpains,Curated_258:Calpains
CAPN5,CAPN5,Tier3_Curated_Calcium_Handling_258,Curated_258,Calpains,Curated_258:Calpains
CAPN7,CAPN7,Tier3_Curated_Calcium_Handling_258,Curated_258,Calpains,Curated_258:Calpains
CAPN9,CAPN9,Tier3_Curated_Calcium_Handling_258,Curated_258,Calpains,Curated_258:Calpains
CAPNS1,CAPNS1,Tier3_Curated_Calcium_Handling_258,Curated_258,Calpains,Curated_258:Calpains
CASQ1,CASQ1,Tier3_Curated_Calcium_Handling_258,Curated_258,Junctional,Curated_258:Junctional
CASQ2,CASQ2,Tier3_Curated_Calcium_Handling_258,Curated_258,Junctional,Curated_258:Junctional
CBARP,CBARP,Tier3_Curated_Calcium_Handling_258,Curated_258,SOCE_modulators,Curated_258:SOCE_modulators
CETN1,CETN1,Tier3_Curated_Calcium_Handling_258,Curated_258,Ca_sensors,Curated_258:Ca_sensors
CETN2,CETN2,Tier3_Curated_Calcium_Handling_258,Curated_258,Ca_sensors,Curated_258:Ca_sensors
CETN3,CETN3,Tier3_Curated_Calcium_Handling_258,Curated_258,Ca_sensors,Curated_258:Ca_sensors
CHERP,CHERP,Tier3_Curated_Calcium_Handling_258,Curated_258,SOCE_modulators,Curated_258:SOCE_modulators
CRACR2A,CRACR2A,Tier3_Curated_Calcium_Handling_258,Curated_258,SOCE_core,Curated_258:SOCE_core
CRACR2B,CRACR2B,Tier3_Curated_Calcium_Handling_258,Curated_258,SOCE_core,Curated_258:SOCE_core
EFHD2,EFHD2,Tier3_Curated_Calcium_Handling_258,Curated_258,Ca_sensors,Curated_258:Ca_sensors
ESYT1,ESYT1,Tier3_Curated_Calcium_Handling_258,Curated_258,SOCE_modulators,Curated_258:SOCE_modulators
ESYT2,ESYT2,Tier3_Curated_Calcium_Handling_258,Curated_258,SOCE_modulators,Curated_258:SOCE_modulators
ESYT3,ESYT3,Tier3_Curated_Calcium_Handling_258,Curated_258,SOCE_modulators,Curated_258:SOCE_modulators
GRIN1,GRIN1,Tier3_Curated_Calcium_Handling_258,Curated_258,PM_channels_other,Curated_258:PM_channels_other
GRIN2A,GRIN2A,Tier3_Curated_Calcium_Handling_258,Curated_258,PM_channels_other,Curated_258:PM_channels_other
GRIN2B,GRIN2B,Tier3_Curated_Calcium_Handling_258,Curated_258,PM_channels_other,Curated_258:PM_channels_other
GRIN2C,GRIN2C,Tier3_Curated_Calcium_Handling_258,Curated_258,PM_channels_other,Curated_258:PM_channels_other
GRIN2D,GRIN2D,Tier3_Curated_Calcium_Handling_258,Curated_258,PM_channels_other,Curated_258:PM_channels_other
HOMER1,HOMER1,Tier3_Curated_Calcium_Handling_258,Curated_258,Junctional,Curated_258:Junctional
HOMER2,HOMER2,Tier3_Curated_Calcium_Handling_258,Curated_258,Junctional,Curated_258:Junctional
HOMER3,HOMER3,Tier3_Curated_Calcium_Handling_258,Curated_258,Junctional,Curated_258:Junctional
HPCAL1,HPCAL1,Tier3_Curated_Calcium_Handling_258,Curated_258,Ca_sensors,Curated_258:Ca_sensors
HPCAL4,HPCAL4,Tier3_Curated_Calcium_Handling_258,Curated_258,Ca_sensors,Curated_258:Ca_sensors
HRC,HRC,Tier3_Curated_Calcium_Handling_258,Curated_258,Junctional,Curated_258:Junctional
INPP5K,INPP5K,Tier3_Curated_Calcium_Handling_258,Curated_258,PLC_IP3,Curated_258:PLC_IP3
ITPKA,ITPKA,Tier3_Curated_Calcium_Handling_258,Curated_258,PLC_IP3,Curated_258:PLC_IP3
ITPKB,ITPKB,Tier3_Curated_Calcium_Handling_258,Curated_258,PLC_IP3,Curated_258:PLC_IP3
ITPKC,ITPKC,Tier3_Curated_Calcium_Handling_258,Curated_258,PLC_IP3,Curated_258:PLC_IP3
ITPR1,ITPR1,Tier3_Curated_Calcium_Handling_258,Curated_258,ER_channels,Curated_258:ER_channels
ITPR2,ITPR2,Tier3_Curated_Calcium_Handling_258,Curated_258,ER_channels,Curated_258:ER_channels
ITPR3,ITPR3,Tier3_Curated_Calcium_Handling_258,Curated_258,ER_channels,Curated_258:ER_channels
JPH1,JPH1,Tier3_Curated_Calcium_Handling_258,Curated_258,Junctional,Curated_258:Junctional
JPH2,JPH2,Tier3_Curated_Calcium_Handling_258,Curated_258,Junctional,Curated_258:Junctional
JPH3,JPH3,Tier3_Curated_Calcium_Handling_258,Curated_258,Junctional,Curated_258:Junctional
JPH4,JPH4,Tier3_Curated_Calcium_Handling_258,Curated_258,Junctional,Curated_258:Junctional
JSRP1,JSRP1,Tier3_Curated_Calcium_Handling_258,Curated_258,Junctional,Curated_258:Junctional
KCNMA1,KCNMA1,Tier3_Curated_Calcium_Handling_258,Curated_258,Ca_activated,Curated_258:Ca_activated
KCNMB1,KCNMB1,Tier3_Curated_Calcium_Handling_258,Curated_258,Ca_activated,Curated_258:Ca_activated
KCNMB2,KCNMB2,Tier3_Curated_Calcium_Handling_258,Curated_258,Ca_activated,Curated_258:Ca_activated
KCNMB3,KCNMB3,Tier3_Curated_Calcium_Handling_258,Curated_258,Ca_activated,Curated_258:Ca_activated
KCNMB4,KCNMB4,Tier3_Curated_Calcium_Handling_258,Curated_258,Ca_activated,Curated_258:Ca_activated
KCNN1,KCNN1,Tier3_Curated_Calcium_Handling_258,Curated_258,Ca_activated,Curated_258:Ca_activated
KCNN2,KCNN2,Tier3_Curated_Calcium_Handling_258,Curated_258,Ca_activated,Curated_258:Ca_activated
KCNN3,KCNN3,Tier3_Curated_Calcium_Handling_258,Curated_258,Ca_activated,Curated_258:Ca_activated
KCNN4,KCNN4,Tier3_Curated_Calcium_Handling_258,Curated_258,Ca_activated,Curated_258:Ca_activated
LETM1,LETM1,Tier3_Curated_Calcium_Handling_258,Curated_258,Mitochondrial,Curated_258:Mitochondrial
MCOLN1,MCOLN1,Tier3_Curated_Calcium_Handling_258,Curated_258,TRP_channels,Curated_258:TRP_channels
MCOLN2,MCOLN2,Tier3_Curated_Calcium_Handling_258,Curated_258,TRP_channels,Curated_258:TRP_channels
MCOLN3,MCOLN3,Tier3_Curated_Calcium_Handling_258,Curated_258,TRP_channels,Curated_258:TRP_channels
MCU,MCU,Tier3_Curated_Calcium_Handling_258,Curated_258,Mitochondrial,Curated_258:Mitochondrial
MCUB,MCUB,Tier3_Curated_Calcium_Handling_258,Curated_258,Mitochondrial,Curated_258:Mitochondrial
MCUR1,MCUR1,Tier3_Curated_Calcium_Handling_258,Curated_258,Mitochondrial,Curated_258:Mitochondrial
MICU1,MICU1,Tier3_Curated_Calcium_Handling_258,Curated_258,Mitochondrial,Curated_258:Mitochondrial
MICU2,MICU2,Tier3_Curated_Calcium_Handling_258,Curated_258,Mitochondrial,Curated_258:Mitochondrial
MICU3,MICU3,Tier3_Curated_Calcium_Handling_258,Curated_258,Mitochondrial,Curated_258:Mitochondrial
NALCN,NALCN,Tier3_Curated_Calcium_Handling_258,Curated_258,PM_channels_other,Curated_258:PM_channels_other
NCALD,NCALD,Tier3_Curated_Calcium_Handling_258,Curated_258,Ca_sensors,Curated_258:Ca_sensors
NCS1,NCS1,Tier3_Curated_Calcium_Handling_258,Curated_258,Ca_sensors,Curated_258:Ca_sensors
NFAT5,NFAT5,Tier3_Curated_Calcium_Handling_258,Curated_258,Calcineurin_NFAT,Curated_258:Calcineurin_NFAT
NFATC1,NFATC1,Tier3_Curated_Calcium_Handling_258,Curated_258,Calcineurin_NFAT,Curated_258:Calcineurin_NFAT
NFATC2,NFATC2,Tier3_Curated_Calcium_Handling_258,Curated_258,Calcineurin_NFAT,Curated_258:Calcineurin_NFAT
NFATC3,NFATC3,Tier3_Curated_Calcium_Handling_258,Curated_258,Calcineurin_NFAT,Curated_258:Calcineurin_NFAT
NFATC4,NFATC4,Tier3_Curated_Calcium_Handling_258,Curated_258,Calcineurin_NFAT,Curated_258:Calcineurin_NFAT
NUCB1,NUCB1,Tier3_Curated_Calcium_Handling_258,Curated_258,Ca_sensors,Curated_258:Ca_sensors
NUCB2,NUCB2,Tier3_Curated_Calcium_Handling_258,Curated_258,Ca_sensors,Curated_258:Ca_sensors
ORAI1,ORAI1,Tier3_Curated_Calcium_Handling_258,Curated_258,SOCE_core,Curated_258:SOCE_core
ORAI2,ORAI2,Tier3_Curated_Calcium_Handling_258,Curated_258,SOCE_core,Curated_258:SOCE_core
ORAI3,ORAI3,Tier3_Curated_Calcium_Handling_258,Curated_258,SOCE_core,Curated_258:SOCE_core
P2RX1,P2RX1,Tier3_Curated_Calcium_Handling_258,Curated_258,PM_channels_other,Curated_258:PM_channels_other
P2RX2,P2RX2,Tier3_Curated_Calcium_Handling_258,Curated_258,PM_channels_other,Curated_258:PM_channels_other
P2RX3,P2RX3,Tier3_Curated_Calcium_Handling_258,Curated_258,PM_channels_other,Curated_258:PM_channels_other
P2RX4,P2RX4,Tier3_Curated_Calcium_Handling_258,Curated_258,PM_channels_other,Curated_258:PM_channels_other
P2RX5,P2RX5,Tier3_Curated_Calcium_Handling_258,Curated_258,PM_channels_other,Curated_258:PM_channels_other
P2RX6,P2RX6,Tier3_Curated_Calcium_Handling_258,Curated_258,PM_channels_other,Curated_258:PM_channels_other
P2RX7,P2RX7,Tier3_Curated_Calcium_Handling_258,Curated_258,PM_channels_other,Curated_258:PM_channels_other
PACS2,PACS2,Tier3_Curated_Calcium_Handling_258,Curated_258,SOCE_modulators,Curated_258:SOCE_modulators
PDZD8,PDZD8,Tier3_Curated_Calcium_Handling_258,Curated_258,SOCE_modulators,Curated_258:SOCE_modulators
PKD2,PKD2,Tier3_Curated_Calcium_Handling_258,Curated_258,TRP_channels,Curated_258:TRP_channels
PKD2L1,PKD2L1,Tier3_Curated_Calcium_Handling_258,Curated_258,TRP_channels,Curated_258:TRP_channels
PKD2L2,PKD2L2,Tier3_Curated_Calcium_Handling_258,Curated_258,TRP_channels,Curated_258:TRP_channels
PLCB1,PLCB1,Tier3_Curated_Calcium_Handling_258,Curated_258,PLC_IP3,Curated_258:PLC_IP3
PLCB2,PLCB2,Tier3_Curated_Calcium_Handling_258,Curated_258,PLC_IP3,Curated_258:PLC_IP3
PLCB3,PLCB3,Tier3_Curated_Calcium_Handling_258,Curated_258,PLC_IP3,Curated_258:PLC_IP3
PLCB4,PLCB4,Tier3_Curated_Calcium_Handling_258,Curated_258,PLC_IP3,Curated_258:PLC_IP3
PLCD1,PLCD1,Tier3_Curated_Calcium_Handling_258,Curated_258,PLC_IP3,Curated_258:PLC_IP3
PLCD3,PLCD3,Tier3_Curated_Calcium_Handling_258,Curated_258,PLC_IP3,Curated_258:PLC_IP3
PLCD4,PLCD4,Tier3_Curated_Calcium_Handling_258,Curated_258,PLC_IP3,Curated_258:PLC_IP3
PLCE1,PLCE1,Tier3_Curated_Calcium_Handling_258,Curated_258,PLC_IP3,Curated_258:PLC_IP3
PLCG1,PLCG1,Tier3_Curated_Calcium_Handling_258,Curated_258,PLC_IP3,Curated_258:PLC_IP3
PLCG2,PLCG2,Tier3_Curated_Calcium_Handling_258,Curated_258,PLC_IP3,Curated_258:PLC_IP3
PLCZ1,PLCZ1,Tier3_Curated_Calcium_Handling_258,Curated_258,PLC_IP3,Curated_258:PLC_IP3
PPP3CA,PPP3CA,Tier3_Curated_Calcium_Handling_258,Curated_258,Calcineurin_NFAT,Curated_258:Calcineurin_NFAT
PPP3CB,PPP3CB,Tier3_Curated_Calcium_Handling_258,Curated_258,Calcineurin_NFAT,Curated_258:Calcineurin_NFAT
PPP3CC,PPP3CC,Tier3_Curated_Calcium_Handling_258,Curated_258,Calcineurin_NFAT,Curated_258:Calcineurin_NFAT
PPP3R1,PPP3R1,Tier3_Curated_Calcium_Handling_258,Curated_258,Calcineurin_NFAT,Curated_258:Calcineurin_NFAT
PPP3R2,PPP3R2,Tier3_Curated_Calcium_Handling_258,Curated_258,Calcineurin_NFAT,Curated_258:Calcineurin_NFAT
RCAN1,RCAN1,Tier3_Curated_Calcium_Handling_258,Curated_258,Calcineurin_NFAT,Curated_258:Calcineurin_NFAT
RCAN2,RCAN2,Tier3_Curated_Calcium_Handling_258,Curated_258,Calcineurin_NFAT,Curated_258:Calcineurin_NFAT
RCAN3,RCAN3,Tier3_Curated_Calcium_Handling_258,Curated_258,Calcineurin_NFAT,Curated_258:Calcineurin_NFAT
RCVRN,RCVRN,Tier3_Curated_Calcium_Handling_258,Curated_258,Ca_sensors,Curated_258:Ca_sensors
RYR1,RYR1,Tier3_Curated_Calcium_Handling_258,Curated_258,ER_channels,Curated_258:ER_channels
RYR2,RYR2,Tier3_Curated_Calcium_Handling_258,Curated_258,ER_channels,Curated_258:ER_channels
RYR3,RYR3,Tier3_Curated_Calcium_Handling_258,Curated_258,ER_channels,Curated_258:ER_channels
S100A1,S100A1,Tier3_Curated_Calcium_Handling_258,Curated_258,Ca_sensors,Curated_258:Ca_sensors
S100A2,S100A2,Tier3_Curated_Calcium_Handling_258,Curated_258,Ca_sensors,Curated_258:Ca_sensors
S100A6,S100A6,Tier3_Curated_Calcium_Handling_258,Curated_258,Ca_sensors,Curated_258:Ca_sensors
S100A8,S100A8,Tier3_Curated_Calcium_Handling_258,Curated_258,Ca_sensors,Curated_258:Ca_sensors
S100A9,S100A9,Tier3_Curated_Calcium_Handling_258,Curated_258,Ca_sensors,Curated_258:Ca_sensors
S100B,S100B,Tier3_Curated_Calcium_Handling_258,Curated_258,Ca_sensors,Curated_258:Ca_sensors
S100G,S100G,Tier3_Curated_Calcium_Handling_258,Curated_258,Ca_sensors,Curated_258:Ca_sensors
SARAF,SARAF,Tier3_Curated_Calcium_Handling_258,Curated_258,SOCE_core,Curated_258:SOCE_core
SDF4,SDF4,Tier3_Curated_Calcium_Handling_258,Curated_258,Ca_sensors,Curated_258:Ca_sensors
SLC24A1,SLC24A1,Tier3_Curated_Calcium_Handling_258,Curated_258,NCX,Curated_258:NCX
SLC24A2,SLC24A2,Tier3_Curated_Calcium_Handling_258,Curated_258,NCX,Curated_258:NCX
SLC24A3,SLC24A3,Tier3_Curated_Calcium_Handling_258,Curated_258,NCX,Curated_258:NCX
SLC24A4,SLC24A4,Tier3_Curated_Calcium_Handling_258,Curated_258,NCX,Curated_258:NCX
SLC24A5,SLC24A5,Tier3_Curated_Calcium_Handling_258,Curated_258,NCX,Curated_258:NCX
SLC25A23,SLC25A23,Tier3_Curated_Calcium_Handling_258,Curated_258,Mitochondrial,Curated_258:Mitochondrial
SLC25A24,SLC25A24,Tier3_Curated_Calcium_Handling_258,Curated_258,Mitochondrial,Curated_258:Mitochondrial
SLC25A25,SLC25A25,Tier3_Curated_Calcium_Handling_258,Curated_258,Mitochondrial,Curated_258:Mitochondrial
SLC8A1,SLC8A1,Tier3_Curated_Calcium_Handling_258,Curated_258,NCX,Curated_258:NCX
SLC8A2,SLC8A2,Tier3_Curated_Calcium_Handling_258,Curated_258,NCX,Curated_258:NCX
SLC8A3,SLC8A3,Tier3_Curated_Calcium_Handling_258,Curated_258,NCX,Curated_258:NCX
SLC8B1,SLC8B1,Tier3_Curated_Calcium_Handling_258,Curated_258,NCX,Curated_258:NCX
SMDT1,SMDT1,Tier3_Curated_Calcium_Handling_258,Curated_258,Mitochondrial,Curated_258:Mitochondrial
STIM1,STIM1,Tier3_Curated_Calcium_Handling_258,Curated_258,SOCE_core,Curated_258:SOCE_core
STIM2,STIM2,Tier3_Curated_Calcium_Handling_258,Curated_258,SOCE_core,Curated_258:SOCE_core
STIMATE,STIMATE,Tier3_Curated_Calcium_Handling_258,Curated_258,SOCE_core,Curated_258:SOCE_core
SYT1,SYT1,Tier3_Curated_Calcium_Handling_258,Curated_258,Synaptotagmins,Curated_258:Synaptotagmins
SYT10,SYT10,Tier3_Curated_Calcium_Handling_258,Curated_258,Synaptotagmins,Curated_258:Synaptotagmins
SYT11,SYT11,Tier3_Curated_Calcium_Handling_258,Curated_258,Synaptotagmins,Curated_258:Synaptotagmins
SYT13,SYT13,Tier3_Curated_Calcium_Handling_258,Curated_258,Synaptotagmins,Curated_258:Synaptotagmins
SYT17,SYT17,Tier3_Curated_Calcium_Handling_258,Curated_258,Synaptotagmins,Curated_258:Synaptotagmins
SYT2,SYT2,Tier3_Curated_Calcium_Handling_258,Curated_258,Synaptotagmins,Curated_258:Synaptotagmins
SYT3,SYT3,Tier3_Curated_Calcium_Handling_258,Curated_258,Synaptotagmins,Curated_258:Synaptotagmins
SYT4,SYT4,Tier3_Curated_Calcium_Handling_258,Curated_258,Synaptotagmins,Curated_258:Synaptotagmins
SYT5,SYT5,Tier3_Curated_Calcium_Handling_258,Curated_258,Synaptotagmins,Curated_258:Synaptotagmins
SYT6,SYT6,Tier3_Curated_Calcium_Handling_258,Curated_258,Synaptotagmins,Curated_258:Synaptotagmins
SYT7,SYT7,Tier3_Curated_Calcium_Handling_258,Curated_258,Synaptotagmins,Curated_258:Synaptotagmins
SYT9,SYT9,Tier3_Curated_Calcium_Handling_258,Curated_258,Synaptotagmins,Curated_258:Synaptotagmins
TMCO1,TMCO1,Tier3_Curated_Calcium_Handling_258,Curated_258,PM_channels_other,Curated_258:PM_channels_other
TMEM165,TMEM165,Tier3_Curated_Calcium_Handling_258,Curated_258,SOCE_modulators,Curated_258:SOCE_modulators
TMEM203,TMEM203,Tier3_Curated_Calcium_Handling_258,Curated_258,SOCE_modulators,Curated_258:SOCE_modulators
TMEM64,TMEM64,Tier3_Curated_Calcium_Handling_258,Curated_258,SOCE_modulators,Curated_258:SOCE_modulators
TMEM66,TMEM66,Tier3_Curated_Calcium_Handling_258,Curated_258,SOCE_modulators,Curated_258:SOCE_modulators
TPCN1,TPCN1,Tier3_Curated_Calcium_Handling_258,Curated_258,ER_channels,Curated_258:ER_channels
TPCN2,TPCN2,Tier3_Curated_Calcium_Handling_258,Curated_258,ER_channels,Curated_258:ER_channels
TRDN,TRDN,Tier3_Curated_Calcium_Handling_258,Curated_258,Junctional,Curated_258:Junctional
TRPA1,TRPA1,Tier3_Curated_Calcium_Handling_258,Curated_258,TRP_channels,Curated_258:TRP_channels
TRPC1,TRPC1,Tier3_Curated_Calcium_Handling_258,Curated_258,TRP_channels,Curated_258:TRP_channels
TRPC3,TRPC3,Tier3_Curated_Calcium_Handling_258,Curated_258,TRP_channels,Curated_258:TRP_channels
TRPC4,TRPC4,Tier3_Curated_Calcium_Handling_258,Curated_258,TRP_channels,Curated_258:TRP_channels
TRPC5,TRPC5,Tier3_Curated_Calcium_Handling_258,Curated_258,TRP_channels,Curated_258:TRP_channels
TRPC6,TRPC6,Tier3_Curated_Calcium_Handling_258,Curated_258,TRP_channels,Curated_258:TRP_channels
TRPC7,TRPC7,Tier3_Curated_Calcium_Handling_258,Curated_258,TRP_channels,Curated_258:TRP_channels
TRPM1,TRPM1,Tier3_Curated_Calcium_Handling_258,Curated_258,TRP_channels,Curated_258:TRP_channels
TRPM2,TRPM2,Tier3_Curated_Calcium_Handling_258,Curated_258,TRP_channels,Curated_258:TRP_channels
TRPM3,TRPM3,Tier3_Curated_Calcium_Handling_258,Curated_258,TRP_channels,Curated_258:TRP_channels
TRPM4,TRPM4,Tier3_Curated_Calcium_Handling_258,Curated_258,TRP_channels,Curated_258:TRP_channels
TRPM5,TRPM5,Tier3_Curated_Calcium_Handling_258,Curated_258,TRP_channels,Curated_258:TRP_channels
TRPM6,TRPM6,Tier3_Curated_Calcium_Handling_258,Curated_258,TRP_channels,Curated_258:TRP_channels
TRPM7,TRPM7,Tier3_Curated_Calcium_Handling_258,Curated_258,TRP_channels,Curated_258:TRP_channels
TRPM8,TRPM8,Tier3_Curated_Calcium_Handling_258,Curated_258,TRP_channels,Curated_258:TRP_channels
TRPV1,TRPV1,Tier3_Curated_Calcium_Handling_258,Curated_258,TRP_channels,Curated_258:TRP_channels
TRPV2,TRPV2,Tier3_Curated_Calcium_Handling_258,Curated_258,TRP_channels,Curated_258:TRP_channels
TRPV3,TRPV3,Tier3_Curated_Calcium_Handling_258,Curated_258,TRP_channels,Curated_258:TRP_channels
TRPV4,TRPV4,Tier3_Curated_Calcium_Handling_258,Curated_258,TRP_channels,Curated_258:TRP_channels
TRPV5,TRPV5,Tier3_Curated_Calcium_Handling_258,Curated_258,TRP_channels,Curated_258:TRP_channels
TRPV6,TRPV6,Tier3_Curated_Calcium_Handling_258,Curated_258,TRP_channels,Curated_258:TRP_channels
TTYH1,TTYH1,Tier3_Curated_Calcium_Handling_258,Curated_258,PM_channels_other,Curated_258:PM_channels_other
TTYH2,TTYH2,Tier3_Curated_Calcium_Handling_258,Curated_258,PM_channels_other,Curated_258:PM_channels_other
TTYH3,TTYH3,Tier3_Curated_Calcium_Handling_258,Curated_258,PM_channels_other,Curated_258:PM_channels_other
VAPB,VAPB,Tier3_Curated_Calcium_Handling_258,Curated_258,SOCE_modulators,Curated_258:SOCE_modulators
VDAC1,VDAC1,Tier3_Curated_Calcium_Handling_258,Curated_258,Mitochondrial,Curated_258:Mitochondrial
VDAC2,VDAC2,Tier3_Curated_Calcium_Handling_258,Curated_258,Mitochondrial,Curated_258:Mitochondrial
VDAC3,VDAC3,Tier3_Curated_Calcium_Handling_258,Curated_258,Mitochondrial,Curated_258:Mitochondrial
VSNL1,VSNL1,Tier3_Curated_Calcium_Handling_258,Curated_258,Ca_sensors,Curated_258:Ca_sensors
WFS1,WFS1,Tier3_Curated_Calcium_Handling_258,Curated_258,SOCE_modulators,Curated_258:SOCE_modulators
ABCC4,ABCC4,Tier4_Expanded_Calcium_Associated_732,Categorized_calcium;Galaxy_STAR_calcium;KEGG_calcium_cAMP,Galaxy_STAR_calcium;Other Ca-related;cAMP signaling pathway,Categorized_calcium:Other Ca-related;Galaxy_STAR_calcium:Galaxy_STAR_calcium;KEGG_calcium_cAMP:cAMP signaling pathway
ACOX1,ACOX1,Tier4_Expanded_Calcium_Associated_732,KEGG_calcium_cAMP,cAMP signaling pathway,KEGG_calcium_cAMP:cAMP signaling pathway
ACOX3,ACOX3,Tier4_Expanded_Calcium_Associated_732,KEGG_calcium_cAMP,cAMP signaling pathway,KEGG_calcium_cAMP:cAMP signaling pathway
ADAM9,ADAM9,Tier4_Expanded_Calcium_Associated_732,Categorized_calcium;Galaxy_STAR_calcium,Galaxy_STAR_calcium;Other Ca-related,Categorized_calcium:Other Ca-related;Galaxy_STAR_calcium:Galaxy_STAR_calcium
ADCY1,ADCY1,Tier4_Expanded_Calcium_Associated_732,KEGG_calcium_cAMP,Calcium signaling pathway,KEGG_calcium_cAMP:Calcium signaling pathway
ADCY10,ADCY10,Tier4_Expanded_Calcium_Associated_732,KEGG_calcium_cAMP,cAMP signaling pathway,KEGG_calcium_cAMP:cAMP signaling pathway
ADCY2,ADCY2,Tier4_Expanded_Calcium_Associated_732,KEGG_calcium_cAMP,Calcium signaling pathway,KEGG_calcium_cAMP:Calcium signaling pathway
ADCY3,ADCY3,Tier4_Expanded_Calcium_Associated_732,KEGG_calcium_cAMP,Calcium signaling pathway,KEGG_calcium_cAMP:Calcium signaling pathway
ADCY4,ADCY4,Tier4_Expanded_Calcium_Associated_732,KEGG_calcium_cAMP,Calcium signaling pathway,KEGG_calcium_cAMP:Calcium signaling pathway
ADCY5,ADCY5,Tier4_Expanded_Calcium_Associated_732,KEGG_calcium_cAMP,cGMP-PKG signaling pathway,KEGG_calcium_cAMP:cGMP-PKG signaling pathway
ADCY6,ADCY6,Tier4_Expanded_Calcium_Associated_732,KEGG_calcium_cAMP,cGMP-PKG signaling pathway,KEGG_calcium_cAMP:cGMP-PKG signaling pathway
ADCY7,ADCY7,Tier4_Expanded_Calcium_Associated_732,KEGG_calcium_cAMP,Calcium signaling pathway,KEGG_calcium_cAMP:Calcium signaling pathway
ADCY8,ADCY8,Tier4_Expanded_Calcium_Associated_732,KEGG_calcium_cAMP,Calcium signaling pathway,KEGG_calcium_cAMP:Calcium signaling pathway
ADCY9,ADCY9,Tier4_Expanded_Calcium_Associated_732,KEGG_calcium_cAMP,Calcium signaling pathway,KEGG_calcium_cAMP:Calcium signaling pathway
ADCYAP1,ADCYAP1,Tier4_Expanded_Calcium_Associated_732,KEGG_calcium_cAMP,cAMP signaling pathway,KEGG_calcium_cAMP:cAMP signaling pathway
ADCYAP1R1,ADCYAP1R1,Tier4_Expanded_Calcium_Associated_732,KEGG_calcium_cAMP,cAMP signaling pathway,KEGG_calcium_cAMP:cAMP signaling pathway
ADORA1,ADORA1,Tier4_Expanded_Calcium_Associated_732,KEGG_calcium_cAMP,cGMP-PKG signaling pathway,KEGG_calcium_cAMP:cGMP-PKG signaling pathway
ADORA2A,ADORA2A,Tier4_Expanded_Calcium_Associated_732,KEGG_calcium_cAMP,Calcium signaling pathway,KEGG_calcium_cAMP:Calcium signaling pathway
ADORA2B,ADORA2B,Tier4_Expanded_Calcium_Associated_732,KEGG_calcium_cAMP,Calcium signaling pathway,KEGG_calcium_cAMP:Calcium signaling pathway
ADORA3,ADORA3,Tier4_Expanded_Calcium_Associated_732,KEGG_calcium_cAMP,cGMP-PKG signaling pathway,KEGG_calcium_cAMP:cGMP-PKG signaling pathway
ADRA1A,ADRA1A,Tier4_Expanded_Calcium_Associated_732,KEGG_calcium_cAMP,Calcium signaling pathway,KEGG_calcium_cAMP:Calcium signaling pathway
ADRA1B,ADRA1B,Tier4_Expanded_Calcium_Associated_732,KEGG_calcium_cAMP,Calcium signaling pathway,KEGG_calcium_cAMP:Calcium signaling pathway
ADRA1D,ADRA1D,Tier4_Expanded_Calcium_Associated_732,KEGG_calcium_cAMP,Calcium signaling pathway,KEGG_calcium_cAMP:Calcium signaling pathway
ADRA2A,ADRA2A,Tier4_Expanded_Calcium_Associated_732,KEGG_calcium_cAMP,cGMP-PKG signaling pathway,KEGG_calcium_cAMP:cGMP-PKG signaling pathway
ADRA2B,ADRA2B,Tier4_Expanded_Calcium_Associated_732,KEGG_calcium_cAMP,cGMP-PKG signaling pathway,KEGG_calcium_cAMP:cGMP-PKG signaling pathway
ADRA2C,ADRA2C,Tier4_Expanded_Calcium_Associated_732,KEGG_calcium_cAMP,cGMP-PKG signaling pathway,KEGG_calcium_cAMP:cGMP-PKG signaling pathway
ADRB1,ADRB1,Tier4_Expanded_Calcium_Associated_732,KEGG_calcium_cAMP,Calcium signaling pathway,KEGG_calcium_cAMP:Calcium signaling pathway
ADRB2,ADRB2,Tier4_Expanded_Calcium_Associated_732,KEGG_calcium_cAMP,Calcium signaling pathway,KEGG_calcium_cAMP:Calcium signaling pathway
ADRB3,ADRB3,Tier4_Expanded_Calcium_Associated_732,KEGG_calcium_cAMP,Calcium signaling pathway,KEGG_calcium_cAMP:Calcium signaling pathway
AFDN,AFDN,Tier4_Expanded_Calcium_Associated_732,Categorized_calcium;Galaxy_STAR_calcium;KEGG_calcium_cAMP,Galaxy_STAR_calcium;Other Ca-related;cAMP signaling pathway,Categorized_calcium:Other Ca-related;Galaxy_STAR_calcium:Galaxy_STAR_calcium;KEGG_calcium_cAMP:cAMP signaling pathway
AGTR1,AGTR1,Tier4_Expanded_Calcium_Associated_732,KEGG_calcium_cAMP,Calcium signaling pathway,KEGG_calcium_cAMP:Calcium signaling pathway
AHCYL1,AHCYL1,Tier4_Expanded_Calcium_Associated_732,Categorized_calcium;Galaxy_STAR_calcium,Galaxy_STAR_calcium;Other Ca-related,Categorized_calcium:Other Ca-related;Galaxy_STAR_calcium:Galaxy_STAR_calcium
AKT1,AKT1,Tier4_Expanded_Calcium_Associated_732,KEGG_calcium_cAMP,cGMP-PKG signaling pathway,KEGG_calcium_cAMP:cGMP-PKG signaling pathway
AKT2,AKT2,Tier4_Expanded_Calcium_Associated_732,KEGG_calcium_cAMP,cGMP-PKG signaling pathway,KEGG_calcium_cAMP:cGMP-PKG signaling pathway
AKT3,AKT3,Tier4_Expanded_Calcium_Associated_732,KEGG_calcium_cAMP,cGMP-PKG signaling pathway,KEGG_calcium_cAMP:cGMP-PKG signaling pathway
AMH,AMH,Tier4_Expanded_Calcium_Associated_732,KEGG_calcium_cAMP,cAMP signaling pathway,KEGG_calcium_cAMP:cAMP signaling pathway
ANO1,ANO1,Tier4_Expanded_Calcium_Associated_732,Curated_258,Ca_activated,Curated_258:Ca_activated
ANO2,ANO2,Tier4_Expanded_Calcium_Associated_732,Curated_258,Ca_activated,Curated_258:Ca_activated
ANXA1,ANXA1,Tier4_Expanded_Calcium_Associated_732,Calcium_genes_analysis;Categorized_calcium;Curated_258;Galaxy_STAR_calcium,Annexins;Ca-binding proteins;Calcium_Binding;Galaxy_STAR_calcium,Calcium_genes_analysis:Calcium_Binding;Categorized_calcium:Ca-binding proteins;Curated_258:Annexins;Galaxy_STAR_calcium:Galaxy_STAR_calcium
ANXA10,ANXA10,Tier4_Expanded_Calcium_Associated_732,Calcium_genes_analysis,Calcium_Binding,Calcium_genes_analysis:Calcium_Binding
ANXA11,ANXA11,Tier4_Expanded_Calcium_Associated_732,Calcium_genes_analysis;Curated_258,Annexins;Calcium_Binding,Calcium_genes_analysis:Calcium_Binding;Curated_258:Annexins
ANXA13,ANXA13,Tier4_Expanded_Calcium_Associated_732,Calcium_genes_analysis,Calcium_Binding,Calcium_genes_analysis:Calcium_Binding
ANXA2,ANXA2,Tier4_Expanded_Calcium_Associated_732,Calcium_genes_analysis;Curated_258,Annexins;Calcium_Binding,Calcium_genes_analysis:Calcium_Binding;Curated_258:Annexins
ANXA2R-AS1,ANXA2R-AS1,Tier4_Expanded_Calcium_Associated_732,Categorized_calcium;Galaxy_STAR_calcium,Ca-binding proteins;Galaxy_STAR_calcium,Categorized_calcium:Ca-binding proteins;Galaxy_STAR_calcium:Galaxy_STAR_calcium
ANXA3,ANXA3,Tier4_Expanded_Calcium_Associated_732,Calcium_genes_analysis;Curated_258,Annexins;Calcium_Binding,Calcium_genes_analysis:Calcium_Binding;Curated_258:Annexins
ANXA4,ANXA4,Tier4_Expanded_Calcium_Associated_732,Calcium_genes_analysis;Curated_258,Annexins;Calcium_Binding,Calcium_genes_analysis:Calcium_Binding;Curated_258:Annexins
ANXA5,ANXA5,Tier4_Expanded_Calcium_Associated_732,Calcium_genes_analysis;Curated_258,Annexins;Calcium_Binding,Calcium_genes_analysis:Calcium_Binding;Curated_258:Annexins
ANXA6,ANXA6,Tier4_Expanded_Calcium_Associated_732,Calcium_genes_analysis;Curated_258,Annexins;Calcium_Binding,Calcium_genes_analysis:Calcium_Binding;Curated_258:Annexins
ANXA7,ANXA7,Tier4_Expanded_Calcium_Associated_732,Calcium_genes_analysis;Categorized_calcium;Curated_258;Galaxy_STAR_calcium,Annexins;Ca-binding proteins;Calcium_Binding;Galaxy_STAR_calcium,Calcium_genes_analysis:Calcium_Binding;Categorized_calcium:Ca-binding proteins;Curated_258:Annexins;Galaxy_STAR_calcium:Galaxy_STAR_calcium
ANXA8,ANXA8,Tier4_Expanded_Calcium_Associated_732,Calcium_genes_analysis,Calcium_Binding,Calcium_genes_analysis:Calcium_Binding
ANXA9,ANXA9,Tier4_Expanded_Calcium_Associated_732,Calcium_genes_analysis,Calcium_Binding,Calcium_genes_analysis:Calcium_Binding
AP2M1,AP2M1,Tier4_Expanded_Calcium_Associated_732,Categorized_calcium;Galaxy_STAR_calcium,Galaxy_STAR_calcium;Other Ca-related,Categorized_calcium:Other Ca-related;Galaxy_STAR_calcium:Galaxy_STAR_calcium
ARAP3,ARAP3,Tier4_Expanded_Calcium_Associated_732,Categorized_calcium;Galaxy_STAR_calcium;KEGG_calcium_cAMP,Galaxy_STAR_calcium;Other Ca-related;cAMP signaling pathway,Categorized_calcium:Other Ca-related;Galaxy_STAR_calcium:Galaxy_STAR_calcium;KEGG_calcium_cAMP:cAMP signaling pathway
ARLN,ARLN,Tier4_Expanded_Calcium_Associated_732,KEGG_calcium_cAMP,Calcium signaling pathway,KEGG_calcium_cAMP:Calcium signaling pathway
ASPH,ASPH,Tier4_Expanded_Calcium_Associated_732,Calcium_genes_analysis;Categorized_calcium;Galaxy_STAR_calcium;KEGG_calcium_cAMP,Calcium signaling pathway;ER_Calcium;Galaxy_STAR_calcium;Other Ca-related,Calcium_genes_analysis:ER_Calcium;Categorized_calcium:Other Ca-related;Galaxy_STAR_calcium:Galaxy_STAR_calcium;KEGG_calcium_cAMP:Calcium signaling pathway
ATF2,ATF2,Tier4_Expanded_Calcium_Associated_732,KEGG_calcium_cAMP,cGMP-PKG signaling pathway,KEGG_calcium_cAMP:cGMP-PKG signaling pathway
ATF4,ATF4,Tier4_Expanded_Calcium_Associated_732,Calcium_genes_analysis;KEGG_calcium_cAMP,Calcium_Signaling;cGMP-PKG signaling pathway,Calcium_genes_analysis:Calcium_Signaling;KEGG_calcium_cAMP:cGMP-PKG signaling pathway
ATF6,ATF6,Tier4_Expanded_Calcium_Associated_732,Calcium_genes_analysis,Calcium_Signaling,Calcium_genes_analysis:Calcium_Signaling
ATF6B,ATF6B,Tier4_Expanded_Calcium_Associated_732,KEGG_calcium_cAMP,cGMP-PKG signaling pathway,KEGG_calcium_cAMP:cGMP-PKG signaling pathway
ATP13A1,ATP13A1,Tier4_Expanded_Calcium_Associated_732,Categorized_calcium;Galaxy_STAR_calcium,Galaxy_STAR_calcium;Other Ca-related,Categorized_calcium:Other Ca-related;Galaxy_STAR_calcium:Galaxy_STAR_calcium
ATP13A3,ATP13A3,Tier4_Expanded_Calcium_Associated_732,Categorized_calcium;Galaxy_STAR_calcium,Galaxy_STAR_calcium;Other Ca-related,Categorized_calcium:Other Ca-related;Galaxy_STAR_calcium:Galaxy_STAR_calcium
ATP1A1,ATP1A1,Tier4_Expanded_Calcium_Associated_732,KEGG_calcium_cAMP,cGMP-PKG signaling pathway,KEGG_calcium_cAMP:cGMP-PKG signaling pathway
ATP1A2,ATP1A2,Tier4_Expanded_Calcium_Associated_732,KEGG_calcium_cAMP,cGMP-PKG signaling pathway,KEGG_calcium_cAMP:cGMP-PKG signaling pathway
ATP1A3,ATP1A3,Tier4_Expanded_Calcium_Associated_732,KEGG_calcium_cAMP,cGMP-PKG signaling pathway,KEGG_calcium_cAMP:cGMP-PKG signaling pathway
ATP1A4,ATP1A4,Tier4_Expanded_Calcium_Associated_732,KEGG_calcium_cAMP,cGMP-PKG signaling pathway,KEGG_calcium_cAMP:cGMP-PKG signaling pathway
ATP1B1,ATP1B1,Tier4_Expanded_Calcium_Associated_732,KEGG_calcium_cAMP,cGMP-PKG signaling pathway,KEGG_calcium_cAMP:cGMP-PKG signaling pathway
ATP1B2,ATP1B2,Tier4_Expanded_Calcium_Associated_732,KEGG_calcium_cAMP,cGMP-PKG signaling pathway,KEGG_calcium_cAMP:cGMP-PKG signaling pathway
ATP1B3,ATP1B3,Tier4_Expanded_Calcium_Associated_732,KEGG_calcium_cAMP,cGMP-PKG signaling pathway,KEGG_calcium_cAMP:cGMP-PKG signaling pathway
ATP1B4,ATP1B4,Tier4_Expanded_Calcium_Associated_732,KEGG_calcium_cAMP,cGMP-PKG signaling pathway,KEGG_calcium_cAMP:cGMP-PKG signaling pathway
ATP2A1,ATP2A1,Tier4_Expanded_Calcium_Associated_732,Calcium_genes_analysis;Curated_258;KEGG_calcium_cAMP,Ca_pumps;Calcium signaling pathway;Calcium_Channel,Calcium_genes_analysis:Calcium_Channel;Curated_258:Ca_pumps;KEGG_calcium_cAMP:Calcium signaling pathway
ATP2A2,ATP2A2,Tier4_Expanded_Calcium_Associated_732,Calcium_genes_analysis;Curated_258;KEGG_calcium_cAMP,Ca_pumps;Calcium signaling pathway;Calcium_Channel,Calcium_genes_analysis:Calcium_Channel;Curated_258:Ca_pumps;KEGG_calcium_cAMP:Calcium signaling pathway
ATP2A3,ATP2A3,Tier4_Expanded_Calcium_Associated_732,Calcium_genes_analysis;Curated_258;KEGG_calcium_cAMP,Ca_pumps;Calcium signaling pathway;Calcium_Channel,Calcium_genes_analysis:Calcium_Channel;Curated_258:Ca_pumps;KEGG_calcium_cAMP:Calcium signaling pathway
ATP2B1,ATP2B1,Tier4_Expanded_Calcium_Associated_732,Calcium_genes_analysis;Curated_258;KEGG_calcium_cAMP,Ca_pumps;Calcium signaling pathway;Calcium_Channel,Calcium_genes_analysis:Calcium_Channel;Curated_258:Ca_pumps;KEGG_calcium_cAMP:Calcium signaling pathway
ATP2B2,ATP2B2,Tier4_Expanded_Calcium_Associated_732,Calcium_genes_analysis;Curated_258;KEGG_calcium_cAMP,Ca_pumps;Calcium signaling pathway;Calcium_Channel,Calcium_genes_analysis:Calcium_Channel;Curated_258:Ca_pumps;KEGG_calcium_cAMP:Calcium signaling pathway
ATP2B3,ATP2B3,Tier4_Expanded_Calcium_Associated_732,Calcium_genes_analysis;Curated_258;KEGG_calcium_cAMP,Ca_pumps;Calcium signaling pathway;Calcium_Channel,Calcium_genes_analysis:Calcium_Channel;Curated_258:Ca_pumps;KEGG_calcium_cAMP:Calcium signaling pathway
ATP2B4,ATP2B4,Tier4_Expanded_Calcium_Associated_732,Calcium_genes_analysis;Categorized_calcium;Curated_258;Galaxy_STAR_calcium;KEGG_calcium_cAMP,Ca pumps/exchangers;Ca_pumps;Calcium signaling pathway;Calcium_Channel;Galaxy_STAR_calcium,Calcium_genes_analysis:Calcium_Channel;Categorized_calcium:Ca pumps/exchangers;Curated_258:Ca_pumps;Galaxy_STAR_calcium:Galaxy_STAR_calcium;KEGG_calcium_cAMP:Calcium signaling pathway
ATP2C1,ATP2C1,Tier4_Expanded_Calcium_Associated_732,Calcium_genes_analysis;Curated_258,Ca_pumps;Calcium_Channel,Calcium_genes_analysis:Calcium_Channel;Curated_258:Ca_pumps
ATP2C2,ATP2C2,Tier4_Expanded_Calcium_Associated_732,Calcium_genes_analysis;Curated_258,Ca_pumps;Calcium_Channel,Calcium_genes_analysis:Calcium_Channel;Curated_258:Ca_pumps
AVPR1A,AVPR1A,Tier4_Expanded_Calcium_Associated_732,KEGG_calcium_cAMP,Calcium signaling pathway,KEGG_calcium_cAMP:Calcium signaling pathway
AVPR1B,AVPR1B,Tier4_Expanded_Calcium_Associated_732,KEGG_calcium_cAMP,Calcium signaling pathway,KEGG_calcium_cAMP:Calcium signaling pathway
BAD,BAD,Tier4_Expanded_Calcium_Associated_732,KEGG_calcium_cAMP,cGMP-PKG signaling pathway,KEGG_calcium_cAMP:cGMP-PKG signaling pathway
BDKRB1,BDKRB1,Tier4_Expanded_Calcium_Associated_732,KEGG_calcium_cAMP,Calcium signaling pathway,KEGG_calcium_cAMP:Calcium signaling pathway
BDKRB2,BDKRB2,Tier4_Expanded_Calcium_Associated_732,KEGG_calcium_cAMP,Calcium signaling pathway,KEGG_calcium_cAMP:Calcium signaling pathway
BDNF,BDNF,Tier4_Expanded_Calcium_Associated_732,KEGG_calcium_cAMP,cAMP signaling pathway,KEGG_calcium_cAMP:cAMP signaling pathway
BORCS8-MEF2B,BORCS8-MEF2B,Tier4_Expanded_Calcium_Associated_732,KEGG_calcium_cAMP,cGMP-PKG signaling pathway,KEGG_calcium_cAMP:cGMP-PKG signaling pathway
BRAF,BRAF,Tier4_Expanded_Calcium_Associated_732,Categorized_calcium;Galaxy_STAR_calcium;KEGG_calcium_cAMP,Galaxy_STAR_calcium;Other Ca-related;cAMP signaling pathway,Categorized_calcium:Other Ca-related;Galaxy_STAR_calcium:Galaxy_STAR_calcium;KEGG_calcium_cAMP:cAMP signaling pathway
BVES,BVES,Tier4_Expanded_Calcium_Associated_732,KEGG_calcium_cAMP,cAMP signaling pathway,KEGG_calcium_cAMP:cAMP signaling pathway
CABIN1,CABIN1,Tier4_Expanded_Calcium_Associated_732,Categorized_calcium;Galaxy_STAR_calcium,Calcineurin;Galaxy_STAR_calcium,Categorized_calcium:Calcineurin;Galaxy_STAR_calcium:Galaxy_STAR_calcium
CABP1,CABP1,Tier4_Expanded_Calcium_Associated_732,Calcium_genes_analysis;Curated_258,Ca_sensors;Calcium_Signaling,Calcium_genes_analysis:Calcium_Signaling;Curated_258:Ca_sensors
CABP2,CABP2,Tier4_Expanded_Calcium_Associated_732,Calcium_genes_analysis;Curated_258,Ca_sensors;Calcium_Signaling,Calcium_genes_analysis:Calcium_Signaling;Curated_258:Ca_sensors
CABP4,CABP4,Tier4_Expanded_Calcium_Associated_732,Calcium_genes_analysis;Curated_258,Ca_sensors;Calcium_Signaling,Calcium_genes_analysis:Calcium_Signaling;Curated_258:Ca_sensors
CABP5,CABP5,Tier4_Expanded_Calcium_Associated_732,Calcium_genes_analysis;Curated_258,Ca_sensors;Calcium_Signaling,Calcium_genes_analysis:Calcium_Signaling;Curated_258:Ca_sensors
CABP7,CABP7,Tier4_Expanded_Calcium_Associated_732,Calcium_genes_analysis,Calcium_Signaling,Calcium_genes_analysis:Calcium_Signaling
CACNA1A,CACNA1A,Tier4_Expanded_Calcium_Associated_732,Calcium_genes_analysis;Curated_258;KEGG_calcium_cAMP,Calcium signaling pathway;Calcium_Channel;VGCC,Calcium_genes_analysis:Calcium_Channel;Curated_258:VGCC;KEGG_calcium_cAMP:Calcium signaling pathway
CACNA1B,CACNA1B,Tier4_Expanded_Calcium_Associated_732,Calcium_genes_analysis;Curated_258;KEGG_calcium_cAMP,Calcium signaling pathway;Calcium_Channel;VGCC,Calcium_genes_analysis:Calcium_Channel;Curated_258:VGCC;KEGG_calcium_cAMP:Calcium signaling pathway
CACNA1C,CACNA1C,Tier4_Expanded_Calcium_Associated_732,Calcium_genes_analysis;Curated_258;KEGG_calcium_cAMP,Calcium signaling pathway;Calcium_Channel;VGCC,Calcium_genes_analysis:Calcium_Channel;Curated_258:VGCC;KEGG_calcium_cAMP:Calcium signaling pathway
CACNA1D,CACNA1D,Tier4_Expanded_Calcium_Associated_732,Calcium_genes_analysis;Curated_258;KEGG_calcium_cAMP,Calcium signaling pathway;Calcium_Channel;VGCC,Calcium_genes_analysis:Calcium_Channel;Curated_258:VGCC;KEGG_calcium_cAMP:Calcium signaling pathway
CACNA1E,CACNA1E,Tier4_Expanded_Calcium_Associated_732,Calcium_genes_analysis;Curated_258;KEGG_calcium_cAMP,Calcium signaling pathway;Calcium_Channel;VGCC,Calcium_genes_analysis:Calcium_Channel;Curated_258:VGCC;KEGG_calcium_cAMP:Calcium signaling pathway
CACNA1F,CACNA1F,Tier4_Expanded_Calcium_Associated_732,Calcium_genes_analysis;Curated_258;KEGG_calcium_cAMP,Calcium signaling pathway;Calcium_Channel;VGCC,Calcium_genes_analysis:Calcium_Channel;Curated_258:VGCC;KEGG_calcium_cAMP:Calcium signaling pathway
CACNA1G,CACNA1G,Tier4_Expanded_Calcium_Associated_732,Calcium_genes_analysis;Curated_258;KEGG_calcium_cAMP,Calcium signaling pathway;Calcium_Channel;VGCC,Calcium_genes_analysis:Calcium_Channel;Curated_258:VGCC;KEGG_calcium_cAMP:Calcium signaling pathway
CACNA1H,CACNA1H,Tier4_Expanded_Calcium_Associated_732,Calcium_genes_analysis;Curated_258;KEGG_calcium_cAMP,Calcium signaling pathway;Calcium_Channel;VGCC,Calcium_genes_analysis:Calcium_Channel;Curated_258:VGCC;KEGG_calcium_cAMP:Calcium signaling pathway
CACNA1I,CACNA1I,Tier4_Expanded_Calcium_Associated_732,Calcium_genes_analysis;Curated_258;KEGG_calcium_cAMP,Calcium signaling pathway;Calcium_Channel;VGCC,Calcium_genes_analysis:Calcium_Channel;Curated_258:VGCC;KEGG_calcium_cAMP:Calcium signaling pathway
CACNA1S,CACNA1S,Tier4_Expanded_Calcium_Associated_732,Calcium_genes_analysis;Curated_258;KEGG_calcium_cAMP,Calcium signaling pathway;Calcium_Channel;VGCC,Calcium_genes_analysis:Calcium_Channel;Curated_258:VGCC;KEGG_calcium_cAMP:Calcium signaling pathway
CACNA2D1,CACNA2D1,Tier4_Expanded_Calcium_Associated_732,Calcium_genes_analysis;Curated_258,Calcium_Channel;VGCC,Calcium_genes_analysis:Calcium_Channel;Curated_258:VGCC
CACNA2D2,CACNA2D2,Tier4_Expanded_Calcium_Associated_732,Calcium_genes_analysis;Curated_258,Calcium_Channel;VGCC,Calcium_genes_analysis:Calcium_Channel;Curated_258:VGCC
CACNA2D3,CACNA2D3,Tier4_Expanded_Calcium_Associated_732,Calcium_genes_analysis;Curated_258,Calcium_Channel;VGCC,Calcium_genes_analysis:Calcium_Channel;Curated_258:VGCC
CACNA2D4,CACNA2D4,Tier4_Expanded_Calcium_Associated_732,Calcium_genes_analysis;Curated_258,Calcium_Channel;VGCC,Calcium_genes_analysis:Calcium_Channel;Curated_258:VGCC
CACNB1,CACNB1,Tier4_Expanded_Calcium_Associated_732,Calcium_genes_analysis;Curated_258,Calcium_Channel;VGCC,Calcium_genes_analysis:Calcium_Channel;Curated_258:VGCC
CACNB2,CACNB2,Tier4_Expanded_Calcium_Associated_732,Calcium_genes_analysis;Curated_258,Calcium_Channel;VGCC,Calcium_genes_analysis:Calcium_Channel;Curated_258:VGCC
CACNB3,CACNB3,Tier4_Expanded_Calcium_Associated_732,Calcium_genes_analysis;Curated_258,Calcium_Channel;VGCC,Calcium_genes_analysis:Calcium_Channel;Curated_258:VGCC
CACNB4,CACNB4,Tier4_Expanded_Calcium_Associated_732,Calcium_genes_analysis;Curated_258,Calcium_Channel;VGCC,Calcium_genes_analysis:Calcium_Channel;Curated_258:VGCC
CACNG1,CACNG1,Tier4_Expanded_Calcium_Associated_732,Calcium_genes_analysis;Curated_258,Calcium_Channel;VGCC,Calcium_genes_analysis:Calcium_Channel;Curated_258:VGCC
CACNG2,CACNG2,Tier4_Expanded_Calcium_Associated_732,Calcium_genes_analysis;Curated_258,Calcium_Channel;VGCC,Calcium_genes_analysis:Calcium_Channel;Curated_258:VGCC
CACNG3,CACNG3,Tier4_Expanded_Calcium_Associated_732,Calcium_genes_analysis;Curated_258,Calcium_Channel;VGCC,Calcium_genes_analysis:Calcium_Channel;Curated_258:VGCC
CACNG4,CACNG4,Tier4_Expanded_Calcium_Associated_732,Calcium_genes_analysis;Curated_258,Calcium_Channel;VGCC,Calcium_genes_analysis:Calcium_Channel;Curated_258:VGCC
CACNG5,CACNG5,Tier4_Expanded_Calcium_Associated_732,Calcium_genes_analysis;Curated_258,Calcium_Channel;VGCC,Calcium_genes_analysis:Calcium_Channel;Curated_258:VGCC
CACNG6,CACNG6,Tier4_Expanded_Calcium_Associated_732,Calcium_genes_analysis;Curated_258,Calcium_Channel;VGCC,Calcium_genes_analysis:Calcium_Channel;Curated_258:VGCC
CACNG7,CACNG7,Tier4_Expanded_Calcium_Associated_732,Calcium_genes_analysis;Curated_258,Calcium_Channel;VGCC,Calcium_genes_analysis:Calcium_Channel;Curated_258:VGCC
CACNG8,CACNG8,Tier4_Expanded_Calcium_Associated_732,Calcium_genes_analysis;Curated_258,Calcium_Channel;VGCC,Calcium_genes_analysis:Calcium_Channel;Curated_258:VGCC
CALB1,CALB1,Tier4_Expanded_Calcium_Associated_732,Calcium_genes_analysis;Curated_258,Ca_sensors;Calcium_Binding,Calcium_genes_analysis:Calcium_Binding;Curated_258:Ca_sensors
CALB2,CALB2,Tier4_Expanded_Calcium_Associated_732,Calcium_genes_analysis;Curated_258,Ca_sensors;Calcium_Binding,Calcium_genes_analysis:Calcium_Binding;Curated_258:Ca_sensors
CALBINDIN,CALBINDIN,Tier4_Expanded_Calcium_Associated_732,Calcium_genes_analysis,Calcium_Binding,Calcium_genes_analysis:Calcium_Binding
CALHM1,CALHM1,Tier4_Expanded_Calcium_Associated_732,Curated_258,SOCE_modulators,Curated_258:SOCE_modulators
CALHM2,CALHM2,Tier4_Expanded_Calcium_Associated_732,Curated_258,SOCE_modulators,Curated_258:SOCE_modulators
CALM1,CALM1,Tier4_Expanded_Calcium_Associated_732,Calcium_genes_analysis;Curated_258;KEGG_calcium_cAMP,CaM_CaMK;Calcium signaling pathway;Calcium_Binding,Calcium_genes_analysis:Calcium_Binding;Curated_258:CaM_CaMK;KEGG_calcium_cAMP:Calcium signaling pathway
CALM2,CALM2,Tier4_Expanded_Calcium_Associated_732,Calcium_genes_analysis;Curated_258;KEGG_calcium_cAMP,CaM_CaMK;Calcium signaling pathway;Calcium_Binding,Calcium_genes_analysis:Calcium_Binding;Curated_258:CaM_CaMK;KEGG_calcium_cAMP:Calcium signaling pathway
CALM3,CALM3,Tier4_Expanded_Calcium_Associated_732,Calcium_genes_analysis;Categorized_calcium;Curated_258;Galaxy_STAR_calcium;KEGG_calcium_cAMP,CaM_CaMK;Calcium signaling pathway;Calcium_Binding;Calmodulin/CaMK;Galaxy_STAR_calcium,Calcium_genes_analysis:Calcium_Binding;Categorized_calcium:Calmodulin/CaMK;Curated_258:CaM_CaMK;Galaxy_STAR_calcium:Galaxy_STAR_calcium;KEGG_calcium_cAMP:Calcium signaling pathway
CALML3,CALML3,Tier4_Expanded_Calcium_Associated_732,Calcium_genes_analysis;Curated_258;KEGG_calcium_cAMP,CaM_CaMK;Calcium signaling pathway;Calcium_Binding,Calcium_genes_analysis:Calcium_Binding;Curated_258:CaM_CaMK;KEGG_calcium_cAMP:Calcium signaling pathway
CALML4,CALML4,Tier4_Expanded_Calcium_Associated_732,Calcium_genes_analysis;Curated_258;KEGG_calcium_cAMP,CaM_CaMK;Calcium signaling pathway;Calcium_Binding,Calcium_genes_analysis:Calcium_Binding;Curated_258:CaM_CaMK;KEGG_calcium_cAMP:Calcium signaling pathway
CALML5,CALML5,Tier4_Expanded_Calcium_Associated_732,Calcium_genes_analysis;Curated_258;KEGG_calcium_cAMP,CaM_CaMK;Calcium signaling pathway;Calcium_Binding,Calcium_genes_analysis:Calcium_Binding;Curated_258:CaM_CaMK;KEGG_calcium_cAMP:Calcium signaling pathway
CALML6,CALML6,Tier4_Expanded_Calcium_Associated_732,Calcium_genes_analysis;Curated_258;KEGG_calcium_cAMP,CaM_CaMK;Calcium signaling pathway;Calcium_Binding,Calcium_genes_analysis:Calcium_Binding;Curated_258:CaM_CaMK;KEGG_calcium_cAMP:Calcium signaling pathway
CALN1,CALN1,Tier4_Expanded_Calcium_Associated_732,Calcium_genes_analysis,Calcium_Binding,Calcium_genes_analysis:Calcium_Binding
CALNEXIN,CALNEXIN,Tier4_Expanded_Calcium_Associated_732,Calcium_genes_analysis,ER_Calcium,Calcium_genes_analysis:ER_Calcium
CALR,CALR,Tier4_Expanded_Calcium_Associated_732,Calcium_genes_analysis;Categorized_calcium;Curated_258;Galaxy_STAR_calcium,Ca-binding proteins;Ca_sensors;Calcium_Binding;Galaxy_STAR_calcium,Calcium_genes_analysis:Calcium_Binding;Categorized_calcium:Ca-binding proteins;Curated_258:Ca_sensors;Galaxy_STAR_calcium:Galaxy_STAR_calcium
CALRETICULIN,CALRETICULIN,Tier4_Expanded_Calcium_Associated_732,Calcium_genes_analysis,ER_Calcium,Calcium_genes_analysis:ER_Calcium
CALU,CALU,Tier4_Expanded_Calcium_Associated_732,Calcium_genes_analysis,Calcium_Binding,Calcium_genes_analysis:Calcium_Binding
CAMK1,CAMK1,Tier4_Expanded_Calcium_Associated_732,Calcium_genes_analysis;Curated_258;KEGG_calcium_cAMP,CaM_CaMK;Calcium signaling pathway;Calcium_Signaling,Calcium_genes_analysis:Calcium_Signaling;Curated_258:CaM_CaMK;KEGG_calcium_cAMP:Calcium signaling pathway
CAMK1D,CAMK1D,Tier4_Expanded_Calcium_Associated_732,Calcium_genes_analysis;Curated_258;KEGG_calcium_cAMP,CaM_CaMK;Calcium signaling pathway;Calcium_Signaling,Calcium_genes_analysis:Calcium_Signaling;Curated_258:CaM_CaMK;KEGG_calcium_cAMP:Calcium signaling pathway
CAMK1G,CAMK1G,Tier4_Expanded_Calcium_Associated_732,Calcium_genes_analysis;Curated_258;KEGG_calcium_cAMP,CaM_CaMK;Calcium signaling pathway;Calcium_Signaling,Calcium_genes_analysis:Calcium_Signaling;Curated_258:CaM_CaMK;KEGG_calcium_cAMP:Calcium signaling pathway
CAMK2A,CAMK2A,Tier4_Expanded_Calcium_Associated_732,Calcium_genes_analysis;Curated_258;KEGG_calcium_cAMP,CaM_CaMK;Calcium signaling pathway;Calcium_Signaling,Calcium_genes_analysis:Calcium_Signaling;Curated_258:CaM_CaMK;KEGG_calcium_cAMP:Calcium signaling pathway
CAMK2B,CAMK2B,Tier4_Expanded_Calcium_Associated_732,Calcium_genes_analysis;Curated_258;KEGG_calcium_cAMP,CaM_CaMK;Calcium signaling pathway;Calcium_Signaling,Calcium_genes_analysis:Calcium_Signaling;Curated_258:CaM_CaMK;KEGG_calcium_cAMP:Calcium signaling pathway
CAMK2D,CAMK2D,Tier4_Expanded_Calcium_Associated_732,Calcium_genes_analysis;Curated_258;KEGG_calcium_cAMP,CaM_CaMK;Calcium signaling pathway;Calcium_Signaling,Calcium_genes_analysis:Calcium_Signaling;Curated_258:CaM_CaMK;KEGG_calcium_cAMP:Calcium signaling pathway
CAMK2G,CAMK2G,Tier4_Expanded_Calcium_Associated_732,Calcium_genes_analysis;Categorized_calcium;Curated_258;Galaxy_STAR_calcium;KEGG_calcium_cAMP,CaM_CaMK;Calcium signaling pathway;Calcium_Signaling;Calmodulin/CaMK;Galaxy_STAR_calcium,Calcium_genes_analysis:Calcium_Signaling;Categorized_calcium:Calmodulin/CaMK;Curated_258:CaM_CaMK;Galaxy_STAR_calcium:Galaxy_STAR_calcium;KEGG_calcium_cAMP:Calcium signaling pathway
CAMK4,CAMK4,Tier4_Expanded_Calcium_Associated_732,Calcium_genes_analysis;Curated_258;KEGG_calcium_cAMP,CaM_CaMK;Calcium signaling pathway;Calcium_Signaling,Calcium_genes_analysis:Calcium_Signaling;Curated_258:CaM_CaMK;KEGG_calcium_cAMP:Calcium signaling pathway
CAMKK1,CAMKK1,Tier4_Expanded_Calcium_Associated_732,Calcium_genes_analysis;Categorized_calcium;Curated_258;Galaxy_STAR_calcium,CaM_CaMK;Calcium_Signaling;Calmodulin/CaMK;Galaxy_STAR_calcium,Calcium_genes_analysis:Calcium_Signaling;Categorized_calcium:Calmodulin/CaMK;Curated_258:CaM_CaMK;Galaxy_STAR_calcium:Galaxy_STAR_calcium
CAMKK2,CAMKK2,Tier4_Expanded_Calcium_Associated_732,Calcium_genes_analysis;Categorized_calcium;Curated_258;Galaxy_STAR_calcium,CaM_CaMK;Calcium_Signaling;Calmodulin/CaMK;Galaxy_STAR_calcium,Calcium_genes_analysis:Calcium_Signaling;Categorized_calcium:Calmodulin/CaMK;Curated_258:CaM_CaMK;Galaxy_STAR_calcium:Galaxy_STAR_calcium
CAMKMT,CAMKMT,Tier4_Expanded_Calcium_Associated_732,Categorized_calcium;Galaxy_STAR_calcium,Calmodulin/CaMK;Galaxy_STAR_calcium,Categorized_calcium:Calmodulin/CaMK;Galaxy_STAR_calcium:Galaxy_STAR_calcium
CANX,CANX,Tier4_Expanded_Calcium_Associated_732,Calcium_genes_analysis;Categorized_calcium;Galaxy_STAR_calcium,Ca-binding proteins;Calcium_Binding;Galaxy_STAR_calcium,Calcium_genes_analysis:Calcium_Binding;Categorized_calcium:Ca-binding proteins;Galaxy_STAR_calcium:Galaxy_STAR_calcium
CAPN1,CAPN1,Tier4_Expanded_Calcium_Associated_732,Curated_258,Calpains,Curated_258:Calpains
CAPN10,CAPN10,Tier4_Expanded_Calcium_Associated_732,Curated_258,Calpains,Curated_258:Calpains
CAPN15,CAPN15,Tier4_Expanded_Calcium_Associated_732,Curated_258,Calpains,Curated_258:Calpains
CAPN2,CAPN2,Tier4_Expanded_Calcium_Associated_732,Curated_258,Calpains,Curated_258:Calpains
CAPN3,CAPN3,Tier4_Expanded_Calcium_Associated_732,Curated_258,Calpains,Curated_258:Calpains
CAPN5,CAPN5,Tier4_Expanded_Calcium_Associated_732,Curated_258,Calpains,Curated_258:Calpains
CAPN7,CAPN7,Tier4_Expanded_Calcium_Associated_732,Categorized_calcium;Curated_258;Galaxy_STAR_calcium,Calpains;Galaxy_STAR_calcium,Categorized_calcium:Calpains;Curated_258:Calpains;Galaxy_STAR_calcium:Galaxy_STAR_calcium
CAPN9,CAPN9,Tier4_Expanded_Calcium_Associated_732,Curated_258,Calpains,Curated_258:Calpains
CAPNS1,CAPNS1,Tier4_Expanded_Calcium_Associated_732,Curated_258,Calpains,Curated_258:Calpains
CASQ1,CASQ1,Tier4_Expanded_Calcium_Associated_732,Calcium_genes_analysis;Curated_258;KEGG_calcium_cAMP,Calcium signaling pathway;ER_Calcium;Junctional,Calcium_genes_analysis:ER_Calcium;Curated_258:Junctional;KEGG_calcium_cAMP:Calcium signaling pathway
CASQ2,CASQ2,Tier4_Expanded_Calcium_Associated_732,Calcium_genes_analysis;Curated_258;KEGG_calcium_cAMP,Calcium signaling pathway;ER_Calcium;Junctional,Calcium_genes_analysis:ER_Calcium;Curated_258:Junctional;KEGG_calcium_cAMP:Calcium signaling pathway
CAST,CAST,Tier4_Expanded_Calcium_Associated_732,Categorized_calcium;Galaxy_STAR_calcium,Calpains;Galaxy_STAR_calcium,Categorized_calcium:Calpains;Galaxy_STAR_calcium:Galaxy_STAR_calcium
CBARP,CBARP,Tier4_Expanded_Calcium_Associated_732,Curated_258,SOCE_modulators,Curated_258:SOCE_modulators
CCDC47,CCDC47,Tier4_Expanded_Calcium_Associated_732,Categorized_calcium;Galaxy_STAR_calcium,Galaxy_STAR_calcium;Other Ca-related,Categorized_calcium:Other Ca-related;Galaxy_STAR_calcium:Galaxy_STAR_calcium
CCKAR,CCKAR,Tier4_Expanded_Calcium_Associated_732,KEGG_calcium_cAMP,Calcium signaling pathway,KEGG_calcium_cAMP:Calcium signaling pathway
CCKBR,CCKBR,Tier4_Expanded_Calcium_Associated_732,KEGG_calcium_cAMP,Calcium signaling pathway,KEGG_calcium_cAMP:Calcium signaling pathway
CD38,CD38,Tier4_Expanded_Calcium_Associated_732,KEGG_calcium_cAMP,Calcium signaling pathway,KEGG_calcium_cAMP:Calcium signaling pathway
CETN1,CETN1,Tier4_Expanded_Calcium_Associated_732,Curated_258,Ca_sensors,Curated_258:Ca_sensors
CETN2,CETN2,Tier4_Expanded_Calcium_Associated_732,Curated_258,Ca_sensors,Curated_258:Ca_sensors
CETN3,CETN3,Tier4_Expanded_Calcium_Associated_732,Curated_258,Ca_sensors,Curated_258:Ca_sensors
CFTR,CFTR,Tier4_Expanded_Calcium_Associated_732,KEGG_calcium_cAMP,cAMP signaling pathway,KEGG_calcium_cAMP:cAMP signaling pathway
CGA,CGA,Tier4_Expanded_Calcium_Associated_732,KEGG_calcium_cAMP,cAMP signaling pathway,KEGG_calcium_cAMP:cAMP signaling pathway
CHERP,CHERP,Tier4_Expanded_Calcium_Associated_732,Curated_258,SOCE_modulators,Curated_258:SOCE_modulators
CHRFAM7A,CHRFAM7A,Tier4_Expanded_Calcium_Associated_732,KEGG_calcium_cAMP,Calcium signaling pathway,KEGG_calcium_cAMP:Calcium signaling pathway
CHRM1,CHRM1,Tier4_Expanded_Calcium_Associated_732,KEGG_calcium_cAMP,Calcium signaling pathway,KEGG_calcium_cAMP:Calcium signaling pathway
CHRM2,CHRM2,Tier4_Expanded_Calcium_Associated_732,KEGG_calcium_cAMP,Calcium signaling pathway,KEGG_calcium_cAMP:Calcium signaling pathway
CHRM3,CHRM3,Tier4_Expanded_Calcium_Associated_732,KEGG_calcium_cAMP,Calcium signaling pathway,KEGG_calcium_cAMP:Calcium signaling pathway
CHRM5,CHRM5,Tier4_Expanded_Calcium_Associated_732,KEGG_calcium_cAMP,Calcium signaling pathway,KEGG_calcium_cAMP:Calcium signaling pathway
CHRNA7,CHRNA7,Tier4_Expanded_Calcium_Associated_732,KEGG_calcium_cAMP,Calcium signaling pathway,KEGG_calcium_cAMP:Calcium signaling pathway
CLDN15,CLDN15,Tier4_Expanded_Calcium_Associated_732,Categorized_calcium;Galaxy_STAR_calcium,Galaxy_STAR_calcium;Other Ca-related,Categorized_calcium:Other Ca-related;Galaxy_STAR_calcium:Galaxy_STAR_calcium
CLN3,CLN3,Tier4_Expanded_Calcium_Associated_732,Categorized_calcium;Galaxy_STAR_calcium,Galaxy_STAR_calcium;Other Ca-related,Categorized_calcium:Other Ca-related;Galaxy_STAR_calcium:Galaxy_STAR_calcium
CNGA1,CNGA1,Tier4_Expanded_Calcium_Associated_732,KEGG_calcium_cAMP,cGMP-PKG signaling pathway,KEGG_calcium_cAMP:cGMP-PKG signaling pathway
CNGA2,CNGA2,Tier4_Expanded_Calcium_Associated_732,KEGG_calcium_cAMP,cAMP signaling pathway,KEGG_calcium_cAMP:cAMP signaling pathway
CNGA3,CNGA3,Tier4_Expanded_Calcium_Associated_732,KEGG_calcium_cAMP,cAMP signaling pathway,KEGG_calcium_cAMP:cAMP signaling pathway
CNGA4,CNGA4,Tier4_Expanded_Calcium_Associated_732,KEGG_calcium_cAMP,cAMP signaling pathway,KEGG_calcium_cAMP:cAMP signaling pathway
CNGB1,CNGB1,Tier4_Expanded_Calcium_Associated_732,KEGG_calcium_cAMP,cGMP-PKG signaling pathway,KEGG_calcium_cAMP:cGMP-PKG signaling pathway
CNGB3,CNGB3,Tier4_Expanded_Calcium_Associated_732,KEGG_calcium_cAMP,cAMP signaling pathway,KEGG_calcium_cAMP:cAMP signaling pathway
COX7B,COX7B,Tier4_Expanded_Calcium_Associated_732,Categorized_calcium;Galaxy_STAR_calcium,Galaxy_STAR_calcium;Other Ca-related,Categorized_calcium:Other Ca-related;Galaxy_STAR_calcium:Galaxy_STAR_calcium
CPNE7,CPNE7,Tier4_Expanded_Calcium_Associated_732,Categorized_calcium;Galaxy_STAR_calcium,Galaxy_STAR_calcium;Other Ca-related,Categorized_calcium:Other Ca-related;Galaxy_STAR_calcium:Galaxy_STAR_calcium
CRACR2A,CRACR2A,Tier4_Expanded_Calcium_Associated_732,Curated_258;SOCE_core_manual,SOCE_core,Curated_258:SOCE_core;SOCE_core_manual:SOCE_core
CRACR2B,CRACR2B,Tier4_Expanded_Calcium_Associated_732,Curated_258;SOCE_core_manual,SOCE_core,Curated_258:SOCE_core;SOCE_core_manual:SOCE_core
CREB1,CREB1,Tier4_Expanded_Calcium_Associated_732,Calcium_genes_analysis;Categorized_calcium;Galaxy_STAR_calcium;KEGG_calcium_cAMP,Calcium_Signaling;Galaxy_STAR_calcium;Other Ca-related;cGMP-PKG signaling pathway,Calcium_genes_analysis:Calcium_Signaling;Categorized_calcium:Other Ca-related;Galaxy_STAR_calcium:Galaxy_STAR_calcium;KEGG_calcium_cAMP:cGMP-PKG signaling pathway
CREB3,CREB3,Tier4_Expanded_Calcium_Associated_732,Calcium_genes_analysis;KEGG_calcium_cAMP,Calcium_Signaling;cGMP-PKG signaling pathway,Calcium_genes_analysis:Calcium_Signaling;KEGG_calcium_cAMP:cGMP-PKG signaling pathway
CREB3L1,CREB3L1,Tier4_Expanded_Calcium_Associated_732,KEGG_calcium_cAMP,cGMP-PKG signaling pathway,KEGG_calcium_cAMP:cGMP-PKG signaling pathway
CREB3L2,CREB3L2,Tier4_Expanded_Calcium_Associated_732,KEGG_calcium_cAMP,cGMP-PKG signaling pathway,KEGG_calcium_cAMP:cGMP-PKG signaling pathway
CREB3L3,CREB3L3,Tier4_Expanded_Calcium_Associated_732,KEGG_calcium_cAMP,cGMP-PKG signaling pathway,KEGG_calcium_cAMP:cGMP-PKG signaling pathway
CREB3L4,CREB3L4,Tier4_Expanded_Calcium_Associated_732,Categorized_calcium;Galaxy_STAR_calcium;KEGG_calcium_cAMP,Galaxy_STAR_calcium;Other Ca-related;cGMP-PKG signaling pathway,Categorized_calcium:Other Ca-related;Galaxy_STAR_calcium:Galaxy_STAR_calcium;KEGG_calcium_cAMP:cGMP-PKG signaling pathway
CREB5,CREB5,Tier4_Expanded_Calcium_Associated_732,Calcium_genes_analysis;KEGG_calcium_cAMP,Calcium_Signaling;cGMP-PKG signaling pathway,Calcium_genes_analysis:Calcium_Signaling;KEGG_calcium_cAMP:cGMP-PKG signaling pathway
CREBBP,CREBBP,Tier4_Expanded_Calcium_Associated_732,Categorized_calcium;Galaxy_STAR_calcium;KEGG_calcium_cAMP,Galaxy_STAR_calcium;Other Ca-related;cAMP signaling pathway,Categorized_calcium:Other Ca-related;Galaxy_STAR_calcium:Galaxy_STAR_calcium;KEGG_calcium_cAMP:cAMP signaling pathway
CRH,CRH,Tier4_Expanded_Calcium_Associated_732,KEGG_calcium_cAMP,cAMP signaling pathway,KEGG_calcium_cAMP:cAMP signaling pathway
CRHR1,CRHR1,Tier4_Expanded_Calcium_Associated_732,KEGG_calcium_cAMP,cAMP signaling pathway,KEGG_calcium_cAMP:cAMP signaling pathway
CRHR2,CRHR2,Tier4_Expanded_Calcium_Associated_732,KEGG_calcium_cAMP,cAMP signaling pathway,KEGG_calcium_cAMP:cAMP signaling pathway
CTNNB1,CTNNB1,Tier4_Expanded_Calcium_Associated_732,Categorized_calcium;Galaxy_STAR_calcium,Galaxy_STAR_calcium;Other Ca-related,Categorized_calcium:Other Ca-related;Galaxy_STAR_calcium:Galaxy_STAR_calcium
CXCR4,CXCR4,Tier4_Expanded_Calcium_Associated_732,KEGG_calcium_cAMP,Calcium signaling pathway,KEGG_calcium_cAMP:Calcium signaling pathway
CYSLTR1,CYSLTR1,Tier4_Expanded_Calcium_Associated_732,KEGG_calcium_cAMP,Calcium signaling pathway,KEGG_calcium_cAMP:Calcium signaling pathway
CYSLTR2,CYSLTR2,Tier4_Expanded_Calcium_Associated_732,KEGG_calcium_cAMP,Calcium signaling pathway,KEGG_calcium_cAMP:Calcium signaling pathway
D2HGDH,D2HGDH,Tier4_Expanded_Calcium_Associated_732,Categorized_calcium;Galaxy_STAR_calcium,Galaxy_STAR_calcium;Other Ca-related,Categorized_calcium:Other Ca-related;Galaxy_STAR_calcium:Galaxy_STAR_calcium
DIAPH1,DIAPH1,Tier4_Expanded_Calcium_Associated_732,Categorized_calcium;Galaxy_STAR_calcium,Galaxy_STAR_calcium;Other Ca-related,Categorized_calcium:Other Ca-related;Galaxy_STAR_calcium:Galaxy_STAR_calcium
DMPK,DMPK,Tier4_Expanded_Calcium_Associated_732,Categorized_calcium;Galaxy_STAR_calcium,Galaxy_STAR_calcium;Other Ca-related,Categorized_calcium:Other Ca-related;Galaxy_STAR_calcium:Galaxy_STAR_calcium
DMTN,DMTN,Tier4_Expanded_Calcium_Associated_732,Categorized_calcium;Galaxy_STAR_calcium,Galaxy_STAR_calcium;Other Ca-related,Categorized_calcium:Other Ca-related;Galaxy_STAR_calcium:Galaxy_STAR_calcium
DNM2,DNM2,Tier4_Expanded_Calcium_Associated_732,Categorized_calcium;Galaxy_STAR_calcium,Galaxy_STAR_calcium;Other Ca-related,Categorized_calcium:Other Ca-related;Galaxy_STAR_calcium:Galaxy_STAR_calcium
DRD1,DRD1,Tier4_Expanded_Calcium_Associated_732,KEGG_calcium_cAMP,Calcium signaling pathway,KEGG_calcium_cAMP:Calcium signaling pathway
DRD2,DRD2,Tier4_Expanded_Calcium_Associated_732,KEGG_calcium_cAMP,cAMP signaling pathway,KEGG_calcium_cAMP:cAMP signaling pathway
DRD5,DRD5,Tier4_Expanded_Calcium_Associated_732,KEGG_calcium_cAMP,Calcium signaling pathway,KEGG_calcium_cAMP:Calcium signaling pathway
EDN1,EDN1,Tier4_Expanded_Calcium_Associated_732,KEGG_calcium_cAMP,cAMP signaling pathway,KEGG_calcium_cAMP:cAMP signaling pathway
EDN2,EDN2,Tier4_Expanded_Calcium_Associated_732,KEGG_calcium_cAMP,cAMP signaling pathway,KEGG_calcium_cAMP:cAMP signaling pathway
EDN3,EDN3,Tier4_Expanded_Calcium_Associated_732,KEGG_calcium_cAMP,cAMP signaling pathway,KEGG_calcium_cAMP:cAMP signaling pathway
EDNRA,EDNRA,Tier4_Expanded_Calcium_Associated_732,KEGG_calcium_cAMP,Calcium signaling pathway,KEGG_calcium_cAMP:Calcium signaling pathway
EDNRB,EDNRB,Tier4_Expanded_Calcium_Associated_732,KEGG_calcium_cAMP,Calcium signaling pathway,KEGG_calcium_cAMP:Calcium signaling pathway
EFCAB11,EFCAB11,Tier4_Expanded_Calcium_Associated_732,Categorized_calcium;Galaxy_STAR_calcium,Ca-binding proteins;Galaxy_STAR_calcium,Categorized_calcium:Ca-binding proteins;Galaxy_STAR_calcium:Galaxy_STAR_calcium
EFHD2,EFHD2,Tier4_Expanded_Calcium_Associated_732,Curated_258,Ca_sensors,Curated_258:Ca_sensors
EGF,EGF,Tier4_Expanded_Calcium_Associated_732,KEGG_calcium_cAMP,Calcium signaling pathway,KEGG_calcium_cAMP:Calcium signaling pathway
EGFR,EGFR,Tier4_Expanded_Calcium_Associated_732,KEGG_calcium_cAMP,Calcium signaling pathway,KEGG_calcium_cAMP:Calcium signaling pathway
EMRE,EMRE,Tier4_Expanded_Calcium_Associated_732,Calcium_genes_analysis,Mitochondrial_Calcium,Calcium_genes_analysis:Mitochondrial_Calcium
EP300,EP300,Tier4_Expanded_Calcium_Associated_732,KEGG_calcium_cAMP,cAMP signaling pathway,KEGG_calcium_cAMP:cAMP signaling pathway
EPB41,EPB41,Tier4_Expanded_Calcium_Associated_732,Categorized_calcium;Galaxy_STAR_calcium,Galaxy_STAR_calcium;Other Ca-related,Categorized_calcium:Other Ca-related;Galaxy_STAR_calcium:Galaxy_STAR_calcium
ERBB2,ERBB2,Tier4_Expanded_Calcium_Associated_732,KEGG_calcium_cAMP,Calcium signaling pathway,KEGG_calcium_cAMP:Calcium signaling pathway
ERBB3,ERBB3,Tier4_Expanded_Calcium_Associated_732,KEGG_calcium_cAMP,Calcium signaling pathway,KEGG_calcium_cAMP:Calcium signaling pathway
ERBB4,ERBB4,Tier4_Expanded_Calcium_Associated_732,KEGG_calcium_cAMP,Calcium signaling pathway,KEGG_calcium_cAMP:Calcium signaling pathway
ERLN,ERLN,Tier4_Expanded_Calcium_Associated_732,KEGG_calcium_cAMP,Calcium signaling pathway,KEGG_calcium_cAMP:Calcium signaling pathway
ESYT1,ESYT1,Tier4_Expanded_Calcium_Associated_732,Curated_258,SOCE_modulators,Curated_258:SOCE_modulators
ESYT2,ESYT2,Tier4_Expanded_Calcium_Associated_732,Curated_258,SOCE_modulators,Curated_258:SOCE_modulators
ESYT3,ESYT3,Tier4_Expanded_Calcium_Associated_732,Curated_258,SOCE_modulators,Curated_258:SOCE_modulators
F2R,F2R,Tier4_Expanded_Calcium_Associated_732,KEGG_calcium_cAMP,Calcium signaling pathway,KEGG_calcium_cAMP:Calcium signaling pathway
FFAR2,FFAR2,Tier4_Expanded_Calcium_Associated_732,KEGG_calcium_cAMP,cAMP signaling pathway,KEGG_calcium_cAMP:cAMP signaling pathway
FGF1,FGF1,Tier4_Expanded_Calcium_Associated_732,KEGG_calcium_cAMP,Calcium signaling pathway,KEGG_calcium_cAMP:Calcium signaling pathway
FGF10,FGF10,Tier4_Expanded_Calcium_Associated_732,KEGG_calcium_cAMP,Calcium signaling pathway,KEGG_calcium_cAMP:Calcium signaling pathway
FGF16,FGF16,Tier4_Expanded_Calcium_Associated_732,KEGG_calcium_cAMP,Calcium signaling pathway,KEGG_calcium_cAMP:Calcium signaling pathway
FGF17,FGF17,Tier4_Expanded_Calcium_Associated_732,KEGG_calcium_cAMP,Calcium signaling pathway,KEGG_calcium_cAMP:Calcium signaling pathway
FGF18,FGF18,Tier4_Expanded_Calcium_Associated_732,KEGG_calcium_cAMP,Calcium signaling pathway,KEGG_calcium_cAMP:Calcium signaling pathway
FGF19,FGF19,Tier4_Expanded_Calcium_Associated_732,KEGG_calcium_cAMP,Calcium signaling pathway,KEGG_calcium_cAMP:Calcium signaling pathway
FGF2,FGF2,Tier4_Expanded_Calcium_Associated_732,KEGG_calcium_cAMP,Calcium signaling pathway,KEGG_calcium_cAMP:Calcium signaling pathway
FGF20,FGF20,Tier4_Expanded_Calcium_Associated_732,KEGG_calcium_cAMP,Calcium signaling pathway,KEGG_calcium_cAMP:Calcium signaling pathway
FGF21,FGF21,Tier4_Expanded_Calcium_Associated_732,KEGG_calcium_cAMP,Calcium signaling pathway,KEGG_calcium_cAMP:Calcium signaling pathway
FGF22,FGF22,Tier4_Expanded_Calcium_Associated_732,KEGG_calcium_cAMP,Calcium signaling pathway,KEGG_calcium_cAMP:Calcium signaling pathway
FGF23,FGF23,Tier4_Expanded_Calcium_Associated_732,KEGG_calcium_cAMP,Calcium signaling pathway,KEGG_calcium_cAMP:Calcium signaling pathway
FGF3,FGF3,Tier4_Expanded_Calcium_Associated_732,KEGG_calcium_cAMP,Calcium signaling pathway,KEGG_calcium_cAMP:Calcium signaling pathway
FGF4,FGF4,Tier4_Expanded_Calcium_Associated_732,KEGG_calcium_cAMP,Calcium signaling pathway,KEGG_calcium_cAMP:Calcium signaling pathway
FGF5,FGF5,Tier4_Expanded_Calcium_Associated_732,KEGG_calcium_cAMP,Calcium signaling pathway,KEGG_calcium_cAMP:Calcium signaling pathway
FGF6,FGF6,Tier4_Expanded_Calcium_Associated_732,KEGG_calcium_cAMP,Calcium signaling pathway,KEGG_calcium_cAMP:Calcium signaling pathway
FGF7,FGF7,Tier4_Expanded_Calcium_Associated_732,KEGG_calcium_cAMP,Calcium signaling pathway,KEGG_calcium_cAMP:Calcium signaling pathway
FGF8,FGF8,Tier4_Expanded_Calcium_Associated_732,KEGG_calcium_cAMP,Calcium signaling pathway,KEGG_calcium_cAMP:Calcium signaling pathway
FGF9,FGF9,Tier4_Expanded_Calcium_Associated_732,KEGG_calcium_cAMP,Calcium signaling pathway,KEGG_calcium_cAMP:Calcium signaling pathway
FGFR1,FGFR1,Tier4_Expanded_Calcium_Associated_732,KEGG_calcium_cAMP,Calcium signaling pathway,KEGG_calcium_cAMP:Calcium signaling pathway
FGFR2,FGFR2,Tier4_Expanded_Calcium_Associated_732,KEGG_calcium_cAMP,Calcium signaling pathway,KEGG_calcium_cAMP:Calcium signaling pathway
FGFR3,FGFR3,Tier4_Expanded_Calcium_Associated_732,KEGG_calcium_cAMP,Calcium signaling pathway,KEGG_calcium_cAMP:Calcium signaling pathway
FGFR4,FGFR4,Tier4_Expanded_Calcium_Associated_732,KEGG_calcium_cAMP,Calcium signaling pathway,KEGG_calcium_cAMP:Calcium signaling pathway
FIS1,FIS1,Tier4_Expanded_Calcium_Associated_732,Categorized_calcium;Galaxy_STAR_calcium,Galaxy_STAR_calcium;Other Ca-related,Categorized_calcium:Other Ca-related;Galaxy_STAR_calcium:Galaxy_STAR_calcium
FLNA,FLNA,Tier4_Expanded_Calcium_Associated_732,Categorized_calcium;Galaxy_STAR_calcium,Galaxy_STAR_calcium;Other Ca-related,Categorized_calcium:Other Ca-related;Galaxy_STAR_calcium:Galaxy_STAR_calcium
FLT1,FLT1,Tier4_Expanded_Calcium_Associated_732,KEGG_calcium_cAMP,Calcium signaling pathway,KEGG_calcium_cAMP:Calcium signaling pathway
FLT4,FLT4,Tier4_Expanded_Calcium_Associated_732,KEGG_calcium_cAMP,Calcium signaling pathway,KEGG_calcium_cAMP:Calcium signaling pathway
FOS,FOS,Tier4_Expanded_Calcium_Associated_732,KEGG_calcium_cAMP,cAMP signaling pathway,KEGG_calcium_cAMP:cAMP signaling pathway
FSHB,FSHB,Tier4_Expanded_Calcium_Associated_732,KEGG_calcium_cAMP,cAMP signaling pathway,KEGG_calcium_cAMP:cAMP signaling pathway
FSHR,FSHR,Tier4_Expanded_Calcium_Associated_732,KEGG_calcium_cAMP,cAMP signaling pathway,KEGG_calcium_cAMP:cAMP signaling pathway
FXYD1,FXYD1,Tier4_Expanded_Calcium_Associated_732,KEGG_calcium_cAMP,cAMP signaling pathway,KEGG_calcium_cAMP:cAMP signaling pathway
FXYD2,FXYD2,Tier4_Expanded_Calcium_Associated_732,KEGG_calcium_cAMP,cGMP-PKG signaling pathway,KEGG_calcium_cAMP:cGMP-PKG signaling pathway
FYN,FYN,Tier4_Expanded_Calcium_Associated_732,Categorized_calcium;Galaxy_STAR_calcium,Galaxy_STAR_calcium;Other Ca-related,Categorized_calcium:Other Ca-related;Galaxy_STAR_calcium:Galaxy_STAR_calcium
GABBR1,GABBR1,Tier4_Expanded_Calcium_Associated_732,Categorized_calcium;Galaxy_STAR_calcium;KEGG_calcium_cAMP,Galaxy_STAR_calcium;Other Ca-related;cAMP signaling pathway,Categorized_calcium:Other Ca-related;Galaxy_STAR_calcium:Galaxy_STAR_calcium;KEGG_calcium_cAMP:cAMP signaling pathway
GABBR2,GABBR2,Tier4_Expanded_Calcium_Associated_732,KEGG_calcium_cAMP,cAMP signaling pathway,KEGG_calcium_cAMP:cAMP signaling pathway
GAS6,GAS6,Tier4_Expanded_Calcium_Associated_732,Categorized_calcium;Galaxy_STAR_calcium,Galaxy_STAR_calcium;Other Ca-related,Categorized_calcium:Other Ca-related;Galaxy_STAR_calcium:Galaxy_STAR_calcium
GATA4,GATA4,Tier4_Expanded_Calcium_Associated_732,KEGG_calcium_cAMP,cGMP-PKG signaling pathway,KEGG_calcium_cAMP:cGMP-PKG signaling pathway
GCG,GCG,Tier4_Expanded_Calcium_Associated_732,KEGG_calcium_cAMP,cAMP signaling pathway,KEGG_calcium_cAMP:cAMP signaling pathway
GDNF,GDNF,Tier4_Expanded_Calcium_Associated_732,KEGG_calcium_cAMP,Calcium signaling pathway,KEGG_calcium_cAMP:Calcium signaling pathway
GHRL,GHRL,Tier4_Expanded_Calcium_Associated_732,KEGG_calcium_cAMP,cAMP signaling pathway,KEGG_calcium_cAMP:cAMP signaling pathway
GHSR,GHSR,Tier4_Expanded_Calcium_Associated_732,KEGG_calcium_cAMP,cAMP signaling pathway,KEGG_calcium_cAMP:cAMP signaling pathway
GIP,GIP,Tier4_Expanded_Calcium_Associated_732,KEGG_calcium_cAMP,cAMP signaling pathway,KEGG_calcium_cAMP:cAMP signaling pathway
GIPR,GIPR,Tier4_Expanded_Calcium_Associated_732,KEGG_calcium_cAMP,cAMP signaling pathway,KEGG_calcium_cAMP:cAMP signaling pathway
GLI1,GLI1,Tier4_Expanded_Calcium_Associated_732,KEGG_calcium_cAMP,cAMP signaling pathway,KEGG_calcium_cAMP:cAMP signaling pathway
GLI3,GLI3,Tier4_Expanded_Calcium_Associated_732,KEGG_calcium_cAMP,cAMP signaling pathway,KEGG_calcium_cAMP:cAMP signaling pathway
GLP1R,GLP1R,Tier4_Expanded_Calcium_Associated_732,KEGG_calcium_cAMP,cAMP signaling pathway,KEGG_calcium_cAMP:cAMP signaling pathway
GNA11,GNA11,Tier4_Expanded_Calcium_Associated_732,KEGG_calcium_cAMP,Calcium signaling pathway,KEGG_calcium_cAMP:Calcium signaling pathway
GNA12,GNA12,Tier4_Expanded_Calcium_Associated_732,KEGG_calcium_cAMP,cGMP-PKG signaling pathway,KEGG_calcium_cAMP:cGMP-PKG signaling pathway
GNA13,GNA13,Tier4_Expanded_Calcium_Associated_732,KEGG_calcium_cAMP,cGMP-PKG signaling pathway,KEGG_calcium_cAMP:cGMP-PKG signaling pathway
GNA14,GNA14,Tier4_Expanded_Calcium_Associated_732,KEGG_calcium_cAMP,Calcium signaling pathway,KEGG_calcium_cAMP:Calcium signaling pathway
GNA15,GNA15,Tier4_Expanded_Calcium_Associated_732,KEGG_calcium_cAMP,Calcium signaling pathway,KEGG_calcium_cAMP:Calcium signaling pathway
GNAI1,GNAI1,Tier4_Expanded_Calcium_Associated_732,KEGG_calcium_cAMP,cGMP-PKG signaling pathway,KEGG_calcium_cAMP:cGMP-PKG signaling pathway
GNAI2,GNAI2,Tier4_Expanded_Calcium_Associated_732,KEGG_calcium_cAMP,cGMP-PKG signaling pathway,KEGG_calcium_cAMP:cGMP-PKG signaling pathway
GNAI3,GNAI3,Tier4_Expanded_Calcium_Associated_732,KEGG_calcium_cAMP,cGMP-PKG signaling pathway,KEGG_calcium_cAMP:cGMP-PKG signaling pathway
GNAL,GNAL,Tier4_Expanded_Calcium_Associated_732,KEGG_calcium_cAMP,Calcium signaling pathway,KEGG_calcium_cAMP:Calcium signaling pathway
GNAQ,GNAQ,Tier4_Expanded_Calcium_Associated_732,KEGG_calcium_cAMP,Calcium signaling pathway,KEGG_calcium_cAMP:Calcium signaling pathway
GNAS,GNAS,Tier4_Expanded_Calcium_Associated_732,KEGG_calcium_cAMP,Calcium signaling pathway,KEGG_calcium_cAMP:Calcium signaling pathway
GPHA2,GPHA2,Tier4_Expanded_Calcium_Associated_732,KEGG_calcium_cAMP,cAMP signaling pathway,KEGG_calcium_cAMP:cAMP signaling pathway
GPHB5,GPHB5,Tier4_Expanded_Calcium_Associated_732,KEGG_calcium_cAMP,cAMP signaling pathway,KEGG_calcium_cAMP:cAMP signaling pathway
GPR119,GPR119,Tier4_Expanded_Calcium_Associated_732,KEGG_calcium_cAMP,cAMP signaling pathway,KEGG_calcium_cAMP:cAMP signaling pathway
GRIA1,GRIA1,Tier4_Expanded_Calcium_Associated_732,KEGG_calcium_cAMP,cAMP signaling pathway,KEGG_calcium_cAMP:cAMP signaling pathway
GRIA2,GRIA2,Tier4_Expanded_Calcium_Associated_732,KEGG_calcium_cAMP,cAMP signaling pathway,KEGG_calcium_cAMP:cAMP signaling pathway
GRIA3,GRIA3,Tier4_Expanded_Calcium_Associated_732,KEGG_calcium_cAMP,cAMP signaling pathway,KEGG_calcium_cAMP:cAMP signaling pathway
GRIA4,GRIA4,Tier4_Expanded_Calcium_Associated_732,KEGG_calcium_cAMP,cAMP signaling pathway,KEGG_calcium_cAMP:cAMP signaling pathway
GRIN1,GRIN1,Tier4_Expanded_Calcium_Associated_732,Curated_258;KEGG_calcium_cAMP,Calcium signaling pathway;PM_channels_other,Curated_258:PM_channels_other;KEGG_calcium_cAMP:Calcium signaling pathway
GRIN2A,GRIN2A,Tier4_Expanded_Calcium_Associated_732,Curated_258;KEGG_calcium_cAMP,Calcium signaling pathway;PM_channels_other,Curated_258:PM_channels_other;KEGG_calcium_cAMP:Calcium signaling pathway
GRIN2B,GRIN2B,Tier4_Expanded_Calcium_Associated_732,Curated_258;KEGG_calcium_cAMP,Calcium signaling pathway;PM_channels_other,Curated_258:PM_channels_other;KEGG_calcium_cAMP:Calcium signaling pathway
GRIN2C,GRIN2C,Tier4_Expanded_Calcium_Associated_732,Curated_258;KEGG_calcium_cAMP,Calcium signaling pathway;PM_channels_other,Curated_258:PM_channels_other;KEGG_calcium_cAMP:Calcium signaling pathway
GRIN2D,GRIN2D,Tier4_Expanded_Calcium_Associated_732,Curated_258;KEGG_calcium_cAMP,Calcium signaling pathway;PM_channels_other,Curated_258:PM_channels_other;KEGG_calcium_cAMP:Calcium signaling pathway
GRIN3A,GRIN3A,Tier4_Expanded_Calcium_Associated_732,KEGG_calcium_cAMP,Calcium signaling pathway,KEGG_calcium_cAMP:Calcium signaling pathway
GRIN3B,GRIN3B,Tier4_Expanded_Calcium_Associated_732,KEGG_calcium_cAMP,Calcium signaling pathway,KEGG_calcium_cAMP:Calcium signaling pathway
GRM1,GRM1,Tier4_Expanded_Calcium_Associated_732,KEGG_calcium_cAMP,Calcium signaling pathway,KEGG_calcium_cAMP:Calcium signaling pathway
GRM5,GRM5,Tier4_Expanded_Calcium_Associated_732,KEGG_calcium_cAMP,Calcium signaling pathway,KEGG_calcium_cAMP:Calcium signaling pathway
GRPR,GRPR,Tier4_Expanded_Calcium_Associated_732,KEGG_calcium_cAMP,Calcium signaling pathway,KEGG_calcium_cAMP:Calcium signaling pathway
GSTO1,GSTO1,Tier4_Expanded_Calcium_Associated_732,Categorized_calcium;Galaxy_STAR_calcium,Galaxy_STAR_calcium;Other Ca-related,Categorized_calcium:Other Ca-related;Galaxy_STAR_calcium:Galaxy_STAR_calcium
GTF2I,GTF2I,Tier4_Expanded_Calcium_Associated_732,KEGG_calcium_cAMP,cGMP-PKG signaling pathway,KEGG_calcium_cAMP:cGMP-PKG signaling pathway
GUCY1A1,GUCY1A1,Tier4_Expanded_Calcium_Associated_732,KEGG_calcium_cAMP,cGMP-PKG signaling pathway,KEGG_calcium_cAMP:cGMP-PKG signaling pathway
GUCY1A2,GUCY1A2,Tier4_Expanded_Calcium_Associated_732,KEGG_calcium_cAMP,cGMP-PKG signaling pathway,KEGG_calcium_cAMP:cGMP-PKG signaling pathway
GUCY1B1,GUCY1B1,Tier4_Expanded_Calcium_Associated_732,KEGG_calcium_cAMP,cGMP-PKG signaling pathway,KEGG_calcium_cAMP:cGMP-PKG signaling pathway
HCAR1,HCAR1,Tier4_Expanded_Calcium_Associated_732,KEGG_calcium_cAMP,cAMP signaling pathway,KEGG_calcium_cAMP:cAMP signaling pathway
HCAR2,HCAR2,Tier4_Expanded_Calcium_Associated_732,KEGG_calcium_cAMP,cAMP signaling pathway,KEGG_calcium_cAMP:cAMP signaling pathway
HCAR3,HCAR3,Tier4_Expanded_Calcium_Associated_732,KEGG_calcium_cAMP,cAMP signaling pathway,KEGG_calcium_cAMP:cAMP signaling pathway
HCN2,HCN2,Tier4_Expanded_Calcium_Associated_732,KEGG_calcium_cAMP,cAMP signaling pathway,KEGG_calcium_cAMP:cAMP signaling pathway
HCN4,HCN4,Tier4_Expanded_Calcium_Associated_732,KEGG_calcium_cAMP,cAMP signaling pathway,KEGG_calcium_cAMP:cAMP signaling pathway
HGF,HGF,Tier4_Expanded_Calcium_Associated_732,KEGG_calcium_cAMP,Calcium signaling pathway,KEGG_calcium_cAMP:Calcium signaling pathway
HHIP,HHIP,Tier4_Expanded_Calcium_Associated_732,KEGG_calcium_cAMP,cAMP signaling pathway,KEGG_calcium_cAMP:cAMP signaling pathway
HOMER1,HOMER1,Tier4_Expanded_Calcium_Associated_732,Curated_258,Junctional,Curated_258:Junctional
HOMER2,HOMER2,Tier4_Expanded_Calcium_Associated_732,Curated_258,Junctional,Curated_258:Junctional
HOMER3,HOMER3,Tier4_Expanded_Calcium_Associated_732,Curated_258,Junctional,Curated_258:Junctional
HPCAL1,HPCAL1,Tier4_Expanded_Calcium_Associated_732,Calcium_genes_analysis;Curated_258,Ca_sensors;Calcium_Signaling,Calcium_genes_analysis:Calcium_Signaling;Curated_258:Ca_sensors
HPCAL4,HPCAL4,Tier4_Expanded_Calcium_Associated_732,Calcium_genes_analysis;Curated_258,Ca_sensors;Calcium_Signaling,Calcium_genes_analysis:Calcium_Signaling;Curated_258:Ca_sensors
HRC,HRC,Tier4_Expanded_Calcium_Associated_732,Curated_258;KEGG_calcium_cAMP,Calcium signaling pathway;Junctional,Curated_258:Junctional;KEGG_calcium_cAMP:Calcium signaling pathway
HRH1,HRH1,Tier4_Expanded_Calcium_Associated_732,KEGG_calcium_cAMP,Calcium signaling pathway,KEGG_calcium_cAMP:Calcium signaling pathway
HRH2,HRH2,Tier4_Expanded_Calcium_Associated_732,KEGG_calcium_cAMP,Calcium signaling pathway,KEGG_calcium_cAMP:Calcium signaling pathway
HTR1A,HTR1A,Tier4_Expanded_Calcium_Associated_732,KEGG_calcium_cAMP,cAMP signaling pathway,KEGG_calcium_cAMP:cAMP signaling pathway
HTR1B,HTR1B,Tier4_Expanded_Calcium_Associated_732,KEGG_calcium_cAMP,cAMP signaling pathway,KEGG_calcium_cAMP:cAMP signaling pathway
HTR1D,HTR1D,Tier4_Expanded_Calcium_Associated_732,KEGG_calcium_cAMP,cAMP signaling pathway,KEGG_calcium_cAMP:cAMP signaling pathway
HTR1E,HTR1E,Tier4_Expanded_Calcium_Associated_732,KEGG_calcium_cAMP,cAMP signaling pathway,KEGG_calcium_cAMP:cAMP signaling pathway
HTR1F,HTR1F,Tier4_Expanded_Calcium_Associated_732,KEGG_calcium_cAMP,cAMP signaling pathway,KEGG_calcium_cAMP:cAMP signaling pathway
HTR2A,HTR2A,Tier4_Expanded_Calcium_Associated_732,KEGG_calcium_cAMP,Calcium signaling pathway,KEGG_calcium_cAMP:Calcium signaling pathway
HTR2B,HTR2B,Tier4_Expanded_Calcium_Associated_732,KEGG_calcium_cAMP,Calcium signaling pathway,KEGG_calcium_cAMP:Calcium signaling pathway
HTR2C,HTR2C,Tier4_Expanded_Calcium_Associated_732,KEGG_calcium_cAMP,Calcium signaling pathway,KEGG_calcium_cAMP:Calcium signaling pathway
HTR4,HTR4,Tier4_Expanded_Calcium_Associated_732,KEGG_calcium_cAMP,Calcium signaling pathway,KEGG_calcium_cAMP:Calcium signaling pathway
HTR5A,HTR5A,Tier4_Expanded_Calcium_Associated_732,KEGG_calcium_cAMP,Calcium signaling pathway,KEGG_calcium_cAMP:Calcium signaling pathway
HTR6,HTR6,Tier4_Expanded_Calcium_Associated_732,KEGG_calcium_cAMP,Calcium signaling pathway,KEGG_calcium_cAMP:Calcium signaling pathway
HTR7,HTR7,Tier4_Expanded_Calcium_Associated_732,KEGG_calcium_cAMP,Calcium signaling pathway,KEGG_calcium_cAMP:Calcium signaling pathway
IGH,IGH,Tier4_Expanded_Calcium_Associated_732,KEGG_calcium_cAMP,Calcium signaling pathway,KEGG_calcium_cAMP:Calcium signaling pathway
INPP5K,INPP5K,Tier4_Expanded_Calcium_Associated_732,Curated_258,PLC_IP3,Curated_258:PLC_IP3
INS,INS,Tier4_Expanded_Calcium_Associated_732,KEGG_calcium_cAMP,cGMP-PKG signaling pathway,KEGG_calcium_cAMP:cGMP-PKG signaling pathway
INSR,INSR,Tier4_Expanded_Calcium_Associated_732,KEGG_calcium_cAMP,cGMP-PKG signaling pathway,KEGG_calcium_cAMP:cGMP-PKG signaling pathway
IRAG1,IRAG1,Tier4_Expanded_Calcium_Associated_732,KEGG_calcium_cAMP,cGMP-PKG signaling pathway,KEGG_calcium_cAMP:cGMP-PKG signaling pathway
IRS1,IRS1,Tier4_Expanded_Calcium_Associated_732,KEGG_calcium_cAMP,cGMP-PKG signaling pathway,KEGG_calcium_cAMP:cGMP-PKG signaling pathway
IRS2,IRS2,Tier4_Expanded_Calcium_Associated_732,KEGG_calcium_cAMP,cGMP-PKG signaling pathway,KEGG_calcium_cAMP:cGMP-PKG signaling pathway
IRS4,IRS4,Tier4_Expanded_Calcium_Associated_732,KEGG_calcium_cAMP,cGMP-PKG signaling pathway,KEGG_calcium_cAMP:cGMP-PKG signaling pathway
ITGAV,ITGAV,Tier4_Expanded_Calcium_Associated_732,Categorized_calcium;Galaxy_STAR_calcium,Galaxy_STAR_calcium;Other Ca-related,Categorized_calcium:Other Ca-related;Galaxy_STAR_calcium:Galaxy_STAR_calcium
ITPKA,ITPKA,Tier4_Expanded_Calcium_Associated_732,Curated_258;KEGG_calcium_cAMP,Calcium signaling pathway;PLC_IP3,Curated_258:PLC_IP3;KEGG_calcium_cAMP:Calcium signaling pathway
ITPKB,ITPKB,Tier4_Expanded_Calcium_Associated_732,Curated_258;KEGG_calcium_cAMP,Calcium signaling pathway;PLC_IP3,Curated_258:PLC_IP3;KEGG_calcium_cAMP:Calcium signaling pathway
ITPKC,ITPKC,Tier4_Expanded_Calcium_Associated_732,Curated_258;KEGG_calcium_cAMP,Calcium signaling pathway;PLC_IP3,Curated_258:PLC_IP3;KEGG_calcium_cAMP:Calcium signaling pathway
ITPR1,ITPR1,Tier4_Expanded_Calcium_Associated_732,Calcium_genes_analysis;Categorized_calcium;Curated_258;Galaxy_STAR_calcium;KEGG_calcium_cAMP,Calcium signaling pathway;Calcium_Channel;ER_channels;Galaxy_STAR_calcium;Intracellular Ca channels,Calcium_genes_analysis:Calcium_Channel;Categorized_calcium:Intracellular Ca channels;Curated_258:ER_channels;Galaxy_STAR_calcium:Galaxy_STAR_calcium;KEGG_calcium_cAMP:Calcium signaling pathway
ITPR2,ITPR2,Tier4_Expanded_Calcium_Associated_732,Calcium_genes_analysis;Curated_258;KEGG_calcium_cAMP,Calcium signaling pathway;Calcium_Channel;ER_channels,Calcium_genes_analysis:Calcium_Channel;Curated_258:ER_channels;KEGG_calcium_cAMP:Calcium signaling pathway
ITPR3,ITPR3,Tier4_Expanded_Calcium_Associated_732,Calcium_genes_analysis;Categorized_calcium;Curated_258;Galaxy_STAR_calcium;KEGG_calcium_cAMP,Calcium signaling pathway;Calcium_Channel;ER_channels;Galaxy_STAR_calcium;Intracellular Ca channels,Calcium_genes_analysis:Calcium_Channel;Categorized_calcium:Intracellular Ca channels;Curated_258:ER_channels;Galaxy_STAR_calcium:Galaxy_STAR_calcium;KEGG_calcium_cAMP:Calcium signaling pathway
ITPRID2,ITPRID2,Tier4_Expanded_Calcium_Associated_732,Categorized_calcium;Galaxy_STAR_calcium,Galaxy_STAR_calcium;Intracellular Ca channels,Categorized_calcium:Intracellular Ca channels;Galaxy_STAR_calcium:Galaxy_STAR_calcium
JPH1,JPH1,Tier4_Expanded_Calcium_Associated_732,Curated_258,Junctional,Curated_258:Junctional
JPH2,JPH2,Tier4_Expanded_Calcium_Associated_732,Curated_258,Junctional,Curated_258:Junctional
JPH3,JPH3,Tier4_Expanded_Calcium_Associated_732,Curated_258,Junctional,Curated_258:Junctional
JPH4,JPH4,Tier4_Expanded_Calcium_Associated_732,Curated_258,Junctional,Curated_258:Junctional
JSRP1,JSRP1,Tier4_Expanded_Calcium_Associated_732,Curated_258,Junctional,Curated_258:Junctional
JUN,JUN,Tier4_Expanded_Calcium_Associated_732,KEGG_calcium_cAMP,cAMP signaling pathway,KEGG_calcium_cAMP:cAMP signaling pathway
KCNIP1,KCNIP1,Tier4_Expanded_Calcium_Associated_732,Calcium_genes_analysis,Calcium_Signaling,Calcium_genes_analysis:Calcium_Signaling
KCNIP2,KCNIP2,Tier4_Expanded_Calcium_Associated_732,Calcium_genes_analysis,Calcium_Signaling,Calcium_genes_analysis:Calcium_Signaling
KCNIP3,KCNIP3,Tier4_Expanded_Calcium_Associated_732,Calcium_genes_analysis,Calcium_Signaling,Calcium_genes_analysis:Calcium_Signaling
KCNIP4,KCNIP4,Tier4_Expanded_Calcium_Associated_732,Calcium_genes_analysis,Calcium_Signaling,Calcium_genes_analysis:Calcium_Signaling
KCNJ8,KCNJ8,Tier4_Expanded_Calcium_Associated_732,KEGG_calcium_cAMP,cGMP-PKG signaling pathway,KEGG_calcium_cAMP:cGMP-PKG signaling pathway
KCNK2,KCNK2,Tier4_Expanded_Calcium_Associated_732,KEGG_calcium_cAMP,cAMP signaling pathway,KEGG_calcium_cAMP:cAMP signaling pathway
KCNMA1,KCNMA1,Tier4_Expanded_Calcium_Associated_732,Curated_258;KEGG_calcium_cAMP,Ca_activated;cGMP-PKG signaling pathway,Curated_258:Ca_activated;KEGG_calcium_cAMP:cGMP-PKG signaling pathway
KCNMB1,KCNMB1,Tier4_Expanded_Calcium_Associated_732,Curated_258;KEGG_calcium_cAMP,Ca_activated;cGMP-PKG signaling pathway,Curated_258:Ca_activated;KEGG_calcium_cAMP:cGMP-PKG signaling pathway
KCNMB2,KCNMB2,Tier4_Expanded_Calcium_Associated_732,Curated_258;KEGG_calcium_cAMP,Ca_activated;cGMP-PKG signaling pathway,Curated_258:Ca_activated;KEGG_calcium_cAMP:cGMP-PKG signaling pathway
KCNMB3,KCNMB3,Tier4_Expanded_Calcium_Associated_732,Curated_258;KEGG_calcium_cAMP,Ca_activated;cGMP-PKG signaling pathway,Curated_258:Ca_activated;KEGG_calcium_cAMP:cGMP-PKG signaling pathway
KCNMB4,KCNMB4,Tier4_Expanded_Calcium_Associated_732,Curated_258;KEGG_calcium_cAMP,Ca_activated;cGMP-PKG signaling pathway,Curated_258:Ca_activated;KEGG_calcium_cAMP:cGMP-PKG signaling pathway
KCNN1,KCNN1,Tier4_Expanded_Calcium_Associated_732,Curated_258,Ca_activated,Curated_258:Ca_activated
KCNN2,KCNN2,Tier4_Expanded_Calcium_Associated_732,Curated_258,Ca_activated,Curated_258:Ca_activated
KCNN3,KCNN3,Tier4_Expanded_Calcium_Associated_732,Curated_258,Ca_activated,Curated_258:Ca_activated
KCNN4,KCNN4,Tier4_Expanded_Calcium_Associated_732,Curated_258,Ca_activated,Curated_258:Ca_activated
KCNU1,KCNU1,Tier4_Expanded_Calcium_Associated_732,KEGG_calcium_cAMP,cGMP-PKG signaling pathway,KEGG_calcium_cAMP:cGMP-PKG signaling pathway
KDR,KDR,Tier4_Expanded_Calcium_Associated_732,KEGG_calcium_cAMP,Calcium signaling pathway,KEGG_calcium_cAMP:Calcium signaling pathway
KNG1,KNG1,Tier4_Expanded_Calcium_Associated_732,KEGG_calcium_cAMP,cGMP-PKG signaling pathway,KEGG_calcium_cAMP:cGMP-PKG signaling pathway
LETM1,LETM1,Tier4_Expanded_Calcium_Associated_732,Calcium_genes_analysis;Curated_258,Mitochondrial;Mitochondrial_Calcium,Calcium_genes_analysis:Mitochondrial_Calcium;Curated_258:Mitochondrial
LETM2,LETM2,Tier4_Expanded_Calcium_Associated_732,Categorized_calcium;Galaxy_STAR_calcium,Galaxy_STAR_calcium;Mitochondrial Ca,Categorized_calcium:Mitochondrial Ca;Galaxy_STAR_calcium:Galaxy_STAR_calcium
LETMD1,LETMD1,Tier4_Expanded_Calcium_Associated_732,Categorized_calcium;Galaxy_STAR_calcium,Galaxy_STAR_calcium;Mitochondrial Ca,Categorized_calcium:Mitochondrial Ca;Galaxy_STAR_calcium:Galaxy_STAR_calcium
LHB,LHB,Tier4_Expanded_Calcium_Associated_732,KEGG_calcium_cAMP,cAMP signaling pathway,KEGG_calcium_cAMP:cAMP signaling pathway
LHCGR,LHCGR,Tier4_Expanded_Calcium_Associated_732,KEGG_calcium_cAMP,Calcium signaling pathway,KEGG_calcium_cAMP:Calcium signaling pathway
LIPE,LIPE,Tier4_Expanded_Calcium_Associated_732,KEGG_calcium_cAMP,cAMP signaling pathway,KEGG_calcium_cAMP:cAMP signaling pathway
LTB4R2,LTB4R2,Tier4_Expanded_Calcium_Associated_732,KEGG_calcium_cAMP,Calcium signaling pathway,KEGG_calcium_cAMP:Calcium signaling pathway
MAIP1,MAIP1,Tier4_Expanded_Calcium_Associated_732,Categorized_calcium;Galaxy_STAR_calcium,Galaxy_STAR_calcium;Other Ca-related,Categorized_calcium:Other Ca-related;Galaxy_STAR_calcium:Galaxy_STAR_calcium
MAP2K1,MAP2K1,Tier4_Expanded_Calcium_Associated_732,KEGG_calcium_cAMP,cGMP-PKG signaling pathway,KEGG_calcium_cAMP:cGMP-PKG signaling pathway
MAP2K2,MAP2K2,Tier4_Expanded_Calcium_Associated_732,Categorized_calcium;Galaxy_STAR_calcium;KEGG_calcium_cAMP,Galaxy_STAR_calcium;Other Ca-related;cGMP-PKG signaling pathway,Categorized_calcium:Other Ca-related;Galaxy_STAR_calcium:Galaxy_STAR_calcium;KEGG_calcium_cAMP:cGMP-PKG signaling pathway
MAPK1,MAPK1,Tier4_Expanded_Calcium_Associated_732,Categorized_calcium;Galaxy_STAR_calcium;KEGG_calcium_cAMP,Galaxy_STAR_calcium;Other Ca-related;cGMP-PKG signaling pathway,Categorized_calcium:Other Ca-related;Galaxy_STAR_calcium:Galaxy_STAR_calcium;KEGG_calcium_cAMP:cGMP-PKG signaling pathway
MAPK10,MAPK10,Tier4_Expanded_Calcium_Associated_732,KEGG_calcium_cAMP,cAMP signaling pathway,KEGG_calcium_cAMP:cAMP signaling pathway
MAPK12,MAPK12,Tier4_Expanded_Calcium_Associated_732,Categorized_calcium;Galaxy_STAR_calcium,Galaxy_STAR_calcium;Other Ca-related,Categorized_calcium:Other Ca-related;Galaxy_STAR_calcium:Galaxy_STAR_calcium
MAPK3,MAPK3,Tier4_Expanded_Calcium_Associated_732,KEGG_calcium_cAMP,cGMP-PKG signaling pathway,KEGG_calcium_cAMP:cGMP-PKG signaling pathway
MAPK8,MAPK8,Tier4_Expanded_Calcium_Associated_732,KEGG_calcium_cAMP,cAMP signaling pathway,KEGG_calcium_cAMP:cAMP signaling pathway
MAPK9,MAPK9,Tier4_Expanded_Calcium_Associated_732,KEGG_calcium_cAMP,cAMP signaling pathway,KEGG_calcium_cAMP:cAMP signaling pathway
MC2R,MC2R,Tier4_Expanded_Calcium_Associated_732,KEGG_calcium_cAMP,cAMP signaling pathway,KEGG_calcium_cAMP:cAMP signaling pathway
MCOLN1,MCOLN1,Tier4_Expanded_Calcium_Associated_732,Calcium_genes_analysis;Categorized_calcium;Curated_258;Galaxy_STAR_calcium;KEGG_calcium_cAMP,Calcium signaling pathway;Calcium_Channel;Galaxy_STAR_calcium;Other Ca-related;TRP_channels,Calcium_genes_analysis:Calcium_Channel;Categorized_calcium:Other Ca-related;Curated_258:TRP_channels;Galaxy_STAR_calcium:Galaxy_STAR_calcium;KEGG_calcium_cAMP:Calcium signaling pathway
MCOLN2,MCOLN2,Tier4_Expanded_Calcium_Associated_732,Calcium_genes_analysis;Curated_258;KEGG_calcium_cAMP,Calcium signaling pathway;Calcium_Channel;TRP_channels,Calcium_genes_analysis:Calcium_Channel;Curated_258:TRP_channels;KEGG_calcium_cAMP:Calcium signaling pathway
MCOLN3,MCOLN3,Tier4_Expanded_Calcium_Associated_732,Calcium_genes_analysis;Curated_258;KEGG_calcium_cAMP,Calcium signaling pathway;Calcium_Channel;TRP_channels,Calcium_genes_analysis:Calcium_Channel;Curated_258:TRP_channels;KEGG_calcium_cAMP:Calcium signaling pathway
MCU,MCU,Tier4_Expanded_Calcium_Associated_732,Calcium_genes_analysis;Curated_258;KEGG_calcium_cAMP,Calcium signaling pathway;Mitochondrial;Mitochondrial_Calcium,Calcium_genes_analysis:Mitochondrial_Calcium;Curated_258:Mitochondrial;KEGG_calcium_cAMP:Calcium signaling pathway
MCUB,MCUB,Tier4_Expanded_Calcium_Associated_732,Calcium_genes_analysis;Curated_258,Mitochondrial;Mitochondrial_Calcium,Calcium_genes_analysis:Mitochondrial_Calcium;Curated_258:Mitochondrial
MCUR1,MCUR1,Tier4_Expanded_Calcium_Associated_732,Calcium_genes_analysis;Curated_258,Mitochondrial;Mitochondrial_Calcium,Calcium_genes_analysis:Mitochondrial_Calcium;Curated_258:Mitochondrial
MEF2A,MEF2A,Tier4_Expanded_Calcium_Associated_732,KEGG_calcium_cAMP,cGMP-PKG signaling pathway,KEGG_calcium_cAMP:cGMP-PKG signaling pathway
MEF2B,MEF2B,Tier4_Expanded_Calcium_Associated_732,KEGG_calcium_cAMP,cGMP-PKG signaling pathway,KEGG_calcium_cAMP:cGMP-PKG signaling pathway
MEF2C,MEF2C,Tier4_Expanded_Calcium_Associated_732,KEGG_calcium_cAMP,cGMP-PKG signaling pathway,KEGG_calcium_cAMP:cGMP-PKG signaling pathway
MEF2D,MEF2D,Tier4_Expanded_Calcium_Associated_732,Categorized_calcium;Galaxy_STAR_calcium;KEGG_calcium_cAMP,Galaxy_STAR_calcium;Other Ca-related;cGMP-PKG signaling pathway,Categorized_calcium:Other Ca-related;Galaxy_STAR_calcium:Galaxy_STAR_calcium;KEGG_calcium_cAMP:cGMP-PKG signaling pathway
MET,MET,Tier4_Expanded_Calcium_Associated_732,KEGG_calcium_cAMP,Calcium signaling pathway,KEGG_calcium_cAMP:Calcium signaling pathway
MICU1,MICU1,Tier4_Expanded_Calcium_Associated_732,Calcium_genes_analysis;Curated_258,Mitochondrial;Mitochondrial_Calcium,Calcium_genes_analysis:Mitochondrial_Calcium;Curated_258:Mitochondrial
MICU2,MICU2,Tier4_Expanded_Calcium_Associated_732,Calcium_genes_analysis;Curated_258,Mitochondrial;Mitochondrial_Calcium,Calcium_genes_analysis:Mitochondrial_Calcium;Curated_258:Mitochondrial
MICU3,MICU3,Tier4_Expanded_Calcium_Associated_732,Calcium_genes_analysis;Curated_258,Mitochondrial;Mitochondrial_Calcium,Calcium_genes_analysis:Mitochondrial_Calcium;Curated_258:Mitochondrial
MRLN,MRLN,Tier4_Expanded_Calcium_Associated_732,KEGG_calcium_cAMP,Calcium signaling pathway,KEGG_calcium_cAMP:Calcium signaling pathway
MST1,MST1,Tier4_Expanded_Calcium_Associated_732,Categorized_calcium;Galaxy_STAR_calcium;KEGG_calcium_cAMP,Calcium signaling pathway;Galaxy_STAR_calcium;Other Ca-related,Categorized_calcium:Other Ca-related;Galaxy_STAR_calcium:Galaxy_STAR_calcium;KEGG_calcium_cAMP:Calcium signaling pathway
MST1R,MST1R,Tier4_Expanded_Calcium_Associated_732,KEGG_calcium_cAMP,Calcium signaling pathway,KEGG_calcium_cAMP:Calcium signaling pathway
MYH6,MYH6,Tier4_Expanded_Calcium_Associated_732,KEGG_calcium_cAMP,cGMP-PKG signaling pathway,KEGG_calcium_cAMP:cGMP-PKG signaling pathway
MYH7,MYH7,Tier4_Expanded_Calcium_Associated_732,KEGG_calcium_cAMP,cGMP-PKG signaling pathway,KEGG_calcium_cAMP:cGMP-PKG signaling pathway
MYL9,MYL9,Tier4_Expanded_Calcium_Associated_732,KEGG_calcium_cAMP,cGMP-PKG signaling pathway,KEGG_calcium_cAMP:cGMP-PKG signaling pathway
MYLK,MYLK,Tier4_Expanded_Calcium_Associated_732,Calcium_genes_analysis;KEGG_calcium_cAMP,Calcium signaling pathway;Calcium_Signaling,Calcium_genes_analysis:Calcium_Signaling;KEGG_calcium_cAMP:Calcium signaling pathway
MYLK2,MYLK2,Tier4_Expanded_Calcium_Associated_732,Calcium_genes_analysis;KEGG_calcium_cAMP,Calcium signaling pathway;Calcium_Signaling,Calcium_genes_analysis:Calcium_Signaling;KEGG_calcium_cAMP:Calcium signaling pathway
MYLK3,MYLK3,Tier4_Expanded_Calcium_Associated_732,Calcium_genes_analysis;KEGG_calcium_cAMP,Calcium signaling pathway;Calcium_Signaling,Calcium_genes_analysis:Calcium_Signaling;KEGG_calcium_cAMP:Calcium signaling pathway
MYLK4,MYLK4,Tier4_Expanded_Calcium_Associated_732,Calcium_genes_analysis;KEGG_calcium_cAMP,Calcium signaling pathway;Calcium_Signaling,Calcium_genes_analysis:Calcium_Signaling;KEGG_calcium_cAMP:Calcium signaling pathway
NALCN,NALCN,Tier4_Expanded_Calcium_Associated_732,Curated_258,PM_channels_other,Curated_258:PM_channels_other
NCALD,NCALD,Tier4_Expanded_Calcium_Associated_732,Calcium_genes_analysis;Curated_258,Ca_sensors;Calcium_Signaling,Calcium_genes_analysis:Calcium_Signaling;Curated_258:Ca_sensors
NCS1,NCS1,Tier4_Expanded_Calcium_Associated_732,Calcium_genes_analysis;Curated_258,Ca_sensors;Calcium_Signaling,Calcium_genes_analysis:Calcium_Signaling;Curated_258:Ca_sensors
NECAB1,NECAB1,Tier4_Expanded_Calcium_Associated_732,Calcium_genes_analysis,Calcium_Binding,Calcium_genes_analysis:Calcium_Binding
NECAB2,NECAB2,Tier4_Expanded_Calcium_Associated_732,Calcium_genes_analysis,Calcium_Binding,Calcium_genes_analysis:Calcium_Binding
NECAB3,NECAB3,Tier4_Expanded_Calcium_Associated_732,Calcium_genes_analysis,Calcium_Binding,Calcium_genes_analysis:Calcium_Binding
NFAT5,NFAT5,Tier4_Expanded_Calcium_Associated_732,Calcium_genes_analysis;Curated_258,Calcineurin_NFAT;Calcium_Signaling,Calcium_genes_analysis:Calcium_Signaling;Curated_258:Calcineurin_NFAT
NFATC1,NFATC1,Tier4_Expanded_Calcium_Associated_732,Calcium_genes_analysis;Curated_258;KEGG_calcium_cAMP,Calcineurin_NFAT;Calcium signaling pathway;Calcium_Signaling,Calcium_genes_analysis:Calcium_Signaling;Curated_258:Calcineurin_NFAT;KEGG_calcium_cAMP:Calcium signaling pathway
NFATC2,NFATC2,Tier4_Expanded_Calcium_Associated_732,Calcium_genes_analysis;Curated_258;KEGG_calcium_cAMP,Calcineurin_NFAT;Calcium signaling pathway;Calcium_Signaling,Calcium_genes_analysis:Calcium_Signaling;Curated_258:Calcineurin_NFAT;KEGG_calcium_cAMP:Calcium signaling pathway
NFATC3,NFATC3,Tier4_Expanded_Calcium_Associated_732,Calcium_genes_analysis;Curated_258;KEGG_calcium_cAMP,Calcineurin_NFAT;Calcium signaling pathway;Calcium_Signaling,Calcium_genes_analysis:Calcium_Signaling;Curated_258:Calcineurin_NFAT;KEGG_calcium_cAMP:Calcium signaling pathway
NFATC4,NFATC4,Tier4_Expanded_Calcium_Associated_732,Calcium_genes_analysis;Categorized_calcium;Curated_258;Galaxy_STAR_calcium;KEGG_calcium_cAMP,Calcineurin_NFAT;Calcium signaling pathway;Calcium_Signaling;Galaxy_STAR_calcium;Other Ca-related,Calcium_genes_analysis:Calcium_Signaling;Categorized_calcium:Other Ca-related;Curated_258:Calcineurin_NFAT;Galaxy_STAR_calcium:Galaxy_STAR_calcium;KEGG_calcium_cAMP:Calcium signaling pathway
NFKB1,NFKB1,Tier4_Expanded_Calcium_Associated_732,KEGG_calcium_cAMP,cAMP signaling pathway,KEGG_calcium_cAMP:cAMP signaling pathway
NFKBIA,NFKBIA,Tier4_Expanded_Calcium_Associated_732,KEGG_calcium_cAMP,cAMP signaling pathway,KEGG_calcium_cAMP:cAMP signaling pathway
NGF,NGF,Tier4_Expanded_Calcium_Associated_732,KEGG_calcium_cAMP,Calcium signaling pathway,KEGG_calcium_cAMP:Calcium signaling pathway
NOS1,NOS1,Tier4_Expanded_Calcium_Associated_732,KEGG_calcium_cAMP,Calcium signaling pathway,KEGG_calcium_cAMP:Calcium signaling pathway
NOS2,NOS2,Tier4_Expanded_Calcium_Associated_732,KEGG_calcium_cAMP,Calcium signaling pathway,KEGG_calcium_cAMP:Calcium signaling pathway
NOS3,NOS3,Tier4_Expanded_Calcium_Associated_732,KEGG_calcium_cAMP,Calcium signaling pathway,KEGG_calcium_cAMP:Calcium signaling pathway
NPPA,NPPA,Tier4_Expanded_Calcium_Associated_732,KEGG_calcium_cAMP,cGMP-PKG signaling pathway,KEGG_calcium_cAMP:cGMP-PKG signaling pathway
NPPB,NPPB,Tier4_Expanded_Calcium_Associated_732,KEGG_calcium_cAMP,cGMP-PKG signaling pathway,KEGG_calcium_cAMP:cGMP-PKG signaling pathway
NPPC,NPPC,Tier4_Expanded_Calcium_Associated_732,KEGG_calcium_cAMP,cGMP-PKG signaling pathway,KEGG_calcium_cAMP:cGMP-PKG signaling pathway
NPR1,NPR1,Tier4_Expanded_Calcium_Associated_732,KEGG_calcium_cAMP,cGMP-PKG signaling pathway,KEGG_calcium_cAMP:cGMP-PKG signaling pathway
NPR2,NPR2,Tier4_Expanded_Calcium_Associated_732,KEGG_calcium_cAMP,cGMP-PKG signaling pathway,KEGG_calcium_cAMP:cGMP-PKG signaling pathway
NPTN,NPTN,Tier4_Expanded_Calcium_Associated_732,Categorized_calcium;Galaxy_STAR_calcium,Galaxy_STAR_calcium;Other Ca-related,Categorized_calcium:Other Ca-related;Galaxy_STAR_calcium:Galaxy_STAR_calcium
NPY,NPY,Tier4_Expanded_Calcium_Associated_732,KEGG_calcium_cAMP,cAMP signaling pathway,KEGG_calcium_cAMP:cAMP signaling pathway
NPY1R,NPY1R,Tier4_Expanded_Calcium_Associated_732,KEGG_calcium_cAMP,cAMP signaling pathway,KEGG_calcium_cAMP:cAMP signaling pathway
NTRK1,NTRK1,Tier4_Expanded_Calcium_Associated_732,KEGG_calcium_cAMP,Calcium signaling pathway,KEGG_calcium_cAMP:Calcium signaling pathway
NTRK2,NTRK2,Tier4_Expanded_Calcium_Associated_732,KEGG_calcium_cAMP,Calcium signaling pathway,KEGG_calcium_cAMP:Calcium signaling pathway
NTRK3,NTRK3,Tier4_Expanded_Calcium_Associated_732,KEGG_calcium_cAMP,Calcium signaling pathway,KEGG_calcium_cAMP:Calcium signaling pathway
NTSR1,NTSR1,Tier4_Expanded_Calcium_Associated_732,KEGG_calcium_cAMP,Calcium signaling pathway,KEGG_calcium_cAMP:Calcium signaling pathway
NUCB1,NUCB1,Tier4_Expanded_Calcium_Associated_732,Curated_258,Ca_sensors,Curated_258:Ca_sensors
NUCB2,NUCB2,Tier4_Expanded_Calcium_Associated_732,Curated_258,Ca_sensors,Curated_258:Ca_sensors
OPRD1,OPRD1,Tier4_Expanded_Calcium_Associated_732,KEGG_calcium_cAMP,cGMP-PKG signaling pathway,KEGG_calcium_cAMP:cGMP-PKG signaling pathway
ORAI1,ORAI1,Tier4_Expanded_Calcium_Associated_732,Calcium_genes_analysis;Curated_258;KEGG_calcium_cAMP;SOCE_core_manual,Calcium signaling pathway;Calcium_Channel;SOCE_core,Calcium_genes_analysis:Calcium_Channel;Curated_258:SOCE_core;KEGG_calcium_cAMP:Calcium signaling pathway;SOCE_core_manual:SOCE_core
ORAI2,ORAI2,Tier4_Expanded_Calcium_Associated_732,Calcium_genes_analysis;Curated_258;KEGG_calcium_cAMP;SOCE_core_manual,Calcium signaling pathway;Calcium_Channel;SOCE_core,Calcium_genes_analysis:Calcium_Channel;Curated_258:SOCE_core;KEGG_calcium_cAMP:Calcium signaling pathway;SOCE_core_manual:SOCE_core
ORAI3,ORAI3,Tier4_Expanded_Calcium_Associated_732,Calcium_genes_analysis;Curated_258;KEGG_calcium_cAMP;SOCE_core_manual,Calcium signaling pathway;Calcium_Channel;SOCE_core,Calcium_genes_analysis:Calcium_Channel;Curated_258:SOCE_core;KEGG_calcium_cAMP:Calcium signaling pathway;SOCE_core_manual:SOCE_core
OXT,OXT,Tier4_Expanded_Calcium_Associated_732,KEGG_calcium_cAMP,cAMP signaling pathway,KEGG_calcium_cAMP:cAMP signaling pathway
OXTR,OXTR,Tier4_Expanded_Calcium_Associated_732,KEGG_calcium_cAMP,Calcium signaling pathway,KEGG_calcium_cAMP:Calcium signaling pathway
P2RX1,P2RX1,Tier4_Expanded_Calcium_Associated_732,Curated_258;KEGG_calcium_cAMP,Calcium signaling pathway;PM_channels_other,Curated_258:PM_channels_other;KEGG_calcium_cAMP:Calcium signaling pathway
P2RX2,P2RX2,Tier4_Expanded_Calcium_Associated_732,Curated_258;KEGG_calcium_cAMP,Calcium signaling pathway;PM_channels_other,Curated_258:PM_channels_other;KEGG_calcium_cAMP:Calcium signaling pathway
P2RX3,P2RX3,Tier4_Expanded_Calcium_Associated_732,Curated_258;KEGG_calcium_cAMP,Calcium signaling pathway;PM_channels_other,Curated_258:PM_channels_other;KEGG_calcium_cAMP:Calcium signaling pathway
P2RX4,P2RX4,Tier4_Expanded_Calcium_Associated_732,Curated_258;KEGG_calcium_cAMP,Calcium signaling pathway;PM_channels_other,Curated_258:PM_channels_other;KEGG_calcium_cAMP:Calcium signaling pathway
P2RX5,P2RX5,Tier4_Expanded_Calcium_Associated_732,Curated_258;KEGG_calcium_cAMP,Calcium signaling pathway;PM_channels_other,Curated_258:PM_channels_other;KEGG_calcium_cAMP:Calcium signaling pathway
P2RX6,P2RX6,Tier4_Expanded_Calcium_Associated_732,Curated_258;KEGG_calcium_cAMP,Calcium signaling pathway;PM_channels_other,Curated_258:PM_channels_other;KEGG_calcium_cAMP:Calcium signaling pathway
P2RX7,P2RX7,Tier4_Expanded_Calcium_Associated_732,Curated_258;KEGG_calcium_cAMP,Calcium signaling pathway;PM_channels_other,Curated_258:PM_channels_other;KEGG_calcium_cAMP:Calcium signaling pathway
P3R3URF-PIK3R3,P3R3URF-PIK3R3,Tier4_Expanded_Calcium_Associated_732,KEGG_calcium_cAMP,cAMP signaling pathway,KEGG_calcium_cAMP:cAMP signaling pathway
PACS2,PACS2,Tier4_Expanded_Calcium_Associated_732,Curated_258,SOCE_modulators,Curated_258:SOCE_modulators
PAK1,PAK1,Tier4_Expanded_Calcium_Associated_732,KEGG_calcium_cAMP,cAMP signaling pathway,KEGG_calcium_cAMP:cAMP signaling pathway
PDCD6,PDCD6,Tier4_Expanded_Calcium_Associated_732,Categorized_calcium;Galaxy_STAR_calcium,Galaxy_STAR_calcium;Other Ca-related,Categorized_calcium:Other Ca-related;Galaxy_STAR_calcium:Galaxy_STAR_calcium
PDE10A,PDE10A,Tier4_Expanded_Calcium_Associated_732,KEGG_calcium_cAMP,cAMP signaling pathway,KEGG_calcium_cAMP:cAMP signaling pathway
PDE1A,PDE1A,Tier4_Expanded_Calcium_Associated_732,KEGG_calcium_cAMP,Calcium signaling pathway,KEGG_calcium_cAMP:Calcium signaling pathway
PDE1B,PDE1B,Tier4_Expanded_Calcium_Associated_732,KEGG_calcium_cAMP,Calcium signaling pathway,KEGG_calcium_cAMP:Calcium signaling pathway
PDE1C,PDE1C,Tier4_Expanded_Calcium_Associated_732,KEGG_calcium_cAMP,Calcium signaling pathway,KEGG_calcium_cAMP:Calcium signaling pathway
PDE2A,PDE2A,Tier4_Expanded_Calcium_Associated_732,KEGG_calcium_cAMP,cGMP-PKG signaling pathway,KEGG_calcium_cAMP:cGMP-PKG signaling pathway
PDE3A,PDE3A,Tier4_Expanded_Calcium_Associated_732,KEGG_calcium_cAMP,cGMP-PKG signaling pathway,KEGG_calcium_cAMP:cGMP-PKG signaling pathway
PDE3B,PDE3B,Tier4_Expanded_Calcium_Associated_732,KEGG_calcium_cAMP,cGMP-PKG signaling pathway,KEGG_calcium_cAMP:cGMP-PKG signaling pathway
PDE4A,PDE4A,Tier4_Expanded_Calcium_Associated_732,KEGG_calcium_cAMP,cAMP signaling pathway,KEGG_calcium_cAMP:cAMP signaling pathway
PDE4B,PDE4B,Tier4_Expanded_Calcium_Associated_732,KEGG_calcium_cAMP,cAMP signaling pathway,KEGG_calcium_cAMP:cAMP signaling pathway
PDE4C,PDE4C,Tier4_Expanded_Calcium_Associated_732,KEGG_calcium_cAMP,cAMP signaling pathway,KEGG_calcium_cAMP:cAMP signaling pathway
PDE4D,PDE4D,Tier4_Expanded_Calcium_Associated_732,KEGG_calcium_cAMP,cAMP signaling pathway,KEGG_calcium_cAMP:cAMP signaling pathway
PDE5A,PDE5A,Tier4_Expanded_Calcium_Associated_732,KEGG_calcium_cAMP,cGMP-PKG signaling pathway,KEGG_calcium_cAMP:cGMP-PKG signaling pathway
PDGFA,PDGFA,Tier4_Expanded_Calcium_Associated_732,KEGG_calcium_cAMP,Calcium signaling pathway,KEGG_calcium_cAMP:Calcium signaling pathway
PDGFB,PDGFB,Tier4_Expanded_Calcium_Associated_732,KEGG_calcium_cAMP,Calcium signaling pathway,KEGG_calcium_cAMP:Calcium signaling pathway
PDGFC,PDGFC,Tier4_Expanded_Calcium_Associated_732,KEGG_calcium_cAMP,Calcium signaling pathway,KEGG_calcium_cAMP:Calcium signaling pathway
PDGFD,PDGFD,Tier4_Expanded_Calcium_Associated_732,KEGG_calcium_cAMP,Calcium signaling pathway,KEGG_calcium_cAMP:Calcium signaling pathway
PDGFRA,PDGFRA,Tier4_Expanded_Calcium_Associated_732,KEGG_calcium_cAMP,Calcium signaling pathway,KEGG_calcium_cAMP:Calcium signaling pathway
PDGFRB,PDGFRB,Tier4_Expanded_Calcium_Associated_732,KEGG_calcium_cAMP,Calcium signaling pathway,KEGG_calcium_cAMP:Calcium signaling pathway
PDZD8,PDZD8,Tier4_Expanded_Calcium_Associated_732,Curated_258,SOCE_modulators,Curated_258:SOCE_modulators
PHKA1,PHKA1,Tier4_Expanded_Calcium_Associated_732,Categorized_calcium;Galaxy_STAR_calcium;KEGG_calcium_cAMP,Calcium signaling pathway;Galaxy_STAR_calcium;Other Ca-related,Categorized_calcium:Other Ca-related;Galaxy_STAR_calcium:Galaxy_STAR_calcium;KEGG_calcium_cAMP:Calcium signaling pathway
PHKA2,PHKA2,Tier4_Expanded_Calcium_Associated_732,Categorized_calcium;Galaxy_STAR_calcium;KEGG_calcium_cAMP,Calcium signaling pathway;Galaxy_STAR_calcium;Other Ca-related,Categorized_calcium:Other Ca-related;Galaxy_STAR_calcium:Galaxy_STAR_calcium;KEGG_calcium_cAMP:Calcium signaling pathway
PHKB,PHKB,Tier4_Expanded_Calcium_Associated_732,Categorized_calcium;Galaxy_STAR_calcium;KEGG_calcium_cAMP,Calcium signaling pathway;Galaxy_STAR_calcium;Other Ca-related,Categorized_calcium:Other Ca-related;Galaxy_STAR_calcium:Galaxy_STAR_calcium;KEGG_calcium_cAMP:Calcium signaling pathway
PHKG1,PHKG1,Tier4_Expanded_Calcium_Associated_732,KEGG_calcium_cAMP,Calcium signaling pathway,KEGG_calcium_cAMP:Calcium signaling pathway
PHKG2,PHKG2,Tier4_Expanded_Calcium_Associated_732,KEGG_calcium_cAMP,Calcium signaling pathway,KEGG_calcium_cAMP:Calcium signaling pathway
PICALM,PICALM,Tier4_Expanded_Calcium_Associated_732,Categorized_calcium;Galaxy_STAR_calcium,Calmodulin/CaMK;Galaxy_STAR_calcium,Categorized_calcium:Calmodulin/CaMK;Galaxy_STAR_calcium:Galaxy_STAR_calcium
PIK3CA,PIK3CA,Tier4_Expanded_Calcium_Associated_732,KEGG_calcium_cAMP,cAMP signaling pathway,KEGG_calcium_cAMP:cAMP signaling pathway
PIK3CB,PIK3CB,Tier4_Expanded_Calcium_Associated_732,KEGG_calcium_cAMP,cAMP signaling pathway,KEGG_calcium_cAMP:cAMP signaling pathway
PIK3CD,PIK3CD,Tier4_Expanded_Calcium_Associated_732,KEGG_calcium_cAMP,cAMP signaling pathway,KEGG_calcium_cAMP:cAMP signaling pathway
PIK3CG,PIK3CG,Tier4_Expanded_Calcium_Associated_732,KEGG_calcium_cAMP,cGMP-PKG signaling pathway,KEGG_calcium_cAMP:cGMP-PKG signaling pathway
PIK3R1,PIK3R1,Tier4_Expanded_Calcium_Associated_732,KEGG_calcium_cAMP,cAMP signaling pathway,KEGG_calcium_cAMP:cAMP signaling pathway
PIK3R2,PIK3R2,Tier4_Expanded_Calcium_Associated_732,KEGG_calcium_cAMP,cAMP signaling pathway,KEGG_calcium_cAMP:cAMP signaling pathway
PIK3R3,PIK3R3,Tier4_Expanded_Calcium_Associated_732,KEGG_calcium_cAMP,cAMP signaling pathway,KEGG_calcium_cAMP:cAMP signaling pathway
PIK3R5,PIK3R5,Tier4_Expanded_Calcium_Associated_732,KEGG_calcium_cAMP,cGMP-PKG signaling pathway,KEGG_calcium_cAMP:cGMP-PKG signaling pathway
PIK3R6,PIK3R6,Tier4_Expanded_Calcium_Associated_732,KEGG_calcium_cAMP,cGMP-PKG signaling pathway,KEGG_calcium_cAMP:cGMP-PKG signaling pathway
PKD1,PKD1,Tier4_Expanded_Calcium_Associated_732,Categorized_calcium;Galaxy_STAR_calcium,Galaxy_STAR_calcium;Other Ca-related,Categorized_calcium:Other Ca-related;Galaxy_STAR_calcium:Galaxy_STAR_calcium
PKD2,PKD2,Tier4_Expanded_Calcium_Associated_732,Curated_258,TRP_channels,Curated_258:TRP_channels
PKD2L1,PKD2L1,Tier4_Expanded_Calcium_Associated_732,Curated_258,TRP_channels,Curated_258:TRP_channels
PKD2L2,PKD2L2,Tier4_Expanded_Calcium_Associated_732,Curated_258,TRP_channels,Curated_258:TRP_channels
PLCB1,PLCB1,Tier4_Expanded_Calcium_Associated_732,Calcium_genes_analysis;Curated_258;KEGG_calcium_cAMP,Calcium signaling pathway;Calcium_Signaling;PLC_IP3,Calcium_genes_analysis:Calcium_Signaling;Curated_258:PLC_IP3;KEGG_calcium_cAMP:Calcium signaling pathway
PLCB2,PLCB2,Tier4_Expanded_Calcium_Associated_732,Calcium_genes_analysis;Curated_258;KEGG_calcium_cAMP,Calcium signaling pathway;Calcium_Signaling;PLC_IP3,Calcium_genes_analysis:Calcium_Signaling;Curated_258:PLC_IP3;KEGG_calcium_cAMP:Calcium signaling pathway
PLCB3,PLCB3,Tier4_Expanded_Calcium_Associated_732,Calcium_genes_analysis;Curated_258;KEGG_calcium_cAMP,Calcium signaling pathway;Calcium_Signaling;PLC_IP3,Calcium_genes_analysis:Calcium_Signaling;Curated_258:PLC_IP3;KEGG_calcium_cAMP:Calcium signaling pathway
PLCB4,PLCB4,Tier4_Expanded_Calcium_Associated_732,Calcium_genes_analysis;Curated_258;KEGG_calcium_cAMP,Calcium signaling pathway;Calcium_Signaling;PLC_IP3,Calcium_genes_analysis:Calcium_Signaling;Curated_258:PLC_IP3;KEGG_calcium_cAMP:Calcium signaling pathway
PLCD1,PLCD1,Tier4_Expanded_Calcium_Associated_732,Calcium_genes_analysis;Categorized_calcium;Curated_258;Galaxy_STAR_calcium;KEGG_calcium_cAMP,Calcium signaling pathway;Calcium_Signaling;Galaxy_STAR_calcium;Other Ca-related;PLC_IP3,Calcium_genes_analysis:Calcium_Signaling;Categorized_calcium:Other Ca-related;Curated_258:PLC_IP3;Galaxy_STAR_calcium:Galaxy_STAR_calcium;KEGG_calcium_cAMP:Calcium signaling pathway
PLCD3,PLCD3,Tier4_Expanded_Calcium_Associated_732,Calcium_genes_analysis;Curated_258;KEGG_calcium_cAMP,Calcium signaling pathway;Calcium_Signaling;PLC_IP3,Calcium_genes_analysis:Calcium_Signaling;Curated_258:PLC_IP3;KEGG_calcium_cAMP:Calcium signaling pathway
PLCD4,PLCD4,Tier4_Expanded_Calcium_Associated_732,Calcium_genes_analysis;Curated_258;KEGG_calcium_cAMP,Calcium signaling pathway;Calcium_Signaling;PLC_IP3,Calcium_genes_analysis:Calcium_Signaling;Curated_258:PLC_IP3;KEGG_calcium_cAMP:Calcium signaling pathway
PLCE1,PLCE1,Tier4_Expanded_Calcium_Associated_732,Calcium_genes_analysis;Curated_258;KEGG_calcium_cAMP,Calcium signaling pathway;Calcium_Signaling;PLC_IP3,Calcium_genes_analysis:Calcium_Signaling;Curated_258:PLC_IP3;KEGG_calcium_cAMP:Calcium signaling pathway
PLCG1,PLCG1,Tier4_Expanded_Calcium_Associated_732,Calcium_genes_analysis;Curated_258;KEGG_calcium_cAMP,Calcium signaling pathway;Calcium_Signaling;PLC_IP3,Calcium_genes_analysis:Calcium_Signaling;Curated_258:PLC_IP3;KEGG_calcium_cAMP:Calcium signaling pathway
PLCG2,PLCG2,Tier4_Expanded_Calcium_Associated_732,Calcium_genes_analysis;Curated_258;KEGG_calcium_cAMP,Calcium signaling pathway;Calcium_Signaling;PLC_IP3,Calcium_genes_analysis:Calcium_Signaling;Curated_258:PLC_IP3;KEGG_calcium_cAMP:Calcium signaling pathway
PLCH1,PLCH1,Tier4_Expanded_Calcium_Associated_732,Calcium_genes_analysis,Calcium_Signaling,Calcium_genes_analysis:Calcium_Signaling
PLCH2,PLCH2,Tier4_Expanded_Calcium_Associated_732,Calcium_genes_analysis,Calcium_Signaling,Calcium_genes_analysis:Calcium_Signaling
PLCL1,PLCL1,Tier4_Expanded_Calcium_Associated_732,Calcium_genes_analysis,Calcium_Signaling,Calcium_genes_analysis:Calcium_Signaling
PLCL2,PLCL2,Tier4_Expanded_Calcium_Associated_732,Calcium_genes_analysis,Calcium_Signaling,Calcium_genes_analysis:Calcium_Signaling
PLCZ1,PLCZ1,Tier4_Expanded_Calcium_Associated_732,Curated_258;KEGG_calcium_cAMP,Calcium signaling pathway;PLC_IP3,Curated_258:PLC_IP3;KEGG_calcium_cAMP:Calcium signaling pathway
PLD1,PLD1,Tier4_Expanded_Calcium_Associated_732,Categorized_calcium;Galaxy_STAR_calcium;KEGG_calcium_cAMP,Galaxy_STAR_calcium;Other Ca-related;cAMP signaling pathway,Categorized_calcium:Other Ca-related;Galaxy_STAR_calcium:Galaxy_STAR_calcium;KEGG_calcium_cAMP:cAMP signaling pathway
PLD2,PLD2,Tier4_Expanded_Calcium_Associated_732,Categorized_calcium;Galaxy_STAR_calcium;KEGG_calcium_cAMP,Galaxy_STAR_calcium;Other Ca-related;cAMP signaling pathway,Categorized_calcium:Other Ca-related;Galaxy_STAR_calcium:Galaxy_STAR_calcium;KEGG_calcium_cAMP:cAMP signaling pathway
PLN,PLN,Tier4_Expanded_Calcium_Associated_732,KEGG_calcium_cAMP,Calcium signaling pathway,KEGG_calcium_cAMP:Calcium signaling pathway
POMC,POMC,Tier4_Expanded_Calcium_Associated_732,KEGG_calcium_cAMP,cAMP signaling pathway,KEGG_calcium_cAMP:cAMP signaling pathway
POPDC2,POPDC2,Tier4_Expanded_Calcium_Associated_732,KEGG_calcium_cAMP,cAMP signaling pathway,KEGG_calcium_cAMP:cAMP signaling pathway
POPDC3,POPDC3,Tier4_Expanded_Calcium_Associated_732,KEGG_calcium_cAMP,cAMP signaling pathway,KEGG_calcium_cAMP:cAMP signaling pathway
PPARA,PPARA,Tier4_Expanded_Calcium_Associated_732,Categorized_calcium;Galaxy_STAR_calcium;KEGG_calcium_cAMP,Galaxy_STAR_calcium;Other Ca-related;cAMP signaling pathway,Categorized_calcium:Other Ca-related;Galaxy_STAR_calcium:Galaxy_STAR_calcium;KEGG_calcium_cAMP:cAMP signaling pathway
PPIF,PPIF,Tier4_Expanded_Calcium_Associated_732,KEGG_calcium_cAMP,Calcium signaling pathway,KEGG_calcium_cAMP:Calcium signaling pathway
PPP1CA,PPP1CA,Tier4_Expanded_Calcium_Associated_732,KEGG_calcium_cAMP,cGMP-PKG signaling pathway,KEGG_calcium_cAMP:cGMP-PKG signaling pathway
PPP1CB,PPP1CB,Tier4_Expanded_Calcium_Associated_732,KEGG_calcium_cAMP,cGMP-PKG signaling pathway,KEGG_calcium_cAMP:cGMP-PKG signaling pathway
PPP1CC,PPP1CC,Tier4_Expanded_Calcium_Associated_732,KEGG_calcium_cAMP,cGMP-PKG signaling pathway,KEGG_calcium_cAMP:cGMP-PKG signaling pathway
PPP1R12A,PPP1R12A,Tier4_Expanded_Calcium_Associated_732,Categorized_calcium;Galaxy_STAR_calcium;KEGG_calcium_cAMP,Galaxy_STAR_calcium;Other Ca-related;cGMP-PKG signaling pathway,Categorized_calcium:Other Ca-related;Galaxy_STAR_calcium:Galaxy_STAR_calcium;KEGG_calcium_cAMP:cGMP-PKG signaling pathway
PPP1R1B,PPP1R1B,Tier4_Expanded_Calcium_Associated_732,KEGG_calcium_cAMP,cAMP signaling pathway,KEGG_calcium_cAMP:cAMP signaling pathway
PPP2R2D,PPP2R2D,Tier4_Expanded_Calcium_Associated_732,Categorized_calcium;Galaxy_STAR_calcium,Galaxy_STAR_calcium;Other Ca-related,Categorized_calcium:Other Ca-related;Galaxy_STAR_calcium:Galaxy_STAR_calcium
PPP2R5B,PPP2R5B,Tier4_Expanded_Calcium_Associated_732,Categorized_calcium;Galaxy_STAR_calcium,Galaxy_STAR_calcium;Other Ca-related,Categorized_calcium:Other Ca-related;Galaxy_STAR_calcium:Galaxy_STAR_calcium
PPP2R5C,PPP2R5C,Tier4_Expanded_Calcium_Associated_732,Categorized_calcium;Galaxy_STAR_calcium,Galaxy_STAR_calcium;Other Ca-related,Categorized_calcium:Other Ca-related;Galaxy_STAR_calcium:Galaxy_STAR_calcium
PPP2R5D,PPP2R5D,Tier4_Expanded_Calcium_Associated_732,Categorized_calcium;Galaxy_STAR_calcium,Galaxy_STAR_calcium;Other Ca-related,Categorized_calcium:Other Ca-related;Galaxy_STAR_calcium:Galaxy_STAR_calcium
PPP3CA,PPP3CA,Tier4_Expanded_Calcium_Associated_732,Calcium_genes_analysis;Curated_258;KEGG_calcium_cAMP,Calcineurin_NFAT;Calcium signaling pathway;Calcium_Signaling,Calcium_genes_analysis:Calcium_Signaling;Curated_258:Calcineurin_NFAT;KEGG_calcium_cAMP:Calcium signaling pathway
PPP3CB,PPP3CB,Tier4_Expanded_Calcium_Associated_732,Calcium_genes_analysis;Curated_258;KEGG_calcium_cAMP,Calcineurin_NFAT;Calcium signaling pathway;Calcium_Signaling,Calcium_genes_analysis:Calcium_Signaling;Curated_258:Calcineurin_NFAT;KEGG_calcium_cAMP:Calcium signaling pathway
PPP3CB-AS1,PPP3CB-AS1,Tier4_Expanded_Calcium_Associated_732,Categorized_calcium;Galaxy_STAR_calcium,Calcineurin;Galaxy_STAR_calcium,Categorized_calcium:Calcineurin;Galaxy_STAR_calcium:Galaxy_STAR_calcium
PPP3CC,PPP3CC,Tier4_Expanded_Calcium_Associated_732,Calcium_genes_analysis;Curated_258;KEGG_calcium_cAMP,Calcineurin_NFAT;Calcium signaling pathway;Calcium_Signaling,Calcium_genes_analysis:Calcium_Signaling;Curated_258:Calcineurin_NFAT;KEGG_calcium_cAMP:Calcium signaling pathway
PPP3R1,PPP3R1,Tier4_Expanded_Calcium_Associated_732,Calcium_genes_analysis;Curated_258;KEGG_calcium_cAMP,Calcineurin_NFAT;Calcium signaling pathway;Calcium_Signaling,Calcium_genes_analysis:Calcium_Signaling;Curated_258:Calcineurin_NFAT;KEGG_calcium_cAMP:Calcium signaling pathway
PPP3R2,PPP3R2,Tier4_Expanded_Calcium_Associated_732,Calcium_genes_analysis;Curated_258;KEGG_calcium_cAMP,Calcineurin_NFAT;Calcium signaling pathway;Calcium_Signaling,Calcium_genes_analysis:Calcium_Signaling;Curated_258:Calcineurin_NFAT;KEGG_calcium_cAMP:Calcium signaling pathway
PRKACA,PRKACA,Tier4_Expanded_Calcium_Associated_732,Categorized_calcium;Galaxy_STAR_calcium;KEGG_calcium_cAMP,Calcium signaling pathway;Galaxy_STAR_calcium;Other Ca-related,Categorized_calcium:Other Ca-related;Galaxy_STAR_calcium:Galaxy_STAR_calcium;KEGG_calcium_cAMP:Calcium signaling pathway
PRKACB,PRKACB,Tier4_Expanded_Calcium_Associated_732,KEGG_calcium_cAMP,Calcium signaling pathway,KEGG_calcium_cAMP:Calcium signaling pathway
PRKACG,PRKACG,Tier4_Expanded_Calcium_Associated_732,KEGG_calcium_cAMP,Calcium signaling pathway,KEGG_calcium_cAMP:Calcium signaling pathway
PRKCA,PRKCA,Tier4_Expanded_Calcium_Associated_732,Calcium_genes_analysis;KEGG_calcium_cAMP,Calcium signaling pathway;Calcium_Signaling,Calcium_genes_analysis:Calcium_Signaling;KEGG_calcium_cAMP:Calcium signaling pathway
PRKCB,PRKCB,Tier4_Expanded_Calcium_Associated_732,Calcium_genes_analysis;KEGG_calcium_cAMP,Calcium signaling pathway;Calcium_Signaling,Calcium_genes_analysis:Calcium_Signaling;KEGG_calcium_cAMP:Calcium signaling pathway
PRKCD,PRKCD,Tier4_Expanded_Calcium_Associated_732,Calcium_genes_analysis,Calcium_Signaling,Calcium_genes_analysis:Calcium_Signaling
PRKCE,PRKCE,Tier4_Expanded_Calcium_Associated_732,Calcium_genes_analysis;KEGG_calcium_cAMP,Calcium_Signaling;cGMP-PKG signaling pathway,Calcium_genes_analysis:Calcium_Signaling;KEGG_calcium_cAMP:cGMP-PKG signaling pathway
PRKCG,PRKCG,Tier4_Expanded_Calcium_Associated_732,Calcium_genes_analysis;KEGG_calcium_cAMP,Calcium signaling pathway;Calcium_Signaling,Calcium_genes_analysis:Calcium_Signaling;KEGG_calcium_cAMP:Calcium signaling pathway
PRKCI,PRKCI,Tier4_Expanded_Calcium_Associated_732,Calcium_genes_analysis,Calcium_Signaling,Calcium_genes_analysis:Calcium_Signaling
PRKCQ,PRKCQ,Tier4_Expanded_Calcium_Associated_732,Calcium_genes_analysis,Calcium_Signaling,Calcium_genes_analysis:Calcium_Signaling
PRKCZ,PRKCZ,Tier4_Expanded_Calcium_Associated_732,Calcium_genes_analysis,Calcium_Signaling,Calcium_genes_analysis:Calcium_Signaling
PRKG1,PRKG1,Tier4_Expanded_Calcium_Associated_732,KEGG_calcium_cAMP,cGMP-PKG signaling pathway,KEGG_calcium_cAMP:cGMP-PKG signaling pathway
PRKG2,PRKG2,Tier4_Expanded_Calcium_Associated_732,KEGG_calcium_cAMP,cGMP-PKG signaling pathway,KEGG_calcium_cAMP:cGMP-PKG signaling pathway
PTAFR,PTAFR,Tier4_Expanded_Calcium_Associated_732,KEGG_calcium_cAMP,Calcium signaling pathway,KEGG_calcium_cAMP:Calcium signaling pathway
PTCH1,PTCH1,Tier4_Expanded_Calcium_Associated_732,KEGG_calcium_cAMP,cAMP signaling pathway,KEGG_calcium_cAMP:cAMP signaling pathway
PTGER1,PTGER1,Tier4_Expanded_Calcium_Associated_732,KEGG_calcium_cAMP,Calcium signaling pathway,KEGG_calcium_cAMP:Calcium signaling pathway
PTGER2,PTGER2,Tier4_Expanded_Calcium_Associated_732,KEGG_calcium_cAMP,cAMP signaling pathway,KEGG_calcium_cAMP:cAMP signaling pathway
PTGER3,PTGER3,Tier4_Expanded_Calcium_Associated_732,KEGG_calcium_cAMP,Calcium signaling pathway,KEGG_calcium_cAMP:Calcium signaling pathway
PTGFR,PTGFR,Tier4_Expanded_Calcium_Associated_732,KEGG_calcium_cAMP,Calcium signaling pathway,KEGG_calcium_cAMP:Calcium signaling pathway
PTK2B,PTK2B,Tier4_Expanded_Calcium_Associated_732,Categorized_calcium;Galaxy_STAR_calcium;KEGG_calcium_cAMP,Calcium signaling pathway;Galaxy_STAR_calcium;Other Ca-related,Categorized_calcium:Other Ca-related;Galaxy_STAR_calcium:Galaxy_STAR_calcium;KEGG_calcium_cAMP:Calcium signaling pathway
PVALB,PVALB,Tier4_Expanded_Calcium_Associated_732,Calcium_genes_analysis,Calcium_Binding,Calcium_genes_analysis:Calcium_Binding
RAB3GAP1,RAB3GAP1,Tier4_Expanded_Calcium_Associated_732,Categorized_calcium;Galaxy_STAR_calcium,Galaxy_STAR_calcium;Other Ca-related,Categorized_calcium:Other Ca-related;Galaxy_STAR_calcium:Galaxy_STAR_calcium
RAC1,RAC1,Tier4_Expanded_Calcium_Associated_732,KEGG_calcium_cAMP,cAMP signaling pathway,KEGG_calcium_cAMP:cAMP signaling pathway
RAC2,RAC2,Tier4_Expanded_Calcium_Associated_732,KEGG_calcium_cAMP,cAMP signaling pathway,KEGG_calcium_cAMP:cAMP signaling pathway
RAC3,RAC3,Tier4_Expanded_Calcium_Associated_732,Categorized_calcium;Galaxy_STAR_calcium;KEGG_calcium_cAMP,Galaxy_STAR_calcium;Other Ca-related;cAMP signaling pathway,Categorized_calcium:Other Ca-related;Galaxy_STAR_calcium:Galaxy_STAR_calcium;KEGG_calcium_cAMP:cAMP signaling pathway
RAF1,RAF1,Tier4_Expanded_Calcium_Associated_732,Categorized_calcium;Galaxy_STAR_calcium;KEGG_calcium_cAMP,Galaxy_STAR_calcium;Other Ca-related;cGMP-PKG signaling pathway,Categorized_calcium:Other Ca-related;Galaxy_STAR_calcium:Galaxy_STAR_calcium;KEGG_calcium_cAMP:cGMP-PKG signaling pathway
RAP1A,RAP1A,Tier4_Expanded_Calcium_Associated_732,KEGG_calcium_cAMP,cAMP signaling pathway,KEGG_calcium_cAMP:cAMP signaling pathway
RAP1B,RAP1B,Tier4_Expanded_Calcium_Associated_732,KEGG_calcium_cAMP,cAMP signaling pathway,KEGG_calcium_cAMP:cAMP signaling pathway
RAPGEF3,RAPGEF3,Tier4_Expanded_Calcium_Associated_732,KEGG_calcium_cAMP,cAMP signaling pathway,KEGG_calcium_cAMP:cAMP signaling pathway
RAPGEF4,RAPGEF4,Tier4_Expanded_Calcium_Associated_732,KEGG_calcium_cAMP,cAMP signaling pathway,KEGG_calcium_cAMP:cAMP signaling pathway
RASGRP2,RASGRP2,Tier4_Expanded_Calcium_Associated_732,Categorized_calcium;Galaxy_STAR_calcium,Galaxy_STAR_calcium;Other Ca-related,Categorized_calcium:Other Ca-related;Galaxy_STAR_calcium:Galaxy_STAR_calcium
RCAN1,RCAN1,Tier4_Expanded_Calcium_Associated_732,Curated_258,Calcineurin_NFAT,Curated_258:Calcineurin_NFAT
RCAN2,RCAN2,Tier4_Expanded_Calcium_Associated_732,Curated_258,Calcineurin_NFAT,Curated_258:Calcineurin_NFAT
RCAN3,RCAN3,Tier4_Expanded_Calcium_Associated_732,Curated_258,Calcineurin_NFAT,Curated_258:Calcineurin_NFAT
RCVRN,RCVRN,Tier4_Expanded_Calcium_Associated_732,Curated_258,Ca_sensors,Curated_258:Ca_sensors
RELA,RELA,Tier4_Expanded_Calcium_Associated_732,KEGG_calcium_cAMP,cAMP signaling pathway,KEGG_calcium_cAMP:cAMP signaling pathway
RET,RET,Tier4_Expanded_Calcium_Associated_732,KEGG_calcium_cAMP,Calcium signaling pathway,KEGG_calcium_cAMP:Calcium signaling pathway
RGS2,RGS2,Tier4_Expanded_Calcium_Associated_732,KEGG_calcium_cAMP,cGMP-PKG signaling pathway,KEGG_calcium_cAMP:cGMP-PKG signaling pathway
RHOA,RHOA,Tier4_Expanded_Calcium_Associated_732,KEGG_calcium_cAMP,cGMP-PKG signaling pathway,KEGG_calcium_cAMP:cGMP-PKG signaling pathway
RMDN3,RMDN3,Tier4_Expanded_Calcium_Associated_732,Categorized_calcium;Galaxy_STAR_calcium,Galaxy_STAR_calcium;Other Ca-related,Categorized_calcium:Other Ca-related;Galaxy_STAR_calcium:Galaxy_STAR_calcium
ROCK1,ROCK1,Tier4_Expanded_Calcium_Associated_732,KEGG_calcium_cAMP,cGMP-PKG signaling pathway,KEGG_calcium_cAMP:cGMP-PKG signaling pathway
ROCK2,ROCK2,Tier4_Expanded_Calcium_Associated_732,KEGG_calcium_cAMP,cGMP-PKG signaling pathway,KEGG_calcium_cAMP:cGMP-PKG signaling pathway
RRAS,RRAS,Tier4_Expanded_Calcium_Associated_732,KEGG_calcium_cAMP,cAMP signaling pathway,KEGG_calcium_cAMP:cAMP signaling pathway
RRAS2,RRAS2,Tier4_Expanded_Calcium_Associated_732,KEGG_calcium_cAMP,cAMP signaling pathway,KEGG_calcium_cAMP:cAMP signaling pathway
RYR1,RYR1,Tier4_Expanded_Calcium_Associated_732,Calcium_genes_analysis;Curated_258;KEGG_calcium_cAMP,Calcium signaling pathway;Calcium_Channel;ER_channels,Calcium_genes_analysis:Calcium_Channel;Curated_258:ER_channels;KEGG_calcium_cAMP:Calcium signaling pathway
RYR2,RYR2,Tier4_Expanded_Calcium_Associated_732,Calcium_genes_analysis;Curated_258;KEGG_calcium_cAMP,Calcium signaling pathway;Calcium_Channel;ER_channels,Calcium_genes_analysis:Calcium_Channel;Curated_258:ER_channels;KEGG_calcium_cAMP:Calcium signaling pathway
RYR3,RYR3,Tier4_Expanded_Calcium_Associated_732,Calcium_genes_analysis;Curated_258;KEGG_calcium_cAMP,Calcium signaling pathway;Calcium_Channel;ER_channels,Calcium_genes_analysis:Calcium_Channel;Curated_258:ER_channels;KEGG_calcium_cAMP:Calcium signaling pathway
S100A1,S100A1,Tier4_Expanded_Calcium_Associated_732,Calcium_genes_analysis;Curated_258,Ca_sensors;Calcium_Binding,Calcium_genes_analysis:Calcium_Binding;Curated_258:Ca_sensors
S100A10,S100A10,Tier4_Expanded_Calcium_Associated_732,Calcium_genes_analysis,Calcium_Binding,Calcium_genes_analysis:Calcium_Binding
S100A11,S100A11,Tier4_Expanded_Calcium_Associated_732,Calcium_genes_analysis,Calcium_Binding,Calcium_genes_analysis:Calcium_Binding
S100A12,S100A12,Tier4_Expanded_Calcium_Associated_732,Calcium_genes_analysis,Calcium_Binding,Calcium_genes_analysis:Calcium_Binding
S100A13,S100A13,Tier4_Expanded_Calcium_Associated_732,Calcium_genes_analysis;Categorized_calcium;Galaxy_STAR_calcium,Ca-binding proteins;Calcium_Binding;Galaxy_STAR_calcium,Calcium_genes_analysis:Calcium_Binding;Categorized_calcium:Ca-binding proteins;Galaxy_STAR_calcium:Galaxy_STAR_calcium
S100A14,S100A14,Tier4_Expanded_Calcium_Associated_732,Calcium_genes_analysis,Calcium_Binding,Calcium_genes_analysis:Calcium_Binding
S100A16,S100A16,Tier4_Expanded_Calcium_Associated_732,Calcium_genes_analysis,Calcium_Binding,Calcium_genes_analysis:Calcium_Binding
S100A2,S100A2,Tier4_Expanded_Calcium_Associated_732,Calcium_genes_analysis;Curated_258,Ca_sensors;Calcium_Binding,Calcium_genes_analysis:Calcium_Binding;Curated_258:Ca_sensors
S100A3,S100A3,Tier4_Expanded_Calcium_Associated_732,Calcium_genes_analysis,Calcium_Binding,Calcium_genes_analysis:Calcium_Binding
S100A4,S100A4,Tier4_Expanded_Calcium_Associated_732,Calcium_genes_analysis,Calcium_Binding,Calcium_genes_analysis:Calcium_Binding
S100A5,S100A5,Tier4_Expanded_Calcium_Associated_732,Calcium_genes_analysis,Calcium_Binding,Calcium_genes_analysis:Calcium_Binding
S100A6,S100A6,Tier4_Expanded_Calcium_Associated_732,Calcium_genes_analysis;Curated_258,Ca_sensors;Calcium_Binding,Calcium_genes_analysis:Calcium_Binding;Curated_258:Ca_sensors
S100A7,S100A7,Tier4_Expanded_Calcium_Associated_732,Calcium_genes_analysis,Calcium_Binding,Calcium_genes_analysis:Calcium_Binding
S100A8,S100A8,Tier4_Expanded_Calcium_Associated_732,Calcium_genes_analysis;Curated_258,Ca_sensors;Calcium_Binding,Calcium_genes_analysis:Calcium_Binding;Curated_258:Ca_sensors
S100A9,S100A9,Tier4_Expanded_Calcium_Associated_732,Calcium_genes_analysis;Curated_258,Ca_sensors;Calcium_Binding,Calcium_genes_analysis:Calcium_Binding;Curated_258:Ca_sensors
S100B,S100B,Tier4_Expanded_Calcium_Associated_732,Calcium_genes_analysis;Curated_258,Ca_sensors;Calcium_Binding,Calcium_genes_analysis:Calcium_Binding;Curated_258:Ca_sensors
S100G,S100G,Tier4_Expanded_Calcium_Associated_732,Calcium_genes_analysis;Curated_258,Ca_sensors;Calcium_Binding,Calcium_genes_analysis:Calcium_Binding;Curated_258:Ca_sensors
S100P,S100P,Tier4_Expanded_Calcium_Associated_732,Calcium_genes_analysis,Calcium_Binding,Calcium_genes_analysis:Calcium_Binding
S100PBP,S100PBP,Tier4_Expanded_Calcium_Associated_732,Categorized_calcium;Galaxy_STAR_calcium,Ca-binding proteins;Galaxy_STAR_calcium,Categorized_calcium:Ca-binding proteins;Galaxy_STAR_calcium:Galaxy_STAR_calcium
S100Z,S100Z,Tier4_Expanded_Calcium_Associated_732,Calcium_genes_analysis,Calcium_Binding,Calcium_genes_analysis:Calcium_Binding
SARAF,SARAF,Tier4_Expanded_Calcium_Associated_732,Curated_258;SOCE_core_manual,SOCE_core,Curated_258:SOCE_core;SOCE_core_manual:SOCE_core
SCN9A,SCN9A,Tier4_Expanded_Calcium_Associated_732,Categorized_calcium;Galaxy_STAR_calcium,Galaxy_STAR_calcium;Other Ca-related,Categorized_calcium:Other Ca-related;Galaxy_STAR_calcium:Galaxy_STAR_calcium
SDF4,SDF4,Tier4_Expanded_Calcium_Associated_732,Categorized_calcium;Curated_258;Galaxy_STAR_calcium,Ca_sensors;Galaxy_STAR_calcium;Other Ca-related,Categorized_calcium:Other Ca-related;Curated_258:Ca_sensors;Galaxy_STAR_calcium:Galaxy_STAR_calcium
SEC31A,SEC31A,Tier4_Expanded_Calcium_Associated_732,Categorized_calcium;Galaxy_STAR_calcium,Galaxy_STAR_calcium;Other Ca-related,Categorized_calcium:Other Ca-related;Galaxy_STAR_calcium:Galaxy_STAR_calcium
SERCA1,SERCA1,Tier4_Expanded_Calcium_Associated_732,Calcium_genes_analysis,ER_Calcium,Calcium_genes_analysis:ER_Calcium
SERCA2,SERCA2,Tier4_Expanded_Calcium_Associated_732,Calcium_genes_analysis,ER_Calcium,Calcium_genes_analysis:ER_Calcium
SERCA3,SERCA3,Tier4_Expanded_Calcium_Associated_732,Calcium_genes_analysis,ER_Calcium,Calcium_genes_analysis:ER_Calcium
SLC24A1,SLC24A1,Tier4_Expanded_Calcium_Associated_732,Calcium_genes_analysis;Curated_258,Calcium_Channel;NCX,Calcium_genes_analysis:Calcium_Channel;Curated_258:NCX
SLC24A2,SLC24A2,Tier4_Expanded_Calcium_Associated_732,Calcium_genes_analysis;Curated_258,Calcium_Channel;NCX,Calcium_genes_analysis:Calcium_Channel;Curated_258:NCX
SLC24A3,SLC24A3,Tier4_Expanded_Calcium_Associated_732,Calcium_genes_analysis;Curated_258,Calcium_Channel;NCX,Calcium_genes_analysis:Calcium_Channel;Curated_258:NCX
SLC24A4,SLC24A4,Tier4_Expanded_Calcium_Associated_732,Calcium_genes_analysis;Curated_258,Calcium_Channel;NCX,Calcium_genes_analysis:Calcium_Channel;Curated_258:NCX
SLC24A5,SLC24A5,Tier4_Expanded_Calcium_Associated_732,Calcium_genes_analysis;Curated_258,Calcium_Channel;NCX,Calcium_genes_analysis:Calcium_Channel;Curated_258:NCX
SLC25A23,SLC25A23,Tier4_Expanded_Calcium_Associated_732,Calcium_genes_analysis;Categorized_calcium;Curated_258;Galaxy_STAR_calcium,Galaxy_STAR_calcium;Mitochondrial;Mitochondrial_Calcium;Other Ca-related,Calcium_genes_analysis:Mitochondrial_Calcium;Categorized_calcium:Other Ca-related;Curated_258:Mitochondrial;Galaxy_STAR_calcium:Galaxy_STAR_calcium
SLC25A24,SLC25A24,Tier4_Expanded_Calcium_Associated_732,Calcium_genes_analysis;Curated_258,Mitochondrial;Mitochondrial_Calcium,Calcium_genes_analysis:Mitochondrial_Calcium;Curated_258:Mitochondrial
SLC25A25,SLC25A25,Tier4_Expanded_Calcium_Associated_732,Calcium_genes_analysis;Curated_258,Mitochondrial;Mitochondrial_Calcium,Calcium_genes_analysis:Mitochondrial_Calcium;Curated_258:Mitochondrial
SLC25A31,SLC25A31,Tier4_Expanded_Calcium_Associated_732,KEGG_calcium_cAMP,Calcium signaling pathway,KEGG_calcium_cAMP:Calcium signaling pathway
SLC25A4,SLC25A4,Tier4_Expanded_Calcium_Associated_732,KEGG_calcium_cAMP,Calcium signaling pathway,KEGG_calcium_cAMP:Calcium signaling pathway
SLC25A5,SLC25A5,Tier4_Expanded_Calcium_Associated_732,KEGG_calcium_cAMP,Calcium signaling pathway,KEGG_calcium_cAMP:Calcium signaling pathway
SLC25A6,SLC25A6,Tier4_Expanded_Calcium_Associated_732,KEGG_calcium_cAMP,Calcium signaling pathway,KEGG_calcium_cAMP:Calcium signaling pathway
SLC3A2,SLC3A2,Tier4_Expanded_Calcium_Associated_732,Categorized_calcium;Galaxy_STAR_calcium,Galaxy_STAR_calcium;Other Ca-related,Categorized_calcium:Other Ca-related;Galaxy_STAR_calcium:Galaxy_STAR_calcium
SLC8A1,SLC8A1,Tier4_Expanded_Calcium_Associated_732,Calcium_genes_analysis;Curated_258;KEGG_calcium_cAMP,Calcium signaling pathway;Calcium_Channel;NCX,Calcium_genes_analysis:Calcium_Channel;Curated_258:NCX;KEGG_calcium_cAMP:Calcium signaling pathway
SLC8A2,SLC8A2,Tier4_Expanded_Calcium_Associated_732,Calcium_genes_analysis;Curated_258;KEGG_calcium_cAMP,Calcium signaling pathway;Calcium_Channel;NCX,Calcium_genes_analysis:Calcium_Channel;Curated_258:NCX;KEGG_calcium_cAMP:Calcium signaling pathway
SLC8A3,SLC8A3,Tier4_Expanded_Calcium_Associated_732,Calcium_genes_analysis;Curated_258;KEGG_calcium_cAMP,Calcium signaling pathway;Calcium_Channel;NCX,Calcium_genes_analysis:Calcium_Channel;Curated_258:NCX;KEGG_calcium_cAMP:Calcium signaling pathway
SLC8B1,SLC8B1,Tier4_Expanded_Calcium_Associated_732,Categorized_calcium;Curated_258;Galaxy_STAR_calcium,Galaxy_STAR_calcium;NCX;Other Ca-related,Categorized_calcium:Other Ca-related;Curated_258:NCX;Galaxy_STAR_calcium:Galaxy_STAR_calcium
SLC9A1,SLC9A1,Tier4_Expanded_Calcium_Associated_732,KEGG_calcium_cAMP,cAMP signaling pathway,KEGG_calcium_cAMP:cAMP signaling pathway
SLN,SLN,Tier4_Expanded_Calcium_Associated_732,KEGG_calcium_cAMP,Calcium signaling pathway,KEGG_calcium_cAMP:Calcium signaling pathway
SMDT1,SMDT1,Tier4_Expanded_Calcium_Associated_732,Calcium_genes_analysis;Curated_258,Mitochondrial;Mitochondrial_Calcium,Calcium_genes_analysis:Mitochondrial_Calcium;Curated_258:Mitochondrial
SOX9,SOX9,Tier4_Expanded_Calcium_Associated_732,KEGG_calcium_cAMP,cAMP signaling pathway,KEGG_calcium_cAMP:cAMP signaling pathway
SPHK1,SPHK1,Tier4_Expanded_Calcium_Associated_732,KEGG_calcium_cAMP,Calcium signaling pathway,KEGG_calcium_cAMP:Calcium signaling pathway
SPHK2,SPHK2,Tier4_Expanded_Calcium_Associated_732,KEGG_calcium_cAMP,Calcium signaling pathway,KEGG_calcium_cAMP:Calcium signaling pathway
SRF,SRF,Tier4_Expanded_Calcium_Associated_732,Categorized_calcium;Galaxy_STAR_calcium;KEGG_calcium_cAMP,Galaxy_STAR_calcium;Other Ca-related;cGMP-PKG signaling pathway,Categorized_calcium:Other Ca-related;Galaxy_STAR_calcium:Galaxy_STAR_calcium;KEGG_calcium_cAMP:cGMP-PKG signaling pathway
SST,SST,Tier4_Expanded_Calcium_Associated_732,KEGG_calcium_cAMP,cAMP signaling pathway,KEGG_calcium_cAMP:cAMP signaling pathway
SSTR1,SSTR1,Tier4_Expanded_Calcium_Associated_732,KEGG_calcium_cAMP,cAMP signaling pathway,KEGG_calcium_cAMP:cAMP signaling pathway
SSTR2,SSTR2,Tier4_Expanded_Calcium_Associated_732,KEGG_calcium_cAMP,cAMP signaling pathway,KEGG_calcium_cAMP:cAMP signaling pathway
SSTR5,SSTR5,Tier4_Expanded_Calcium_Associated_732,KEGG_calcium_cAMP,cAMP signaling pathway,KEGG_calcium_cAMP:cAMP signaling pathway
STIM1,STIM1,Tier4_Expanded_Calcium_Associated_732,Calcium_genes_analysis;Curated_258;KEGG_calcium_cAMP;SOCE_core_manual,Calcium signaling pathway;Calcium_Channel;SOCE_core,Calcium_genes_analysis:Calcium_Channel;Curated_258:SOCE_core;KEGG_calcium_cAMP:Calcium signaling pathway;SOCE_core_manual:SOCE_core
STIM2,STIM2,Tier4_Expanded_Calcium_Associated_732,Calcium_genes_analysis;Curated_258;KEGG_calcium_cAMP;SOCE_core_manual,Calcium signaling pathway;Calcium_Channel;SOCE_core,Calcium_genes_analysis:Calcium_Channel;Curated_258:SOCE_core;KEGG_calcium_cAMP:Calcium signaling pathway;SOCE_core_manual:SOCE_core
STIMATE,STIMATE,Tier4_Expanded_Calcium_Associated_732,Curated_258;SOCE_core_manual,SOCE_core,Curated_258:SOCE_core;SOCE_core_manual:SOCE_core
STOML2,STOML2,Tier4_Expanded_Calcium_Associated_732,Categorized_calcium;Galaxy_STAR_calcium,Galaxy_STAR_calcium;Other Ca-related,Categorized_calcium:Other Ca-related;Galaxy_STAR_calcium:Galaxy_STAR_calcium
SUCNR1,SUCNR1,Tier4_Expanded_Calcium_Associated_732,KEGG_calcium_cAMP,cAMP signaling pathway,KEGG_calcium_cAMP:cAMP signaling pathway
SYT1,SYT1,Tier4_Expanded_Calcium_Associated_732,Curated_258,Synaptotagmins,Curated_258:Synaptotagmins
SYT10,SYT10,Tier4_Expanded_Calcium_Associated_732,Curated_258,Synaptotagmins,Curated_258:Synaptotagmins
SYT11,SYT11,Tier4_Expanded_Calcium_Associated_732,Curated_258,Synaptotagmins,Curated_258:Synaptotagmins
SYT13,SYT13,Tier4_Expanded_Calcium_Associated_732,Curated_258,Synaptotagmins,Curated_258:Synaptotagmins
SYT17,SYT17,Tier4_Expanded_Calcium_Associated_732,Curated_258,Synaptotagmins,Curated_258:Synaptotagmins
SYT2,SYT2,Tier4_Expanded_Calcium_Associated_732,Curated_258,Synaptotagmins,Curated_258:Synaptotagmins
SYT3,SYT3,Tier4_Expanded_Calcium_Associated_732,Curated_258,Synaptotagmins,Curated_258:Synaptotagmins
SYT4,SYT4,Tier4_Expanded_Calcium_Associated_732,Curated_258,Synaptotagmins,Curated_258:Synaptotagmins
SYT5,SYT5,Tier4_Expanded_Calcium_Associated_732,Curated_258,Synaptotagmins,Curated_258:Synaptotagmins
SYT6,SYT6,Tier4_Expanded_Calcium_Associated_732,Curated_258,Synaptotagmins,Curated_258:Synaptotagmins
SYT7,SYT7,Tier4_Expanded_Calcium_Associated_732,Curated_258,Synaptotagmins,Curated_258:Synaptotagmins
SYT9,SYT9,Tier4_Expanded_Calcium_Associated_732,Curated_258,Synaptotagmins,Curated_258:Synaptotagmins
TACR1,TACR1,Tier4_Expanded_Calcium_Associated_732,KEGG_calcium_cAMP,Calcium signaling pathway,KEGG_calcium_cAMP:Calcium signaling pathway
TACR2,TACR2,Tier4_Expanded_Calcium_Associated_732,KEGG_calcium_cAMP,Calcium signaling pathway,KEGG_calcium_cAMP:Calcium signaling pathway
TACR3,TACR3,Tier4_Expanded_Calcium_Associated_732,KEGG_calcium_cAMP,Calcium signaling pathway,KEGG_calcium_cAMP:Calcium signaling pathway
TBXA2R,TBXA2R,Tier4_Expanded_Calcium_Associated_732,KEGG_calcium_cAMP,Calcium signaling pathway,KEGG_calcium_cAMP:Calcium signaling pathway
TFEB,TFEB,Tier4_Expanded_Calcium_Associated_732,KEGG_calcium_cAMP,Calcium signaling pathway,KEGG_calcium_cAMP:Calcium signaling pathway
TGFA,TGFA,Tier4_Expanded_Calcium_Associated_732,KEGG_calcium_cAMP,Calcium signaling pathway,KEGG_calcium_cAMP:Calcium signaling pathway
TIAM1,TIAM1,Tier4_Expanded_Calcium_Associated_732,KEGG_calcium_cAMP,cAMP signaling pathway,KEGG_calcium_cAMP:cAMP signaling pathway
TMBIM6,TMBIM6,Tier4_Expanded_Calcium_Associated_732,Categorized_calcium;Galaxy_STAR_calcium,Galaxy_STAR_calcium;Other Ca-related,Categorized_calcium:Other Ca-related;Galaxy_STAR_calcium:Galaxy_STAR_calcium
TMCO1,TMCO1,Tier4_Expanded_Calcium_Associated_732,Curated_258,PM_channels_other,Curated_258:PM_channels_other
TMEM165,TMEM165,Tier4_Expanded_Calcium_Associated_732,Curated_258,SOCE_modulators,Curated_258:SOCE_modulators
TMEM203,TMEM203,Tier4_Expanded_Calcium_Associated_732,Curated_258,SOCE_modulators,Curated_258:SOCE_modulators
TMEM64,TMEM64,Tier4_Expanded_Calcium_Associated_732,Curated_258,SOCE_modulators,Curated_258:SOCE_modulators
TMEM66,TMEM66,Tier4_Expanded_Calcium_Associated_732,Curated_258,SOCE_modulators,Curated_258:SOCE_modulators
TNNC1,TNNC1,Tier4_Expanded_Calcium_Associated_732,KEGG_calcium_cAMP,Calcium signaling pathway,KEGG_calcium_cAMP:Calcium signaling pathway
TNNC2,TNNC2,Tier4_Expanded_Calcium_Associated_732,KEGG_calcium_cAMP,Calcium signaling pathway,KEGG_calcium_cAMP:Calcium signaling pathway
TNNI3,TNNI3,Tier4_Expanded_Calcium_Associated_732,KEGG_calcium_cAMP,cAMP signaling pathway,KEGG_calcium_cAMP:cAMP signaling pathway
TPCN1,TPCN1,Tier4_Expanded_Calcium_Associated_732,Curated_258;KEGG_calcium_cAMP,Calcium signaling pathway;ER_channels,Curated_258:ER_channels;KEGG_calcium_cAMP:Calcium signaling pathway
TPCN2,TPCN2,Tier4_Expanded_Calcium_Associated_732,Curated_258;KEGG_calcium_cAMP,Calcium signaling pathway;ER_channels,Curated_258:ER_channels;KEGG_calcium_cAMP:Calcium signaling pathway
TPM2,TPM2,Tier4_Expanded_Calcium_Associated_732,Categorized_calcium;Galaxy_STAR_calcium,Galaxy_STAR_calcium;Other Ca-related,Categorized_calcium:Other Ca-related;Galaxy_STAR_calcium:Galaxy_STAR_calcium
TRDN,TRDN,Tier4_Expanded_Calcium_Associated_732,Curated_258;KEGG_calcium_cAMP,Calcium signaling pathway;Junctional,Curated_258:Junctional;KEGG_calcium_cAMP:Calcium signaling pathway
TRHR,TRHR,Tier4_Expanded_Calcium_Associated_732,KEGG_calcium_cAMP,Calcium signaling pathway,KEGG_calcium_cAMP:Calcium signaling pathway
TRIM27,TRIM27,Tier4_Expanded_Calcium_Associated_732,Categorized_calcium;Galaxy_STAR_calcium,Galaxy_STAR_calcium;Other Ca-related,Categorized_calcium:Other Ca-related;Galaxy_STAR_calcium:Galaxy_STAR_calcium
TRPA1,TRPA1,Tier4_Expanded_Calcium_Associated_732,Calcium_genes_analysis;Curated_258,Calcium_Channel;TRP_channels,Calcium_genes_analysis:Calcium_Channel;Curated_258:TRP_channels
TRPC1,TRPC1,Tier4_Expanded_Calcium_Associated_732,Calcium_genes_analysis;Curated_258;SOCE_core_manual,Calcium_Channel;SOCE_core;TRP_channels,Calcium_genes_analysis:Calcium_Channel;Curated_258:TRP_channels;SOCE_core_manual:SOCE_core
TRPC2,TRPC2,Tier4_Expanded_Calcium_Associated_732,Calcium_genes_analysis,Calcium_Channel,Calcium_genes_analysis:Calcium_Channel
TRPC3,TRPC3,Tier4_Expanded_Calcium_Associated_732,Calcium_genes_analysis;Curated_258;SOCE_core_manual,Calcium_Channel;SOCE_core;TRP_channels,Calcium_genes_analysis:Calcium_Channel;Curated_258:TRP_channels;SOCE_core_manual:SOCE_core
TRPC4,TRPC4,Tier4_Expanded_Calcium_Associated_732,Calcium_genes_analysis;Curated_258;SOCE_core_manual,Calcium_Channel;SOCE_core;TRP_channels,Calcium_genes_analysis:Calcium_Channel;Curated_258:TRP_channels;SOCE_core_manual:SOCE_core
TRPC5,TRPC5,Tier4_Expanded_Calcium_Associated_732,Calcium_genes_analysis;Curated_258;SOCE_core_manual,Calcium_Channel;SOCE_core;TRP_channels,Calcium_genes_analysis:Calcium_Channel;Curated_258:TRP_channels;SOCE_core_manual:SOCE_core
TRPC6,TRPC6,Tier4_Expanded_Calcium_Associated_732,Calcium_genes_analysis;Curated_258;KEGG_calcium_cAMP;SOCE_core_manual,Calcium_Channel;SOCE_core;TRP_channels;cGMP-PKG signaling pathway,Calcium_genes_analysis:Calcium_Channel;Curated_258:TRP_channels;KEGG_calcium_cAMP:cGMP-PKG signaling pathway;SOCE_core_manual:SOCE_core
TRPC7,TRPC7,Tier4_Expanded_Calcium_Associated_732,Calcium_genes_analysis;Curated_258;SOCE_core_manual,Calcium_Channel;SOCE_core;TRP_channels,Calcium_genes_analysis:Calcium_Channel;Curated_258:TRP_channels;SOCE_core_manual:SOCE_core
TRPM1,TRPM1,Tier4_Expanded_Calcium_Associated_732,Calcium_genes_analysis;Curated_258,Calcium_Channel;TRP_channels,Calcium_genes_analysis:Calcium_Channel;Curated_258:TRP_channels
TRPM2,TRPM2,Tier4_Expanded_Calcium_Associated_732,Calcium_genes_analysis;Curated_258,Calcium_Channel;TRP_channels,Calcium_genes_analysis:Calcium_Channel;Curated_258:TRP_channels
TRPM3,TRPM3,Tier4_Expanded_Calcium_Associated_732,Calcium_genes_analysis;Curated_258,Calcium_Channel;TRP_channels,Calcium_genes_analysis:Calcium_Channel;Curated_258:TRP_channels
TRPM4,TRPM4,Tier4_Expanded_Calcium_Associated_732,Calcium_genes_analysis;Curated_258,Calcium_Channel;TRP_channels,Calcium_genes_analysis:Calcium_Channel;Curated_258:TRP_channels
TRPM5,TRPM5,Tier4_Expanded_Calcium_Associated_732,Calcium_genes_analysis;Curated_258,Calcium_Channel;TRP_channels,Calcium_genes_analysis:Calcium_Channel;Curated_258:TRP_channels
TRPM6,TRPM6,Tier4_Expanded_Calcium_Associated_732,Calcium_genes_analysis;Curated_258,Calcium_Channel;TRP_channels,Calcium_genes_analysis:Calcium_Channel;Curated_258:TRP_channels
TRPM7,TRPM7,Tier4_Expanded_Calcium_Associated_732,Calcium_genes_analysis;Categorized_calcium;Curated_258;Galaxy_STAR_calcium,Calcium_Channel;Galaxy_STAR_calcium;TRP channels;TRP_channels,Calcium_genes_analysis:Calcium_Channel;Categorized_calcium:TRP channels;Curated_258:TRP_channels;Galaxy_STAR_calcium:Galaxy_STAR_calcium
TRPM8,TRPM8,Tier4_Expanded_Calcium_Associated_732,Calcium_genes_analysis;Curated_258,Calcium_Channel;TRP_channels,Calcium_genes_analysis:Calcium_Channel;Curated_258:TRP_channels
TRPML1,TRPML1,Tier4_Expanded_Calcium_Associated_732,Calcium_genes_analysis,Calcium_Channel,Calcium_genes_analysis:Calcium_Channel
TRPML2,TRPML2,Tier4_Expanded_Calcium_Associated_732,Calcium_genes_analysis,Calcium_Channel,Calcium_genes_analysis:Calcium_Channel
TRPML3,TRPML3,Tier4_Expanded_Calcium_Associated_732,Calcium_genes_analysis,Calcium_Channel,Calcium_genes_analysis:Calcium_Channel
TRPV1,TRPV1,Tier4_Expanded_Calcium_Associated_732,Calcium_genes_analysis;Curated_258,Calcium_Channel;TRP_channels,Calcium_genes_analysis:Calcium_Channel;Curated_258:TRP_channels
TRPV2,TRPV2,Tier4_Expanded_Calcium_Associated_732,Calcium_genes_analysis;Curated_258,Calcium_Channel;TRP_channels,Calcium_genes_analysis:Calcium_Channel;Curated_258:TRP_channels
TRPV3,TRPV3,Tier4_Expanded_Calcium_Associated_732,Calcium_genes_analysis;Curated_258,Calcium_Channel;TRP_channels,Calcium_genes_analysis:Calcium_Channel;Curated_258:TRP_channels
TRPV4,TRPV4,Tier4_Expanded_Calcium_Associated_732,Calcium_genes_analysis;Curated_258,Calcium_Channel;TRP_channels,Calcium_genes_analysis:Calcium_Channel;Curated_258:TRP_channels
TRPV5,TRPV5,Tier4_Expanded_Calcium_Associated_732,Calcium_genes_analysis;Curated_258,Calcium_Channel;TRP_channels,Calcium_genes_analysis:Calcium_Channel;Curated_258:TRP_channels
TRPV6,TRPV6,Tier4_Expanded_Calcium_Associated_732,Calcium_genes_analysis;Curated_258,Calcium_Channel;TRP_channels,Calcium_genes_analysis:Calcium_Channel;Curated_258:TRP_channels
TSHB,TSHB,Tier4_Expanded_Calcium_Associated_732,KEGG_calcium_cAMP,cAMP signaling pathway,KEGG_calcium_cAMP:cAMP signaling pathway
TSHR,TSHR,Tier4_Expanded_Calcium_Associated_732,KEGG_calcium_cAMP,cAMP signaling pathway,KEGG_calcium_cAMP:cAMP signaling pathway
TTYH1,TTYH1,Tier4_Expanded_Calcium_Associated_732,Curated_258,PM_channels_other,Curated_258:PM_channels_other
TTYH2,TTYH2,Tier4_Expanded_Calcium_Associated_732,Curated_258,PM_channels_other,Curated_258:PM_channels_other
TTYH3,TTYH3,Tier4_Expanded_Calcium_Associated_732,Curated_258,PM_channels_other,Curated_258:PM_channels_other
UBQLN1,UBQLN1,Tier4_Expanded_Calcium_Associated_732,Categorized_calcium;Galaxy_STAR_calcium,Galaxy_STAR_calcium;Other Ca-related,Categorized_calcium:Other Ca-related;Galaxy_STAR_calcium:Galaxy_STAR_calcium
UQCRC2,UQCRC2,Tier4_Expanded_Calcium_Associated_732,Categorized_calcium;Galaxy_STAR_calcium,Galaxy_STAR_calcium;Other Ca-related,Categorized_calcium:Other Ca-related;Galaxy_STAR_calcium:Galaxy_STAR_calcium
VAPB,VAPB,Tier4_Expanded_Calcium_Associated_732,Categorized_calcium;Curated_258;Galaxy_STAR_calcium,Galaxy_STAR_calcium;Other Ca-related;SOCE_modulators,Categorized_calcium:Other Ca-related;Curated_258:SOCE_modulators;Galaxy_STAR_calcium:Galaxy_STAR_calcium
VASP,VASP,Tier4_Expanded_Calcium_Associated_732,KEGG_calcium_cAMP,cGMP-PKG signaling pathway,KEGG_calcium_cAMP:cGMP-PKG signaling pathway
VAV1,VAV1,Tier4_Expanded_Calcium_Associated_732,KEGG_calcium_cAMP,cAMP signaling pathway,KEGG_calcium_cAMP:cAMP signaling pathway
VAV2,VAV2,Tier4_Expanded_Calcium_Associated_732,KEGG_calcium_cAMP,cAMP signaling pathway,KEGG_calcium_cAMP:cAMP signaling pathway
VAV3,VAV3,Tier4_Expanded_Calcium_Associated_732,KEGG_calcium_cAMP,cAMP signaling pathway,KEGG_calcium_cAMP:cAMP signaling pathway
VDAC1,VDAC1,Tier4_Expanded_Calcium_Associated_732,Calcium_genes_analysis;Curated_258;KEGG_calcium_cAMP,Calcium signaling pathway;Mitochondrial;Mitochondrial_Calcium,Calcium_genes_analysis:Mitochondrial_Calcium;Curated_258:Mitochondrial;KEGG_calcium_cAMP:Calcium signaling pathway
VDAC2,VDAC2,Tier4_Expanded_Calcium_Associated_732,Calcium_genes_analysis;Categorized_calcium;Curated_258;Galaxy_STAR_calcium;KEGG_calcium_cAMP,Calcium signaling pathway;Galaxy_STAR_calcium;Mitochondrial;Mitochondrial_Calcium;Other Ca-related,Calcium_genes_analysis:Mitochondrial_Calcium;Categorized_calcium:Other Ca-related;Curated_258:Mitochondrial;Galaxy_STAR_calcium:Galaxy_STAR_calcium;KEGG_calcium_cAMP:Calcium signaling pathway
VDAC3,VDAC3,Tier4_Expanded_Calcium_Associated_732,Calcium_genes_analysis;Curated_258;KEGG_calcium_cAMP,Calcium signaling pathway;Mitochondrial;Mitochondrial_Calcium,Calcium_genes_analysis:Mitochondrial_Calcium;Curated_258:Mitochondrial;KEGG_calcium_cAMP:Calcium signaling pathway
VEGFA,VEGFA,Tier4_Expanded_Calcium_Associated_732,Categorized_calcium;Galaxy_STAR_calcium;KEGG_calcium_cAMP,Calcium signaling pathway;Galaxy_STAR_calcium;Other Ca-related,Categorized_calcium:Other Ca-related;Galaxy_STAR_calcium:Galaxy_STAR_calcium;KEGG_calcium_cAMP:Calcium signaling pathway
VEGFB,VEGFB,Tier4_Expanded_Calcium_Associated_732,KEGG_calcium_cAMP,Calcium signaling pathway,KEGG_calcium_cAMP:Calcium signaling pathway
VEGFC,VEGFC,Tier4_Expanded_Calcium_Associated_732,KEGG_calcium_cAMP,Calcium signaling pathway,KEGG_calcium_cAMP:Calcium signaling pathway
VEGFD,VEGFD,Tier4_Expanded_Calcium_Associated_732,KEGG_calcium_cAMP,Calcium signaling pathway,KEGG_calcium_cAMP:Calcium signaling pathway
VIP,VIP,Tier4_Expanded_Calcium_Associated_732,KEGG_calcium_cAMP,cAMP signaling pathway,KEGG_calcium_cAMP:cAMP signaling pathway
VIPR2,VIPR2,Tier4_Expanded_Calcium_Associated_732,KEGG_calcium_cAMP,cAMP signaling pathway,KEGG_calcium_cAMP:cAMP signaling pathway
VSNL1,VSNL1,Tier4_Expanded_Calcium_Associated_732,Calcium_genes_analysis;Curated_258,Ca_sensors;Calcium_Signaling,Calcium_genes_analysis:Calcium_Signaling;Curated_258:Ca_sensors
WFS1,WFS1,Tier4_Expanded_Calcium_Associated_732,Curated_258,SOCE_modulators,Curated_258:SOCE_modulators
