comparison,gene,chrom,start,end,strand,junction_class,lsv_type,PSI_knockdown,PSI_control,delta_PSI,CI95_low,CI95_high,q_value,reads_knockdown,reads_control,LSV_total_knockdown,LSV_total_control
2C12,Fam135a,chr1,24022006,24022506,-,novel splice site,donor,0.240052,0.0001,0.239952,0.1981132075471698,0.3130434782608696,2.2240027447762984e-18,157.0,0.0,649.0,538.0
2C12,Ercc5,chr1,44148138,44156254,+,novel splice site,donor,0.3237852499999999,0.080084,0.2437012499999999,0.1013059701492537,0.3965693804403482,0.0412534881394149,21.0,6.0,65.0,71.0
2C12,Clk1,chr1,58421240,58421800,-,fully novel,donor,0.54124175,0.0001,0.54114175,0.4473684210526316,0.72,6.358916375359461e-11,42.0,0.0,78.0,62.0
2C12,3110009E18Rik,chr1,120121218,120126332,+,novel splice site,donor,0.5924815,0.0001,0.5923815,0.5494505494505495,0.6511627906976745,1.0389505943779622e-34,180.0,0.0,304.0,225.0
2C12,Hace1,chr10,45638404,45639767,+,novel splice site,donor,0.4825035,0.025095,0.4574085,0.3732253236508245,0.5161413562559695,4.288622554010707e-23,130.0,7.0,270.0,346.0
2C12,Ube2d1,chr10,71262263,71263584,-,novel splice site,donor,0.7824435,0.015097,0.7673464999999999,0.6948907437510364,0.840075295562799,7.935469726826097e-126,2507.0,30.0,3217.0,2910.0
2C12,Specc1l,chr10,75212220,75228754,+,novel splice site,donor,0.2925415,0.03634275,0.25619875,0.2451613910220391,0.276229837124926,1.7850045842687263e-14,321.0,38.0,1103.0,1182.0
2C12,Washc4,chr10,83560527,83560926,+,novel splice site,donor,0.4725054999999999,0.0225955,0.44991,0.4054730983302411,0.5370833333333334,7.437537317025766e-30,171.0,21.0,369.0,980.0
2C12,Usp15,chr10,123146939,123150961,-,novel splice site,donor,0.355029,0.01134775,0.34368125,0.2548657919506756,0.407783101554283,4.665521426772283e-32,487.0,14.0,1383.0,1793.0
2C12,Ntn1,chr11,68386185,68386890,-,novel splice site,donor,0.330034,0.010098,0.319936,0.2448218867350396,0.3719788519637462,4.0732058216383553e-22,196.0,6.0,601.0,672.0
2C12,Nfe2l1,chr11,96822287,96827197,-,novel splice site,donor,0.84618075,0.4225155,0.42366525,0.1842416477776682,0.7142857142857143,4.0296108778905373e-07,86.0,95.0,102.0,211.0
2C12,Arhgap23,chr11,97446552,97448110,+,novel splice site,donor,0.46375725,0.0275944999999999,0.43616275,0.3289207574921861,0.6609351432880844,7.348251907542854e-16,76.0,7.0,167.0,252.0
2C12,Caskin2,chr11,115805190,115806138,-,novel splice site,donor,0.210058,0.0001,0.209958,0.1142857142857142,0.3484848484848485,7.41783013496764e-10,40.0,0.0,187.0,296.0
2C12,Rab10os,chr12,3238113,3239194,+,novel splice site,donor,0.2463007499999999,0.0001,0.24620075,0.2051282051282051,0.3,1.994846817470163e-12,61.0,0.0,249.0,272.0
2C12,Rab10os,chr12,3239010,3239194,+,novel splice site,donor,0.2375525,0.0001,0.2374525,0.1666666666666666,0.3157894736842105,5.000713126661494e-09,24.0,0.0,101.0,254.0
2C12,Pcnx4,chr12,72567261,72567459,+,novel splice site,donor,0.25005,0.02384525,0.22620475,0.1184873949579831,0.3172043010752688,1.1367812913372374e-05,52.0,6.0,212.0,185.0
2C12,Trmt5,chr12,73280633,73280955,-,novel splice site,donor,0.3525295,0.07633475,0.27619475,0.2203598207651257,0.3282565387828546,2.467955981864689e-09,160.0,40.0,455.0,505.0
2C12,Spata7,chr12,98634320,98634590,+,novel splice site,donor,0.9374125,0.0001,0.9373125,0.8924731182795699,0.9666666666666668,3.260381544156098e-65,198.0,0.0,212.0,188.0
2C12,Prl2c5,chr13,13190769,13191638,+,novel splice site,donor,0.53874225,0.3275345,0.2112077499999999,0.0759662493195427,0.3538461538461538,0.0237897718601871,130.0,87.0,240.0,253.0
2C12,Gm3325,chr13,62016053,62017525,+,novel splice site,donor,0.3587782499999999,0.0001,0.35867825,0.2727272727272727,0.5277777777777778,1.350326034944541e-13,98.0,0.0,279.0,135.0
2C12,.,chr15,10812738,10816024,.,fully novel,donor,0.73870225,0.4400119999999999,0.29869025,0.07638761677963,0.7256637168141593,0.030027614842065,46.0,64.0,63.0,138.0
2C12,Pvt1,chr15,62107466,62174123,+,novel splice site,donor,0.22130575,0.0001,0.22120575,0.1967213114754098,0.2328767123287671,1.9583488153060879e-10,49.0,0.0,224.0,255.0
2C12,Pvt1,chr15,62149353,62174123,+,novel splice site,donor,0.305039,0.01634675,0.28869225,0.0635059994146912,0.6118618618618619,5.167408687986036e-06,33.0,2.0,107.0,121.0
2C12,.,chr15,64521131,64557194,.,fully novel,donor,0.6374725,0.34128175,0.29619075,0.0890547263681592,0.5970350404312668,0.0465799898594662,61.0,21.0,96.0,60.0
2C12,Adcy6,chr15,98592233,98592672,-,novel splice site,donor,0.3325335,0.10882825,0.2237052499999999,0.0869565217391304,0.3274336283185841,0.0122733277960036,34.0,22.0,103.0,175.0
2C12,.,chr15,98932822,99037043,.,fully novel,donor,0.8211857499999999,0.2463007499999999,0.574885,0.2493483522621486,0.7979097682119205,1.5227706270845468e-15,119.0,50.0,149.0,222.0
2C12,.,chr15,98951318,99037042,.,fully novel,donor,0.4775045,0.14632075,0.33118375,0.1629091387266192,0.5650406504065041,0.0006631082981159,117.0,14.0,244.0,84.0
2C12,Glis2,chr16,4611870,4612001,+,novel splice site,donor,0.2912917499999999,0.05009,0.2412017499999999,0.1907108303946051,0.2860950317637634,9.42651701825996e-12,341.0,52.0,1186.0,1118.0
2C12,Zbtb11,chr16,56002827,56004072,+,novel splice site,donor,0.6612177499999999,0.0275944999999999,0.63362325,0.5813409750365699,0.7122415953861316,1.5850718427415536e-46,381.0,11.0,575.0,420.0
2C12,Son,chr16,91660296,91660358,+,fully novel,donor,0.5712357499999999,0.0001,0.5711357499999999,0.4324324324324324,1.0,6.917410323788693e-12,41.0,0.0,73.0,67.0
2C12,.,chr17,17037403,17037644,.,fully novel,donor,0.81868625,0.46625675,0.3524294999999999,0.0997782705099777,0.6,0.0020278754190737,71.0,40.0,91.0,86.0
2C12,Zfp760,chr17,21709297,21710163,+,novel splice site,donor,0.20380925,0.0001,0.20370925,0.1463414634146341,0.3225806451612903,0.004548031777478,21.0,0.0,104.0,50.0
2C12,Crem,chr18,3276730,3278080,-,novel splice site,donor,0.74120175,0.0001,0.74110175,0.6724137931034483,0.8809523809523809,3.751242603210396e-32,114.0,0.0,155.0,132.0
2C12,Adnp2,chr18,80137574,80138152,-,novel splice site,donor,0.79369125,0.020096,0.77359525,0.7286324862113608,0.856174758829626,3.864026700031615e-70,501.0,7.0,632.0,426.0
2C12,Ltbp3,chr19,5745676,5745979,+,novel splice site,donor,0.54124175,0.090082,0.4511597499999999,0.2009803921568627,0.7258064516129032,3.37442735354553e-05,35.0,7.0,65.0,67.0
2C12,Atg2a,chr19,6248290,6248386,+,novel splice site,donor,0.3925214999999999,0.0001,0.3924215,0.2790697674418604,0.6818181818181818,6.321856245924665e-15,41.0,0.0,107.0,206.0
2C12,Ahnak,chr19,9005339,9011887,+,fully novel,donor,0.3975205,0.0001,0.3974205,0.2022471910112359,0.875,1.0968343458437333e-13,67.0,0.0,175.0,182.0
2C12,Ahnak,chr19,9006346,9009330,+,fully novel,donor,0.39877025,0.0425915,0.35617875,0.2635770141330081,0.4311994113318616,1.8237705311218376e-12,268.0,11.0,683.0,207.0
2C12,Prune2,chr19,17193430,17195922,+,novel splice site,donor,0.6924615,0.0425915,0.64987,0.5794134067530878,0.7453782861063616,1.352307191925558e-65,702.0,64.0,1022.0,1707.0
2C12,Cntrl,chr2,35173158,35173606,+,novel splice site,donor,0.43376325,0.0001,0.43366325,0.3625730994152046,0.5344827586206896,2.5534992635171452e-34,178.0,0.0,416.0,533.0
2C12,Meis2,chr2,116061593,116063155,-,novel splice site,donor,0.26879625,0.0001,0.26869625,0.25,0.2971014492753623,8.10490538242978e-21,123.0,0.0,463.0,621.0
2C12,Zmynd8,chr2,165875776,165881087,-,novel splice site,donor,0.2075584999999999,0.005099,0.2024595,0.1697568389057751,0.2252520746240718,1.480300330116744e-13,199.0,6.0,964.0,705.0
2C12,Ctsz,chr2,174427797,174427930,-,fully novel,donor,0.38627275,0.130074,0.25619875,0.0916149068322981,0.3848920863309352,0.0001156996337628,118.0,39.0,305.0,243.0
2C12,Ogfr,chr2,180595127,180595207,+,fully novel,donor,0.245051,0.010098,0.234953,0.0968951414663662,0.5929237488196412,2.229885218098012e-12,153.0,15.0,715.0,601.0
2C12,Fhdc1,chr3,84455059,84456720,-,novel splice site,donor,0.4375124999999999,0.0001,0.4374125,0.1875,0.6363636363636364,1.463534643908406e-07,30.0,0.0,70.0,57.0
2C12,Smg5,chr3,88336498,88340648,+,novel splice site,donor,0.3325335,0.05383925,0.27869425,0.2673719297892267,0.2978459292875855,5.921997615695426e-16,657.0,95.0,1987.0,1905.0
2C12,Gm4617,chr3,124385822,124385941,+,fully novel,donor,0.48875225,0.02384525,0.464907,0.1299133964273514,0.6406910882270345,2.091479074975613e-45,3514.0,597.0,8904.0,8153.0
2C12,Larp7,chr3,127546401,127546478,-,fully novel,donor,0.265047,0.0001,0.264947,0.2,0.4848484848484848,2.484861499293357e-11,53.0,0.0,210.0,206.0
2C12,Alpk1,chr3,127685315,127685531,-,novel splice site,donor,0.4500099999999999,0.01634675,0.4336632499999999,0.3858974358974359,0.4736842105263157,4.018253077578513e-07,28.0,1.0,62.0,70.0
2C12,Ptpn3,chr4,57197635,57198485,-,novel splice site,donor,0.205059,0.0001,0.204959,0.1818181818181818,0.2153846153846154,7.255074345434849e-08,40.0,0.0,198.0,180.0
2C12,Vps13d,chr4,145098164,145099351,-,novel splice site,donor,0.2363027499999999,0.0001,0.23620275,0.1836734693877551,0.2857142857142857,7.543641919527857e-10,46.0,0.0,192.0,212.0
2C12,Lrrc47,chr4,154020217,154020374,+,fully novel,donor,0.45625875,0.2200559999999999,0.23620275,0.1550207039337474,0.445859872611465,0.0427628853711544,56.0,29.0,124.0,125.0
2C12,Evc2,chr5,37387140,37388010,+,novel splice site,donor,0.330034,0.0001,0.329934,0.3009708737864077,0.3608247422680412,7.40755969902193e-21,98.0,0.0,299.0,390.0
2C12,Mthfd2l,chr5,91000620,91019580,+,novel splice site,donor,0.305039,0.00384925,0.30118975,0.2822408326440584,0.3146417445482866,3.9351745346726814e-18,112.0,1.0,371.0,397.0
2C12,Ubc,chr5,125387074,125387529,-,fully novel,donor,0.94116175,0.51374725,0.4274145,0.1975647680557706,0.4793937782504652,3.3938961773321284e-31,10072.0,5089.0,12601.0,9843.0
2C12,Psph,chr5,129776942,129778511,-,novel splice site,donor,0.26379725,0.03634275,0.2274544999999999,0.0773613193403298,0.3841158841158841,0.000763316093294,30.0,5.0,107.0,147.0
2C12,Bud23,chr5,135061345,135063780,-,novel splice site,donor,0.2875425,0.005099,0.2824434999999999,0.2235421556237588,0.3320035925454682,1.2424725081938715e-28,657.0,5.0,2306.0,1657.0
2C12,Creb5,chr6,53287374,53287604,+,novel splice site,donor,0.30628875,0.0001,0.30618875,0.282051282051282,0.3461538461538461,8.509869214855895e-07,33.0,0.0,109.0,80.0
2C12,Adipor2,chr6,119365381,119369859,-,novel splice site,donor,0.504999,0.04384125,0.46115775,0.3830784479524239,0.5322511805928434,7.437537317025766e-30,334.0,33.0,665.0,770.0
2C12,Brsk1,chr7,4699107,4700919,+,novel splice site,donor,0.2138072499999999,0.0001,0.21370725,0.18,0.2602739726027397,4.814133249039392e-10,51.0,0.0,242.0,252.0
2C12,Fbxo17,chr7,28737547,28737661,+,novel splice site,donor,0.320036,0.0875825,0.2324534999999999,0.1279720279720279,0.3234280792420327,0.0173895447417305,31.0,8.0,98.0,93.0
2C12,Zfp566,chr7,30087160,30090219,-,novel splice site,donor,0.2225555,0.0001,0.2224555,0.2098765432098765,0.2291666666666666,6.675029208374631e-10,53.0,0.0,241.0,218.0
2C12,Gm5113,chr7,30175947,30176317,+,novel splice site,donor,0.3812737499999999,0.12132575,0.2599479999999999,0.1108865875221015,0.4340579710144928,0.0385365444553335,32.0,8.0,85.0,69.0
2C12,Tarsl2,chr7,65662380,65662675,+,novel splice site,donor,0.3175365,0.0001,0.3174365,0.1272727272727272,0.5882352941176471,1.1614646104769848e-17,56.0,0.0,174.0,452.0
2C12,Zfp668,chr7,127868425,127873772,-,novel splice site,donor,0.2662967499999999,0.05133975,0.2149569999999999,0.1659016198034824,0.2611494974874372,0.0002374347647493,47.0,12.0,178.0,215.0
2C12,Mki67,chr7,135697199,135699328,-,fully novel,donor,0.54374125,0.12382525,0.4199159999999999,0.2125797644496753,0.6378600823045267,1.755398081888077e-09,198.0,29.0,385.0,166.0
2C12,Arhgef7,chr8,11781240,11782118,+,novel splice site,donor,0.42876425,0.0001,0.42866425,0.3907563025210084,0.4751131221719457,1.5231852583353038e-36,274.0,0.0,641.0,546.0
2C12,Adam9,chr8,24962931,24963038,-,fully novel,donor,0.69621075,0.175065,0.52114575,0.2953216374269006,0.862295081967213,9.11445523926685e-09,41.0,67.0,62.0,382.0
2C12,Hgsnat,chr8,25945316,25945948,-,novel splice site,donor,0.45375925,0.0001,0.45365925,0.3778501628664495,0.5046439628482973,5.706811764531108e-50,399.0,0.0,881.0,1176.0
2C12,Irf2,chr8,46739937,46740063,+,novel splice site,donor,0.360028,0.025095,0.334933,0.2200525486074619,0.4340165660536291,6.626308341443075e-17,168.0,14.0,479.0,461.0
2C12,Tcf25,chr8,123401190,123403146,+,novel splice site,donor,0.904919,0.50624875,0.39867025,0.2318054505846263,0.6693181818181818,1.225952264308509e-10,191.0,129.0,213.0,247.0
2C12,Zpr1,chr9,46276587,46276791,+,novel splice site,donor,0.984903,0.7524495,0.2324534999999999,0.1900584795321637,0.253731343283582,0.0050895864871048,71.0,43.0,72.0,57.0
2C12,.,chr9,78431335,78478452,.,fully novel,donor,0.72370525,0.0025995,0.72110575,0.5052151208990805,0.998706338939198,7.696088957444871e-87,954.0,1.0,1593.0,869.0
2C12,Nme6,chr9,109835415,109837872,+,novel splice site,donor,0.210058,0.00384925,0.20620875,0.1720459868000851,0.2391890106987187,3.4690106497778885e-13,95.0,2.0,459.0,588.0
2C12,Nbeal2,chr9,110628504,110628573,-,novel splice site,donor,0.3125374999999999,0.0575885,0.254949,0.1457666029973552,0.3499333036905291,0.0001359749785332,38.0,9.0,122.0,164.0
2C12,Gm47283,chrY,90786549,90787088,+,fully novel,donor,0.86367725,0.44126175,0.4224154999999999,0.2585177379697927,0.5714285714285714,1.780896109676777e-07,85.0,95.0,100.0,219.0
2C12,Gm47283,chrY,90787919,90791293,+,fully novel,donor,0.7174564999999999,0.28629275,0.4311637499999999,0.1710684273709484,0.75,0.0030422633794426,27.0,25.0,38.0,86.0
2C12,Clk1,chr1,58421240,58421800,-,fully novel,acceptor,0.49125175,0.0001,0.49115175,0.3684210526315789,0.5666666666666667,1.3484208467893984e-07,42.0,0.0,85.0,43.0
2C12,3110009E18Rik,chr1,120126393,120150602,+,novel splice site,acceptor,0.709958,0.0001,0.709858,0.676829268292683,0.7761194029850746,2.931726608050525e-48,303.0,0.0,427.0,225.0
2C12,Hace1,chr10,45639804,45648590,+,novel splice site,acceptor,0.54874025,0.05633875,0.4924015,0.4178382161783821,0.5714534854751109,4.0085456747083225e-24,193.0,21.0,355.0,396.0
2C12,Ube2d1,chr10,71263718,71285100,-,novel splice site,acceptor,0.72120575,0.010098,0.7111077499999999,0.6321576529782094,0.7712340357492621,1.0134386158054373e-111,2264.0,18.0,3149.0,2901.0
2C12,Washc4,chr10,83561125,83564410,+,novel splice site,acceptor,0.4612577499999999,0.00384925,0.4574084999999999,0.3159991656236963,0.6511291779584463,1.6505833853158825e-35,152.0,7.0,339.0,966.0
2C12,Usp15,chr10,123151126,123153040,-,novel splice site,acceptor,0.22630475,0.0001,0.22620475,0.2,0.2592592592592592,6.115986918384031e-17,87.0,0.0,389.0,675.0
2C12,.,chr10,127290880,127296297,.,fully novel,acceptor,0.759948,0.490002,0.2699459999999999,0.1433530024297119,0.3964285714285714,0.0002177509326834,180.0,167.0,239.0,340.0
2C12,Ccdc88a,chr11,29421402,29422539,+,novel splice site,acceptor,0.2900419999999999,0.00384925,0.2861927499999999,0.2413200686386664,0.3499649859943978,1.9537901289772608e-11,30.0,1.0,106.0,379.0
2C12,Cnot6,chr11,49674908,49675129,-,fully novel,acceptor,0.6974605,0.0001,0.6973605,0.6268656716417911,0.7613636363636364,2.1804631397545105e-30,150.0,0.0,214.0,123.0
2C12,Kcnj12,chr11,61052600,61062374,+,fully novel,acceptor,0.4400119999999999,0.07883425,0.3611777499999999,0.1330720418066442,0.5760869565217391,5.717647787057284e-05,45.0,9.0,103.0,93.0
2C12,2610507B11Rik,chr11,78264267,78264463,+,novel splice site,acceptor,0.435013,0.055089,0.379924,0.3545857675477061,0.4017480008870452,2.078191967572669e-25,669.0,80.0,1541.0,1576.0
2C12,.,chr11,94932610,95010249,.,fully novel,acceptor,0.7536992499999999,0.25129975,0.5023994999999999,0.13,0.8898305084745762,6.710766405957363e-05,30.0,28.0,41.0,109.0
2C12,Caskin2,chr11,115806211,115806303,-,novel splice site,acceptor,0.4037692499999999,0.0001,0.40366925,0.2705882352941176,0.5376344086021505,1.2296709267652896e-22,101.0,0.0,248.0,296.0
2C12,Rab10os,chr12,3239328,3241521,+,novel splice site,acceptor,0.65371925,0.0001,0.65361925,0.5492957746478874,0.7047619047619048,2.1517274378533552e-42,169.0,0.0,257.0,278.0
2C12,Synj2bp,chr12,81510052,81510828,-,novel splice site,acceptor,0.6774645,0.0001,0.6773645,0.6410256410256411,0.747624076029567,1.2724769808167868e-104,1822.0,0.0,2684.0,1646.0
2C12,Gpatch2l,chr12,86258631,86260576,+,novel splice site,acceptor,0.4050189999999999,0.06633675,0.3386822499999999,0.2485503498439544,0.4012218655008709,1.3488770656036646e-13,214.0,32.0,528.0,437.0
2C12,Spata7,chr12,98634645,98637565,+,novel splice site,acceptor,0.909918,0.020096,0.889822,0.7972719522591646,0.9585961507358888,1.568427925726569e-59,187.0,5.0,208.0,250.0
2C12,Asb13,chr13,3648994,3649318,+,novel splice site,acceptor,0.53624275,0.0225955,0.51364725,0.4584615384615384,0.5423728813559322,3.756988995305279e-09,29.0,2.0,54.0,86.0
2C12,Gm3325,chr13,62017567,62047180,+,novel splice site,acceptor,0.4075185,0.0001,0.4074185,0.2792792792792792,0.6,3.879247226231065e-16,122.0,0.0,303.0,135.0
2C12,Zfp808,chr13,62147527,62169441,+,novel splice site,acceptor,0.4162667499999999,0.0001,0.41616675,0.2,0.5,1.9914579291635697e-05,49.0,0.0,114.0,35.0
2C12,Slc38a9,chr13,112660810,112669586,+,novel splice site,acceptor,0.27379525,0.05883825,0.2149569999999999,0.1193121693121693,0.3014147688060731,0.0018324606641573,45.0,8.0,165.0,135.0
2C12,Uggt2,chr14,119044029,119044499,-,novel splice site,acceptor,0.2138072499999999,0.0001,0.21370725,0.1870503597122302,0.26,1.7599194879474477e-13,74.0,0.0,353.0,418.0
2C12,Eny2,chr15,44428243,44429564,+,novel splice site,acceptor,0.9999,0.2463007499999999,0.75359925,0.5975609756097561,1.0,4.343333742598317e-37,158.0,51.0,158.0,191.0
2C12,Pvt1,chr15,62174182,62175466,+,novel splice site,acceptor,0.2787942499999999,0.0001,0.27869425,0.2,0.3950617283950617,2.3822320745932346e-15,69.0,0.0,249.0,327.0
2C12,.,chr15,98932164,99037562,.,fully novel,acceptor,0.3825234999999999,0.0001,0.3824234999999999,0.2320916905444126,0.4626262626262626,1.1390423933888002e-40,485.0,0.0,1226.0,1223.0
2C12,.,chr15,98933190,99034231,.,fully novel,acceptor,0.76369725,0.4387622499999999,0.324935,0.1984025234025233,0.4155339805825242,0.0177796688869295,64.0,27.0,83.0,62.0
2C12,.,chr15,98950804,99037183,.,fully novel,acceptor,0.385023,0.0001,0.384923,0.2413793103448276,0.6923076923076923,2.9949945776986955e-11,41.0,0.0,110.0,119.0
2C12,.,chr15,98950941,99037247,.,fully novel,acceptor,0.96615675,0.47625475,0.489902,0.0651906222082719,0.7790368271954674,1.985764345953637e-24,1145.0,348.0,1378.0,682.0
2C12,.,chr15,98951318,99037042,.,fully novel,acceptor,0.644971,0.125075,0.5198959999999999,0.253968253968254,0.7094972067039106,6.316633499861924e-10,117.0,14.0,182.0,91.0
2C12,Tuba1c,chr15,99034598,99037114,+,novel splice site,acceptor,0.994901,0.0001,0.994801,0.9702517162471396,1.0,3.588699500453965e-33,1033.0,0.0,1046.0,28.0
2C12,Pdxdc1,chr16,13836125,13836385,-,novel splice site,acceptor,0.56623675,0.27129575,0.2949409999999999,0.0946797105333691,0.5274725274725275,0.0080489236190047,82.0,26.0,147.0,93.0
2C12,Dyrk1a,chr16,94570031,94611418,+,novel splice site,acceptor,0.36627675,0.0225955,0.34368125,0.3061131728894886,0.3756696534395297,1.0948421143518166e-18,193.0,11.0,528.0,474.0
2C12,Rnaset2a,chr17,8128539,8128650,-,novel splice site,acceptor,0.71620675,0.125075,0.59113175,0.4788858939802335,0.7142857142857143,1.0727478635799045e-08,114.0,6.0,159.0,46.0
2C12,Bag6,chr17,35141912,35141986,+,fully novel,acceptor,0.86367725,0.5237452499999999,0.339932,0.1061307113938693,0.6476190476190475,0.0064664894764602,60.0,39.0,71.0,74.0
2C12,Crem,chr18,3278240,3280948,-,novel splice site,acceptor,0.26879625,0.0001,0.26869625,0.1111111111111111,0.4782608695652174,4.023999611509355e-10,26.0,0.0,97.0,263.0
2C12,Hmgxb3,chr18,61161110,61162896,-,novel splice site,acceptor,0.215057,0.0001,0.214957,0.1653543307086614,0.2785714285714286,2.260041402467948e-13,79.0,0.0,364.0,402.0
2C12,Nars,chr18,64503590,64516446,-,fully novel,acceptor,0.35003,0.0001,0.34993,0.2162162162162162,1.0,4.2338178083503e-14,37.0,0.0,112.0,290.0
2C12,Adnp2,chr18,80138305,80142648,-,novel splice site,acceptor,0.779944,0.0225955,0.7573485,0.7046230049532196,0.8069577303572888,7.680828640627011e-68,625.0,10.0,800.0,422.0
2C12,Ahnak,chr19,9006346,9009330,+,fully novel,acceptor,0.3012897499999999,0.02384525,0.2774445,0.0739265347198926,0.5359544095560266,2.1010364613320784e-12,268.0,11.0,935.0,373.0
2C12,Ahnak,chr19,9009331,9010092,+,fully novel,acceptor,0.3237852499999999,0.01634675,0.3074384999999999,0.065785243266297,0.8476907350617972,5.219186359270502e-16,225.0,56.0,903.0,825.0
2C12,Prune2,chr19,17195994,17199112,+,novel splice site,acceptor,0.2525495,0.0075985,0.2449509999999999,0.186768018018018,0.287934222432039,2.345174012309592e-19,181.0,10.0,729.0,1532.0
2C12,Prune2,chr19,17196109,17199112,+,novel splice site,acceptor,0.2925415,0.02134575,0.27119575,0.2377707619530676,0.3232277296084341,8.804328404378055e-18,211.0,32.0,729.0,1532.0
2C12,Trim8,chr19,46506929,46512722,+,novel splice site,acceptor,0.569986,0.075085,0.494901,0.441002761844062,0.5651178280095581,3.934409381400798e-38,1441.0,111.0,2518.0,1576.0
2C12,Sec61a2,chr2,5878009,5879592,-,novel splice site,acceptor,0.87117575,0.509998,0.3611777500000001,0.2414993306559572,0.4680390032502708,0.0027076326396621,67.0,28.0,77.0,55.0
2C12,Rabl6,chr2,25596521,25598127,-,novel splice site,acceptor,0.28379325,0.0001,0.28369325,0.119047619047619,0.4545454545454545,1.928732729055375e-07,39.0,0.0,135.0,99.0
2C12,Gm13571,chr2,60339542,60340152,+,novel splice site,acceptor,0.385023,0.0725855,0.3124375,0.267387820833017,0.3568598599209132,1.2281054525450068e-14,344.0,62.0,905.0,895.0
2C12,Cers6,chr2,69113073,69113176,+,fully novel,acceptor,0.48125375,0.075085,0.4061687499999999,0.0840799585871859,0.6060162839452001,2.265189573819874e-16,277.0,79.0,619.0,525.0
2C12,Ccdc173,chr2,69777762,69778059,-,novel splice site,acceptor,0.285043,0.0125975,0.2724455,0.2328472388238106,0.3371877890841813,3.282223978569027e-05,24.0,1.0,85.0,96.0
2C12,Tfpi,chr2,84474926,84476690,-,novel splice site,acceptor,0.4875025,0.135073,0.3524295,0.279429918078779,0.4198960906226046,6.509420199157186e-07,76.0,29.0,155.0,215.0
2C12,Zmynd8,chr2,165881260,165883327,-,novel splice site,acceptor,0.460008,0.0001,0.459908,0.3448275862068966,0.6,1.0777599724717933e-05,53.0,0.0,118.0,31.0
2C12,Ogfr,chr2,180595127,180595207,+,fully novel,acceptor,0.53374325,0.075085,0.45865825,0.2935013600816049,0.634453781512605,6.471028140839426e-12,153.0,15.0,292.0,149.0
2C12,Smg5,chr3,88340764,88341857,+,novel splice site,acceptor,0.32878425,0.0625875,0.26619675,0.2305194450300205,0.3116140474956893,8.081303754207386e-14,630.0,116.0,1933.0,1911.0
2C12,1500004A13Rik,chr3,88817762,88819669,-,fully novel,acceptor,0.6724654999999999,0.34878025,0.3236852499999999,0.0568115942028986,0.4839623520641133,1.2004037160563105e-05,148.0,110.0,219.0,365.0
2C12,Chd1l,chr3,97591775,97594007,-,novel splice site,acceptor,0.2138072499999999,0.0001,0.21370725,0.1931818181818181,0.2222222222222222,4.043638447243633e-11,59.0,0.0,280.0,288.0
2C12,Tifa,chr3,127791646,127807981,+,fully novel,acceptor,0.2425514999999999,0.0001,0.2424515,0.2352941176470588,0.2465753424657534,7.737215800360522e-13,56.0,0.0,234.0,444.0
2C12,Tifa,chr3,127791648,127807981,+,fully novel,acceptor,0.2775444999999999,0.0001,0.2774445,0.2602739726027397,0.32,5.310583689604041e-15,64.0,0.0,234.0,444.0
2C12,Vps13d,chr4,145099464,145099964,-,novel splice site,acceptor,0.26129775,0.0001,0.26119775,0.2261904761904762,0.3278688524590163,2.845716812571601e-11,51.0,0.0,197.0,212.0
2C12,Kmt2c,chr5,25294719,25295397,-,novel splice site,acceptor,0.30878825,0.025095,0.28369325,0.1529534295491742,0.4081346423562412,1.892588097169394e-05,43.0,3.0,139.0,104.0
2C12,Mthfd2l,chr5,91019703,91020151,+,novel splice site,acceptor,0.2787942499999999,0.0001,0.27869425,0.234375,0.35,1.9714706578280658e-18,102.0,0.0,371.0,423.0
2C12,Atxn2,chr5,121789824,121794937,+,novel splice site,acceptor,0.3175365,0.020096,0.2974405,0.2204974086400742,0.353356052831199,5.57826170320051e-21,340.0,18.0,1074.0,1075.0
2C12,Ift81,chr5,122556992,122559154,-,novel splice site,acceptor,0.24380125,0.00384925,0.239952,0.198019801980198,0.2651757188498402,6.70123865918984e-14,74.0,1.0,305.0,446.0
2C12,Ubc,chr5,125387583,125387810,-,fully novel,acceptor,0.659968,0.03634275,0.62362525,0.1272739054799729,0.687219931887435,6.275353106231794e-52,7160.0,2217.0,10751.0,5150.0
2C12,Tecpr1,chr5,144215791,144216252,-,novel splice site,acceptor,0.62122575,0.005099,0.6161267500000001,0.5365853658536586,0.7580137113211043,1.4976480839179916e-26,61.0,1.0,99.0,257.0
2C12,Adipor2,chr6,119369919,119370149,-,novel splice site,acceptor,0.52124575,0.035093,0.4861527499999999,0.3864003238456017,0.5732811734489363,8.262317000909658e-34,359.0,29.0,690.0,766.0
2C12,Cnot3,chr7,3645585,3650797,+,novel splice site,acceptor,0.719956,0.4425115,0.2774445,0.1420624151967435,0.488479262672811,0.0123086124335596,81.0,58.0,112.0,128.0
2C12,Ate1,chr7,130458154,130464130,-,novel splice site,acceptor,0.315037,0.0075985,0.3074385,0.2477477477477477,0.3849652036105561,1.2115894898562345e-21,200.0,4.0,632.0,631.0
2C12,Mki67,chr7,135697199,135699328,-,fully novel,acceptor,0.270046,0.02634475,0.24370125,0.0986573458485117,0.3202479338842975,1.407283378853269e-09,198.0,29.0,784.0,453.0
2C12,Arhgef7,chr8,11782306,11782524,+,novel splice site,acceptor,0.45375925,0.00384925,0.44991,0.3849557522123893,0.5394876193847762,2.2306857090515142e-37,304.0,1.0,667.0,547.0
2C12,Hgsnat,chr8,25945997,25946235,-,novel splice site,acceptor,0.4425115,0.0001,0.4424115,0.3717105263157895,0.4968553459119497,1.0678150144069302e-48,388.0,0.0,876.0,1200.0
2C12,Galnt7,chr8,57581422,57583766,-,novel splice site,acceptor,0.34128175,0.0001,0.34118175,0.3058252427184466,0.3659574468085106,8.54922349370045e-31,247.0,0.0,723.0,731.0
2C12,Slc7a6,chr8,106169257,106179101,+,novel splice site,acceptor,0.42126575,0.005099,0.41616675,0.3638963756857025,0.4534883720930232,6.131463284626941e-37,395.0,7.0,947.0,872.0
2C12,Plet1,chr9,50500932,50501072,+,novel splice site,acceptor,0.4775045,0.1950609999999999,0.2824435,0.1462264150943396,0.4276600592390066,0.000244225148085,82.0,51.0,176.0,256.0
2C12,Adamts7,chr9,90178444,90179322,+,novel splice site,acceptor,0.22130575,0.00634875,0.214957,0.1276595744680851,0.2780269058295964,8.768956207092875e-10,55.0,3.0,250.0,384.0
2C12,Nme6,chr9,109838021,109839607,+,novel splice site,acceptor,0.24880025,0.0088482499999999,0.239952,0.1855123124886036,0.2775974025974026,1.7735522111605135e-16,173.0,7.0,700.0,852.0
2C12,Rpl14,chr9,120574151,120574201,+,fully novel,acceptor,0.2825435,0.0001,0.2824435,0.1733333333333333,1.0,4.996194429338795e-07,31.0,0.0,120.0,98.0
2C12,Syn1,chrX,20899961,20907076,-,novel splice site,acceptor,0.355029,0.0675865,0.2874425,0.2309723516620068,0.3338749864586718,1.4376793820469516e-05,64.0,9.0,180.0,144.0
2C12,Hmgn5,chrX,109005321,109005482,-,fully novel,acceptor,0.2063087499999999,0.0001,0.20620875,0.0612244897959183,0.8636363636363636,9.758439254324616e-05,27.0,0.0,131.0,92.0
2C12,Pir,chrX,164269714,164271602,+,novel splice site,acceptor,0.42376525,0.0125975,0.41116775,0.3769332833059721,0.4653145807854328,3.0900992016008766e-33,511.0,8.0,1209.0,695.0
2C12,Gm47283,chrY,90787158,90788572,+,fully novel,acceptor,0.31128775,0.035093,0.27619475,0.1011635423400129,0.3588516746411483,1.5993443711461698e-07,67.0,18.0,216.0,284.0
2C12,Gm47283,chrY,90790148,90790867,+,fully novel,acceptor,0.35127975,0.090082,0.26119775,0.0560954816709292,0.4725274725274725,0.0390597713343789,36.0,5.0,103.0,51.0
2C12,Gm47283,chrY,90790214,90791068,+,fully novel,acceptor,0.3812737499999999,0.025095,0.35617875,0.1329963898916967,0.855,2.557263087044729e-06,53.0,2.0,166.0,80.0
are_striatum,.,chrY,90736966,90813933,.,fully novel,donor,0.5349929999999999,0.02884425,0.5061487499999999,0.307845084409136,0.7232704402515723,3.2741938277007774e-14,119.0,36.0,236.0,415.0
are_striatum,C4b,chr17,34739002,34739389,-,novel splice site,donor,0.33128375,0.0001,0.33118375,0.2107438016528925,0.4601226993865031,3.297277693181204e-13,96.0,0.0,279.0,219.0
are_striatum,Adap1,chr5,139293219,139302108,-,novel splice site,donor,0.37377525,0.0001,0.37367525,0.3548387096774194,0.396039603960396,5.834658620337165e-08,43.0,0.0,116.0,83.0
are_striatum,Adipor2,chr6,119365381,119369859,-,novel splice site,donor,0.4125175,0.0001,0.4124175,0.3191489361702128,0.5166666666666667,4.1699423172591525e-09,26.0,0.0,63.0,118.0
are_striatum,B3gat2,chr1,23773666,23773729,+,fully novel,acceptor,0.96865625,0.44376125,0.524895,0.1361644606724478,0.6559766763848396,9.662179008692032e-18,330.0,237.0,368.0,486.0
are_striatum,2010300C02Rik,chr1,37625231,37625293,-,fully novel,acceptor,0.480004,0.21630675,0.26369725,0.0503353748755794,0.3972173943166636,0.000460899595452,308.0,141.0,692.0,575.0
are_striatum,Nfasc,chr1,132608091,132608382,-,novel splice site,acceptor,0.52624475,0.2238052499999999,0.3024395000000001,0.1083256172839506,0.4655984888653234,0.0149070011808365,55.0,22.0,103.0,99.0
are_striatum,.,chr12,91853072,91877721,.,fully novel,acceptor,0.7424514999999999,0.340032,0.4024194999999999,0.1701524446923219,0.6068964936013836,7.212269387093933e-07,230.0,114.0,341.0,355.0
are_striatum,Elmod1,chr9,53923966,53924399,-,novel splice site,acceptor,0.2550489999999999,0.04884025,0.2062087499999999,0.1071861142042235,0.3470118228750723,2.855916283621096e-05,152.0,29.0,521.0,599.0
are_striatum,.,chrY,90736966,90813933,.,fully novel,acceptor,0.37627475,0.02134575,0.354929,0.1103394121549355,0.4641949152542323,4.836780296020391e-10,119.0,36.0,300.0,390.0
are_striatum,2010300C02Rik,chr1,37625168,37625230,-,fully novel,acceptor,0.65621875,0.1838132499999999,0.4724055,0.0998301880747172,0.6431451612903226,1.385555246195622e-11,323.0,148.0,534.0,481.0
are_striatum,Synj2bp,chr12,81510052,81510828,-,novel splice site,acceptor,0.34378125,0.0001,0.34368125,0.125,0.5416666666666666,3.156607020288085e-07,30.0,0.0,80.0,108.0
562_mRNA,ENSG00000241860,1,136319,137001,-,fully novel,donor,0.2825435,0.0001,0.2824435,0.2753623188405797,0.2857142857142857,0.04666294798653,43.0,0.0,153.0,11.0
562_mRNA,ENSG00000241860,1,136416,137001,-,fully novel,donor,0.664967,0.0001,0.664867,0.6504065040650406,0.6826923076923077,0.0001122232255679,151.0,0.0,227.0,11.0
562_mRNA,ENSG00000290385,1,495474,497108,-,novel splice site,donor,0.40626875,0.01634675,0.389922,0.1156782149148561,1.0,5.6603544190867895e-11,28.0,5.0,72.0,260.0
562_mRNA,AGRN,1,1044440,1044887,+,novel splice site,donor,0.34878025,0.0001,0.34868025,0.3103448275862069,0.4,0.0024246168032716,34.0,0.0,98.0,20.0
562_mRNA,AGRN,1,1044440,1044891,+,novel splice site,donor,0.28379325,0.0001,0.28369325,0.2,0.3448275862068966,0.0084253113987921,28.0,0.0,98.0,20.0
562_mRNA,GFOD3P,1,3739480,3739835,-,novel splice site,donor,0.7312037499999999,0.5012497499999999,0.229954,0.1237087427563617,0.3415268941584731,0.0015782637443032,116.0,166.0,159.0,329.0
562_mRNA,HP1BP3,1,20779909,20780349,-,novel splice site,donor,0.58623275,0.2800439999999999,0.30618875,0.1464285714285714,0.6037735849056604,0.0059454176825571,68.0,17.0,116.0,58.0
562_mRNA,RAP1GAP,1,21598503,21598722,-,novel splice site,donor,0.35377925,0.0001,0.35367925,0.3,0.4166666666666667,4.620960591023397e-10,38.0,0.0,108.0,103.0
562_mRNA,SNHG3,1,28508906,28509336,+,novel splice site,donor,0.355029,0.0001,0.354929,0.340983606557377,0.3652246256239601,1.596793615516827e-45,647.0,0.0,1812.0,1060.0
562_mRNA,PIAS3,1,145850940,145851050,-,novel splice site,donor,0.46625675,0.1625674999999999,0.30368925,0.2797619047619047,0.3461538461538461,0.0048508173501996,40.0,9.0,86.0,56.0
562_mRNA,RUSC1-AS1,1,155318378,155318664,-,novel splice site,donor,0.96115775,0.68121375,0.2799440000000001,0.2485168094924191,0.3461538461538461,0.0023310104786448,50.0,43.0,52.0,63.0
562_mRNA,PTPRVP,1,202168671,202169507,+,novel splice site,donor,0.31128775,0.070086,0.24120175,0.1571194762684124,0.3444444444444444,0.013998907562983,27.0,3.0,87.0,44.0
562_mRNA,PFKP,10,3099353,3099556,+,novel splice site,donor,0.33878225,0.03634275,0.3024395,0.2310344827586206,0.3770491803278688,3.935104096329961e-06,41.0,4.0,121.0,104.0
562_mRNA,CABCOCO1,10,61716017,61764532,+,fully novel,donor,0.92616475,0.684963,0.24120175,0.2139423076923077,0.2641277641277642,0.0225778219947706,64.0,24.0,69.0,35.0
562_mRNA,ENSG00000288933,10,113853848,113854153,+,novel splice site,donor,0.2375525,0.01134775,0.22620475,0.2058441558441558,0.2407407407407407,6.90475797508762e-05,21.0,1.0,89.0,101.0
562_mRNA,NDUFV1,11,67606647,67608551,+,novel splice site,donor,0.52124575,0.16381725,0.3574284999999999,0.2016129032258064,0.6190476190476191,0.0139860601000114,27.0,5.0,52.0,30.0
562_mRNA,ARPC3,12,110436202,110436556,-,novel splice site,donor,0.9999,0.624975,0.374925,0.3125,0.4571428571428572,4.718973905882807e-07,57.0,52.0,57.0,83.0
562_mRNA,UBC,12,124912428,124912883,-,fully novel,donor,0.25379925,0.0001,0.25369925,0.1814014407334643,0.3392351274787535,2.9761008793488746e-39,756.0,0.0,2939.0,2579.0
562_mRNA,UBC,12,124912428,124913339,-,fully novel,donor,0.265047,0.0001,0.264947,0.1800916830386378,0.3675637393767705,3.4884539968061887e-41,794.0,0.0,2939.0,2579.0
562_mRNA,UBC,12,124912884,124913111,-,fully novel,donor,0.90616875,0.2375525,0.6686162499999999,0.4001479289940828,0.7694444444444444,2.3535023574641036e-38,274.0,252.0,312.0,1088.0
562_mRNA,RBM26,13,79314994,79318820,-,novel splice site,donor,0.74120175,0.50874825,0.2324534999999999,0.1259259259259258,0.3461538461538461,0.0138994485384527,83.0,54.0,112.0,106.0
562_mRNA,EIF3J,15,44561743,44562514,+,novel splice site,donor,0.25879825,0.0001,0.25869825,0.1714285714285714,0.3333333333333333,0.0001073910674832,20.0,0.0,77.0,57.0
562_mRNA,NPIPA6,16,16350303,16350371,+,fully novel,donor,0.33378325,0.0001,0.33368325,0.0625,0.7894736842105263,2.3463229134114602e-07,34.0,0.0,102.0,74.0
562_mRNA,NPIPB4,16,21837363,21837533,-,fully novel,donor,0.330034,0.0001,0.329934,0.2756756756756757,0.4036697247706422,7.649790043514418e-08,95.0,0.0,294.0,66.0
562_mRNA,NPIPB5,16,22533894,22534007,+,fully novel,donor,0.6924615,0.00384925,0.6886122499999999,0.4508702791461412,1.0,2.8004954127214124e-47,81.0,4.0,122.0,1643.0
562_mRNA,NPIPB11,16,29383254,29383883,-,fully novel,donor,0.6049789999999999,0.035093,0.5698859999999999,0.2377981651376147,0.9054054054054054,1.0594747283306052e-23,106.0,9.0,183.0,221.0
562_mRNA,KLHDC4,16,87738817,87739157,-,fully novel,donor,0.3237852499999999,0.0001,0.32368525,0.25,0.3947368421052631,0.0002862345082382,24.0,0.0,74.0,35.0
562_mRNA,CPNE7,16,89580077,89580260,+,fully novel,donor,0.96365725,0.3275345,0.63612275,0.5085175788329104,0.7596153846153846,4.0358045983472597e-14,53.0,63.0,55.0,193.0
562_mRNA,ENSG00000261172,16,90146713,90148935,-,fully novel,donor,0.7124575,0.4175165,0.2949409999999999,0.233100233100233,0.352762598664238,0.0002578913869726,70.0,141.0,98.0,339.0
562_mRNA,LINC02887,17,69308,75813,-,novel splice site,donor,0.924915,0.544991,0.3799239999999999,0.2628205128205129,0.9642857142857144,0.0001257697172666,62.0,33.0,67.0,59.0
562_mRNA,ENSG00000285822,17,27089881,27096364,+,novel splice site,donor,0.88117375,0.2787942499999999,0.6023795000000001,0.3408602150537634,0.918796992481203,3.60167419230214e-08,58.0,14.0,66.0,49.0
562_mRNA,ENSG00000275665,17,38715829,38716187,-,novel splice site,donor,0.22880425,0.0001,0.22870425,0.2093023255813953,0.2444444444444444,0.0031293896794748,20.0,0.0,88.0,35.0
562_mRNA,ENSG00000307700,17,44738425,44741400,-,novel splice site,donor,0.564987,0.35627875,0.20870825,0.1634615384615384,0.2520976353928298,0.0212323955165734,83.0,44.0,147.0,124.0
562_mRNA,SEC14L1,17,77215806,77215984,+,fully novel,donor,0.2463007499999999,0.0001,0.24620075,0.1595744680851064,0.5,1.1964569257919e-09,28.0,0.0,120.0,214.0
562_mRNA,LINC01002,19,202238,203874,-,novel splice site,donor,0.894921,0.445011,0.44991,0.3589743589743589,0.5445993031358884,5.5774738588907264e-08,66.0,77.0,74.0,173.0
562_mRNA,HDGFL2,19,4491836,4492014,+,novel splice site,donor,0.2275545,0.0001,0.2274545,0.196078431372549,0.2676056338028169,0.0008623830194933,39.0,0.0,173.0,41.0
562_mRNA,PKN1,19,14446562,14450087,+,novel splice site,donor,0.27129575,0.0001,0.27119575,0.234375,0.3026315789473684,1.0682699650121369e-07,38.0,0.0,140.0,98.0
562_mRNA,.,19,28419912,28436685,.,novel splice site,donor,0.2188062499999999,0.0001,0.21870625,0.128440366972477,0.3232323232323232,3.830539818347383e-07,46.0,0.0,208.0,113.0
562_mRNA,.,19,28423399,28436685,.,fully novel,donor,0.355029,0.0001,0.354929,0.2777777777777778,0.4117647058823529,0.0082411117144671,31.0,0.0,87.0,15.0
562_mRNA,DPY19L3,19,32437340,32438942,+,novel splice site,donor,0.51624675,0.2275545,0.28869225,0.2333333333333333,0.3363636363636363,0.0057647706170765,32.0,25.0,62.0,111.0
562_mRNA,ACTMAP,19,40750938,40751415,-,novel splice site,donor,0.74370125,0.19381125,0.54989,0.4053191489361702,0.8333333333333334,9.97850378023319e-10,61.0,23.0,82.0,112.0
562_mRNA,LENG8,19,54459521,54459576,+,fully novel,donor,0.81618675,0.0001,0.81608675,0.7093023255813954,0.9210526315789472,1.3221240321492472e-08,131.0,0.0,162.0,15.0
562_mRNA,MBOAT2,2,8958643,8986052,-,novel splice site,donor,0.4225155,0.1825635,0.239952,0.1477272727272727,0.3293877551020408,0.0098926607409743,41.0,17.0,97.0,94.0
562_mRNA,FAM178B,2,96923584,96924147,-,novel splice site,donor,0.4125175,0.05133975,0.3611777499999999,0.2628571428571428,0.4365384615384615,8.795233358160754e-05,27.0,3.0,65.0,61.0
562_mRNA,ITPRID2,2,181909972,181911125,+,novel splice site,donor,0.320036,0.055089,0.264947,0.2504868913857677,0.2833333333333333,4.110909167272956e-06,42.0,10.0,132.0,189.0
562_mRNA,ATG4B,2,241668686,241668781,+,novel splice site,donor,0.28379325,0.0001,0.28369325,0.1555555555555555,0.3898305084745763,1.0478397082134032e-05,30.0,0.0,104.0,62.0
562_mRNA,PPP4R1L,20,58251865,58252165,-,novel splice site,donor,0.4775045,0.12882425,0.34868025,0.2833333333333333,0.4130434782608695,0.0054264069173222,21.0,6.0,44.0,47.0
562_mRNA,LSM14B,20,62131507,62132355,+,novel splice site,donor,0.2525495,0.00634875,0.2462007499999999,0.2125134843581445,0.2773722627737226,9.419852632743956e-11,62.0,1.0,245.0,211.0
562_mRNA,MCM3AP,21,46241020,46241774,-,novel splice site,donor,0.32128575,0.0575885,0.26369725,0.1894736842105263,0.3513513513513513,0.0138044325535536,24.0,2.0,75.0,35.0
562_mRNA,TPTEP1,22,16650127,16652932,+,novel splice site,donor,0.4500099999999999,0.015097,0.434913,0.1951650943396226,0.88,3.0771708112895495e-08,34.0,1.0,78.0,72.0
562_mRNA,PI4KAP1,22,18548828,18549106,-,novel splice site,donor,0.2525495,0.0001,0.2524495,0.175438596491228,0.3188405797101449,5.21911938588175e-06,32.0,0.0,126.0,77.0
562_mRNA,ENSG00000293427,22,21488382,21488660,-,novel splice site,donor,0.2463007499999999,0.0001,0.24620075,0.1538461538461538,0.3291139240506329,2.064363532429928e-06,36.0,0.0,144.0,86.0
562_mRNA,SMC4,3,160411978,160413485,+,novel splice site,donor,0.49375125,0.08633275,0.4074184999999999,0.2219061166429587,0.5769230769230769,0.0002836301348701,31.0,4.0,63.0,45.0
562_mRNA,GOLIM4,3,168027838,168029219,-,novel splice site,donor,0.42876425,0.2250549999999999,0.20370925,0.1133679312813171,0.2793772032902467,0.0028765865618722,87.0,62.0,203.0,275.0
562_mRNA,ENSG00000290937,3,198190367,198195958,+,novel splice site,donor,0.5174965,0.0001,0.5173965,0.4930555555555556,0.5462184873949579,7.010330610708276e-30,136.0,0.0,263.0,210.0
562_mRNA,ENSG00000290937,3,198211811,198214909,+,novel splice site,donor,0.769946,0.12132575,0.64862025,0.5499188311688312,0.8157894736842105,6.192394510387464e-13,54.0,13.0,70.0,100.0
562_mRNA,KIAA0232,4,6879878,6880060,+,fully novel,donor,0.430014,0.0001,0.429914,0.3953488372093023,0.4814814814814814,0.0015750429183469,30.0,0.0,70.0,17.0
562_mRNA,ART3,4,76036065,76049699,+,novel splice site,donor,0.4025195,0.0875825,0.3149369999999999,0.211670480549199,0.4313725490196078,0.0061294823516786,39.0,3.0,97.0,34.0
562_mRNA,ENSG00000286251,4,126434940,126462218,-,novel splice site,donor,0.32628475,0.1075785,0.21870625,0.1127450980392157,0.3305298570227081,0.0075559783305229,41.0,9.0,126.0,83.0
562_mRNA,CEP72,5,647917,648099,+,novel splice site,donor,0.7424514999999999,0.0001,0.7423514999999999,0.6756756756756757,0.8108108108108109,3.410695078316637e-13,55.0,0.0,74.0,38.0
562_mRNA,YTHDC2,5,113556135,113559317,+,novel splice site,donor,0.2325535,0.0001,0.2324535,0.1282051282051282,0.3,1.0742666538882865e-06,26.0,0.0,109.0,115.0
562_mRNA,SERPINB6,6,2948965,2959274,-,fully novel,donor,0.2350529999999999,0.0001,0.234953,0.0526315789473684,0.3728813559322034,0.0014845056736409,24.0,0.0,97.0,41.0
562_mRNA,NQO2,6,3001233,3002049,+,novel splice site,donor,0.9999,0.7399519999999999,0.259948,0.1621621621621621,0.4,0.00980252047122,23.0,46.0,23.0,62.0
562_mRNA,ZNF311,6,29003595,29003860,-,novel splice site,donor,0.4125175,0.1975605,0.2149569999999999,0.0633349826818406,0.368421052631579,0.0280404333348221,41.0,16.0,99.0,81.0
562_mRNA,.,6,32129855,32130924,.,novel splice site,donor,0.4487602499999999,0.21630675,0.2324534999999999,0.1044973544973544,0.3177304964539007,0.017323267204507,58.0,16.0,129.0,75.0
562_mRNA,ENSG00000227706,6,67884194,67888910,-,novel splice site,donor,0.3250349999999999,0.06133775,0.2636972499999999,0.1409817351598173,0.3529411764705882,1.3766390822660696e-05,51.0,11.0,157.0,158.0
562_mRNA,FAM120B,6,170398518,170398868,+,fully novel,donor,0.9999,0.3025394999999999,0.6973605,0.6,0.7714285714285715,3.523181968081288e-15,63.0,18.0,63.0,60.0
562_mRNA,FAM120B,6,170399216,170399488,+,fully novel,donor,0.85867825,0.4037692499999999,0.454909,0.3675143560295324,0.6049382716049383,8.842014885802401e-07,57.0,54.0,67.0,134.0
562_mRNA,FAM120B,6,170399372,170399991,+,fully novel,donor,0.544991,0.17131575,0.37367525,0.2412429378531073,0.5072121688958825,8.6530423722062e-08,66.0,48.0,121.0,273.0
562_mRNA,FAM120B,6,170399372,170400225,+,fully novel,donor,0.315037,0.0138472499999999,0.30118975,0.2313978494623655,0.3728813559322034,7.135901545027629e-11,38.0,4.0,121.0,273.0
562_mRNA,SLC25A40,7,87843864,87843976,-,novel splice site,donor,0.2912917499999999,0.03884225,0.2524494999999999,0.1886378591796446,0.3042577030812325,1.703088568517638e-08,62.0,16.0,213.0,344.0
562_mRNA,RBM48,7,92534971,92536433,+,novel splice site,donor,0.46875625,0.095081,0.37367525,0.2759562841530054,0.4767441860465116,4.653326967980512e-06,52.0,9.0,111.0,91.0
562_mRNA,ZFPM2,8,105419303,105419822,+,novel splice site,donor,0.5624875,0.1625674999999999,0.39992,0.3199851687059696,0.4690200210748156,1.2854608805435004e-08,126.0,21.0,223.0,131.0
562_mRNA,CPSF1,8,144402991,144405169,-,fully novel,donor,0.614977,0.310038,0.304939,0.1714285714285713,0.4523809523809523,0.0434362633284602,40.0,9.0,65.0,29.0
562_mRNA,.,9,138295630,138302464,.,fully novel,donor,0.53124375,0.0001,0.53114375,0.5047619047619047,0.5515151515151515,5.813421155606165e-12,144.0,0.0,270.0,52.0
562_mRNA,.,GL000224.1,106137,110187,.,fully novel,donor,0.544991,0.22630475,0.31868625,0.2393743624617477,0.3950933172787477,1.743303642535945e-07,137.0,73.0,251.0,324.0
562_mRNA,.,KI270741.1,48008,52058,.,fully novel,donor,0.564987,0.22630475,0.33868225,0.2457027300303337,0.4263357664233577,3.441010233979174e-08,143.0,67.0,252.0,297.0
562_mRNA,.,KI270754.1,10898,13555,.,fully novel,donor,0.3250349999999999,0.05633875,0.2686962499999999,0.075,0.4065934065934066,0.0019016940896981,47.0,3.0,141.0,52.0
562_mRNA,.,KI270754.1,10898,14961,.,fully novel,donor,0.33128375,0.05633875,0.274945,0.075,0.4175824175824176,0.0015169810545387,48.0,3.0,141.0,52.0
562_mRNA,SLC25A5,X,119469767,119469976,+,fully novel,donor,0.5237452499999999,0.16381725,0.3599279999999999,0.140625,0.5707070707070707,0.0041189962622339,20.0,12.0,38.0,73.0
562_mRNA,.,X,135781736,135794730,.,novel splice site,donor,0.3575284999999999,0.0001,0.3574285,0.282051282051282,0.4027777777777778,1.0889354099229595e-16,40.0,0.0,111.0,320.0
562_mRNA,AGRN,1,1044988,1045160,+,novel splice site,acceptor,0.5674865,0.0001,0.5673865,0.5606060606060606,0.5769230769230769,8.18231367195293e-06,67.0,0.0,118.0,20.0
562_mRNA,GFOD3P,1,3739480,3739835,-,novel splice site,acceptor,0.8224355,0.4387622499999999,0.38367325,0.2755382501145213,0.489850869925435,6.8773398620567324e-09,116.0,166.0,142.0,378.0
562_mRNA,HP1BP3,1,20779909,20780349,-,novel splice site,acceptor,0.37877425,0.1400719999999999,0.23870225,0.0789895749799519,0.3829787234042553,0.0022393076665774,68.0,17.0,180.0,110.0
562_mRNA,LRP8,1,53274821,53275630,-,novel splice site,acceptor,0.69371125,0.08133375,0.6123775,0.5231416549789621,0.6923796166432913,7.256662085058668e-12,80.0,5.0,115.0,62.0
562_mRNA,PFKP,10,3099820,3101364,+,novel splice site,acceptor,0.340032,0.020096,0.319936,0.1865079365079365,0.4411764705882353,2.4479104031802934e-07,42.0,2.0,122.0,102.0
562_mRNA,HBE1,11,5270157,5450993,-,novel splice site,acceptor,0.4975005,0.0325935,0.464907,0.39,0.547945205479452,3.1252858168752856e-11,76.0,3.0,153.0,89.0
562_mRNA,HBE1,11,5281952,5301618,-,novel splice site,acceptor,0.43126375,0.0001,0.43116375,0.320754716981132,0.5217391304347826,0.0010556455952712,53.0,0.0,122.0,17.0
562_mRNA,C11orf58,11,16744635,16748124,+,fully novel,acceptor,0.894921,0.6274744999999999,0.2674465,0.1428571428571428,0.3230079875316578,0.0009076811192215,103.0,63.0,115.0,101.0
562_mRNA,MADD,11,47325033,47326737,+,novel splice site,acceptor,0.23880225,0.0001,0.23870225,0.175438596491228,0.3035714285714285,1.0377243971983089e-07,27.0,0.0,113.0,137.0
562_mRNA,SMARCD1,12,50099901,50100053,+,novel splice site,acceptor,0.7062087499999999,0.28379325,0.4224154999999999,0.2010582010582011,0.7916666666666666,0.0046438926977604,36.0,9.0,51.0,31.0
562_mRNA,.,12,91694186,91877392,.,novel splice site,acceptor,0.589982,0.0001,0.589882,0.5428571428571428,0.6530612244897959,7.209539740682466e-14,70.0,0.0,119.0,59.0
562_mRNA,UBC,12,124912428,124912883,-,fully novel,acceptor,0.51874625,0.0001,0.51864625,0.514500537056928,0.5226415094339623,1.1409400822414726e-69,756.0,0.0,1461.0,862.0
562_mRNA,UBC,12,124912428,124913339,-,fully novel,acceptor,0.49875025,0.0001,0.49865025,0.4799301919720768,0.5159045725646123,3.2791175184756176e-72,794.0,0.0,1579.0,1302.0
562_mRNA,UBC,12,124912963,124913418,-,fully novel,acceptor,0.904919,0.4475105,0.4574085,0.1392857142857142,0.630731102850062,3.169632755827567e-32,1028.0,1295.0,1283.0,2934.0
562_mRNA,HERC2P3,15,20439260,20439445,-,fully novel,acceptor,0.260048,0.0001,0.259948,0.24,0.2708333333333333,0.0006185563955274,38.0,0.0,146.0,37.0
562_mRNA,.,15,34487519,34488962,.,novel splice site,acceptor,0.709958,0.295041,0.414917,0.2777777777777778,0.5586206896551724,0.0001026734905675,54.0,21.0,76.0,71.0
562_mRNA,.,16,7855164,7894252,.,novel splice site,acceptor,0.4675065,0.2200559999999999,0.2474505,0.2138488422892092,0.2857466063348416,0.0031147591153697,50.0,39.0,107.0,177.0
562_mRNA,NPIPB4,16,21837363,21837533,-,fully novel,acceptor,0.39627075,0.0001,0.39617075,0.3928571428571428,0.3984375,5.79617443031585e-13,95.0,0.0,240.0,96.0
562_mRNA,NPIPB5,16,22533894,22534007,+,fully novel,acceptor,0.4262647499999999,0.03634275,0.389922,0.3218475073313783,0.4607843137254901,7.76204300238438e-10,81.0,4.0,190.0,106.0
562_mRNA,LINC02887,17,66312,67947,-,fully novel,acceptor,0.67871425,0.460008,0.21870625,0.0543642404107519,0.4283105022831051,0.0339988376742163,49.0,69.0,73.0,150.0
562_mRNA,ENSG00000265401,17,16381956,16382411,-,fully novel,acceptor,0.54374125,0.0025995,0.54114175,0.5269599438266463,0.5572831423895254,9.382186438813491e-77,1261.0,1.0,2318.0,928.0
562_mRNA,TAF15,17,35844936,35845010,+,fully novel,acceptor,0.9999,0.08383325,0.91606675,0.6363636363636364,0.9414225941422594,1.0503131837068653e-27,43.0,18.0,43.0,250.0
562_mRNA,KCNJ16,17,70125263,70128068,+,novel splice site,acceptor,0.480004,0.14882025,0.33118375,0.2878787878787878,0.4020979020979021,0.0182116322501106,22.0,5.0,46.0,34.0
562_mRNA,SEC14L1,17,77216271,77216361,+,fully novel,acceptor,0.53624275,0.13632275,0.39992,0.1660995978966904,0.5652173913043478,3.95213189075353e-07,45.0,38.0,84.0,232.0
562_mRNA,DPY19L3,19,32439011,32439111,+,novel splice site,acceptor,0.4612577499999999,0.1325734999999999,0.32868425,0.1727688787185355,0.4446100347739692,0.0009720813776817,26.0,13.0,56.0,99.0
562_mRNA,ITPRID2,2,181911234,181913844,+,novel splice site,acceptor,0.310038,0.04134175,0.2686962499999999,0.163076923076923,0.347608024691358,1.3875399418090696e-06,41.0,8.0,131.0,187.0
562_mRNA,.,20,32527914,32632892,.,novel splice site,acceptor,0.480004,0.18131375,0.29869025,0.1846153846153846,0.4220430107526882,0.0065806901073266,36.0,11.0,75.0,61.0
562_mRNA,FAM118A,22,45328146,45328391,+,novel splice site,acceptor,0.39627075,0.0001,0.39617075,0.0555555555555555,0.5581395348837209,0.0002074089414725,25.0,0.0,61.0,28.0
562_mRNA,CPOX,3,98590658,98591099,-,novel splice site,acceptor,0.67371525,0.0975805,0.57613475,0.4411027568922305,0.7142857142857143,8.287647601834592e-06,27.0,4.0,40.0,40.0
562_mRNA,.,3,101626412,101634341,.,fully novel,acceptor,0.9824035,0.63622275,0.34618075,0.2002457002457003,0.5714285714285714,0.000193809727051,60.0,23.0,61.0,36.0
562_mRNA,.,3,163516342,163518872,.,fully novel,acceptor,0.3925214999999999,0.1738152499999999,0.21870625,0.1122340425531915,0.3038194444444444,0.0146166187646994,37.0,19.0,94.0,111.0
562_mRNA,ZNF718,4,125297,126847,+,novel splice site,acceptor,0.5237452499999999,0.2188062499999999,0.3049389999999999,0.2234848484848484,0.4156862745098039,0.0205241696073774,33.0,9.0,63.0,41.0
562_mRNA,HNRNPD,4,82355402,82356801,-,novel splice site,acceptor,0.8474305,0.18131375,0.66611675,0.5136116152450091,0.8979591836734694,3.220333102161868e-08,22.0,34.0,26.0,185.0
562_mRNA,ENSG00000286251,4,126464303,126470867,-,novel splice site,acceptor,0.25129975,0.0001,0.25119975,0.2045454545454545,0.2954545454545454,0.003027380383411,22.0,0.0,88.0,31.0
562_mRNA,CEP72,5,648224,652987,+,novel splice site,acceptor,0.51874625,0.0001,0.51864625,0.4388888888888889,0.7272727272727273,6.428337531857319e-09,111.0,0.0,224.0,38.0
562_mRNA,LARP1,5,154811641,154817271,+,novel splice site,acceptor,0.74995,0.1475705,0.6023795000000001,0.4074074074074074,0.7777777777777778,5.75240660782476e-06,27.0,7.0,36.0,46.0
562_mRNA,CNOT6,5,180495756,180529274,+,novel splice site,acceptor,0.4075185,0.1738152499999999,0.23370325,0.0526315789473684,0.3592471358428805,0.011019191070991,55.0,14.0,135.0,80.0
562_mRNA,.,5,181301262,181304174,.,fully novel,acceptor,0.96115775,0.7374525,0.22370525,0.1238390092879256,1.0,0.0456315849078691,26.0,42.0,27.0,56.0
562_mRNA,ENSG00000301407,6,16267011,16267063,-,novel splice site,acceptor,0.39877025,0.09633075,0.3024395,0.0925925925925925,0.4754098360655737,3.603094780552328e-05,54.0,13.0,136.0,122.0
562_mRNA,C6orf62,6,24718694,24719859,-,novel splice site,acceptor,0.6474705,0.0001,0.6473705,0.0714285714285714,0.796875,0.0021798350834878,52.0,0.0,78.0,8.0
562_mRNA,H2BC11,6,27124322,27126314,-,fully novel,acceptor,0.75869825,0.0001,0.75859825,0.6451612903225806,1.0,1.0267944054540198e-14,33.0,0.0,44.0,59.0
562_mRNA,RPL7L1,6,42886736,42889180,+,fully novel,acceptor,0.6499699999999999,0.23380325,0.4161667499999999,0.0935064935064934,0.7761904761904762,0.0040430004773316,67.0,6.0,107.0,26.0
562_mRNA,RHAG,6,49615772,49619282,-,novel splice site,acceptor,0.45875825,0.0001,0.45865825,0.4210526315789473,0.5,6.261508315977931e-08,33.0,0.0,72.0,50.0
562_mRNA,FAM120B,6,170398362,170398983,+,fully novel,acceptor,0.5424915,0.1563187499999999,0.38617275,0.2346907993966817,0.5649310557727928,5.687533066249615e-07,58.0,25.0,108.0,164.0
562_mRNA,FAM120B,6,170399023,170399681,+,fully novel,acceptor,0.5424915,0.11632675,0.42616475,0.3083437110834371,0.7222222222222222,4.290745698138426e-06,39.0,12.0,73.0,97.0
562_mRNA,FAM120B,6,170399489,170400186,+,fully novel,acceptor,0.2875425,0.0425915,0.2449509999999999,0.1522166105499439,0.3333333333333333,6.963963281847401e-07,52.0,14.0,181.0,265.0
562_mRNA,ENSG00000230423,6,170742994,170745517,+,novel splice site,acceptor,0.9999,0.0001,0.9998,1.0,1.0,1.9606218731774224e-44,95.0,0.0,95.0,83.0
562_mRNA,RBM48,7,92536475,92536850,+,novel splice site,acceptor,0.27629475,0.03384325,0.2424515,0.0968992248062015,0.3461538461538461,0.0007661798171037,23.0,3.0,82.0,85.0
562_mRNA,ZNF212,7,149249421,149250158,+,novel splice site,acceptor,0.56373725,0.07383525,0.4899019999999999,0.3333333333333333,0.6065573770491803,5.659121570577047e-06,55.0,3.0,97.0,40.0
562_mRNA,PTP4A3,8,141415597,141421387,+,novel splice site,acceptor,0.46875625,0.0001,0.46865625,0.4354838709677419,0.5,0.0006678751888824,59.0,0.0,126.0,16.0
562_mRNA,PTP4A3,8,141418019,141421387,+,novel splice site,acceptor,0.2550489999999999,0.0001,0.254949,0.2096774193548387,0.296875,0.0256739955732416,32.0,0.0,126.0,16.0
562_mRNA,UHRF2,9,6465847,6475390,+,novel splice site,acceptor,0.39627075,0.03884225,0.3574285,0.2939958592132505,0.40625,1.5699641396459602e-05,21.0,4.0,53.0,97.0
562_mRNA,IARS1,9,92271580,92288217,-,fully novel,acceptor,0.475005,0.0001,0.474905,0.4339622641509434,0.5,7.376481973506345e-12,75.0,0.0,157.0,69.0
562_mRNA,PRRC2B,9,131486542,131487166,+,novel splice site,acceptor,0.26879625,0.0001,0.26869625,0.2314814814814814,0.3015873015873015,3.5722121484545313e-11,63.0,0.0,234.0,157.0
562_mRNA,EEF1A1P5,9,133019541,133020238,+,fully novel,acceptor,0.689962,0.30378925,0.3861727499999999,0.0546809841534612,0.7241379310344828,1.3817746087257864e-14,360.0,270.0,626.0,903.0
562_mRNA,MAN1B1,9,137102982,137103990,+,fully novel,acceptor,0.59623075,0.04884025,0.5473905,0.289002557544757,0.9375,5.215234434757854e-07,23.0,3.0,39.0,62.0
562_mRNA,.,GL000205.2,138303,140572,.,fully novel,acceptor,0.4612577499999999,0.0001,0.46115775,0.3066666666666666,0.7313432835820896,2.1668501471385815e-07,95.0,0.0,217.0,38.0
562_mRNA,.,KI270744.1,15867,16060,.,fully novel,acceptor,0.9999,0.79119175,0.20870825,0.1944444444444444,0.2272727272727273,0.0161653106470229,27.0,46.0,27.0,58.0
562_mRNA,.,KI270744.1,131473,134115,.,fully novel,acceptor,0.3137872499999999,0.05633875,0.2574484999999999,0.1278254538314913,0.6576168929110106,2.144604398863099e-10,83.0,49.0,303.0,895.0
562_mRNA,.,KI270745.1,7832,9208,.,fully novel,acceptor,0.724955,0.3362827499999999,0.38867225,0.0986842105263158,0.7407407407407407,0.0060311405900691,23.0,24.0,32.0,73.0
562_mRNA,.,KI270745.1,12431,13529,.,fully novel,acceptor,0.5349929999999999,0.32128575,0.2137072499999999,0.14321608040201,0.2850259067357512,0.0019076795126751,108.0,126.0,202.0,392.0
562_mRNA,.,KI270745.1,13721,15781,.,fully novel,acceptor,0.9474105,0.704959,0.2424514999999999,0.0731090311156084,0.3406940063091482,8.314209468458087e-07,172.0,344.0,183.0,494.0
562_mRNA,.,KI270745.1,15840,16950,.,fully novel,acceptor,0.51124775,0.30378925,0.2074585,0.0752125572269457,0.3655908639523337,0.0018917083171725,108.0,135.0,215.0,452.0
562_mRNA,ENSG00000289245,X,49143791,49145135,-,novel splice site,acceptor,0.52124575,0.2238052499999999,0.2974405,0.0648148148148147,0.4044418468731736,0.0185480449868551,45.0,9.0,86.0,41.0
562_totalRNA,LINC00115,1,739025,740128,-,fully novel,donor,0.9624075,0.4950009999999999,0.4674065,0.2148780741222601,0.9666666666666668,4.766728573783919e-07,104.0,40.0,108.0,75.0
562_totalRNA,UBC,12,124912428,124913567,-,fully novel,donor,0.8774244999999999,0.50374925,0.3736752499999999,0.0561330865680035,0.4475766423018803,2.4742326708677017e-12,3463.0,3964.0,4673.0,7928.0
562_totalRNA,ENSG00000265401,17,16381116,16382046,-,fully novel,donor,0.91116775,0.205059,0.70610875,0.3458212954821421,0.8400591133004922,2.4128275822011246e-20,148.0,103.0,179.0,359.0
562_totalRNA,DPY19L3,19,32437340,32438942,+,novel splice site,donor,0.3775245,0.1725654999999999,0.204959,0.1672330950427751,0.2643594584372438,0.0108185439368876,155.0,64.0,407.0,385.0
562_totalRNA,ENSG00000274276,21,6464982,6467447,-,novel splice site,donor,0.9999,0.709958,0.289942,0.2452830188679244,0.330188679245283,2.6693242386969383e-05,69.0,151.0,69.0,212.0
562_totalRNA,CHCHD6,3,126917923,126957415,+,novel splice site,donor,0.5674865,0.22880425,0.33868225,0.0667656387793474,0.5930413698441691,0.013628473932467,53.0,18.0,95.0,75.0
562_totalRNA,DHX15,4,24537166,24540171,-,fully novel,donor,0.34878025,0.0325935,0.31618675,0.1239548494983277,0.4281535453889158,1.1329152836852918e-05,71.0,10.0,208.0,156.0
562_totalRNA,ARHGAP24,4,85653123,85721884,+,novel splice site,donor,0.2625475,0.030094,0.2324534999999999,0.1003401360544217,0.334511915951608,0.0107334642535114,21.0,4.0,82.0,95.0
562_totalRNA,CEP72,5,647917,648099,+,novel splice site,donor,0.3125374999999999,0.0175964999999999,0.2949409999999999,0.1762956010941909,0.4124926884449839,1.1483581724349232e-05,31.0,2.0,101.0,153.0
562_totalRNA,RBM48,7,92534971,92536433,+,novel splice site,donor,0.34378125,0.0275944999999999,0.3161867499999999,0.1356686127328329,0.4482758620689655,0.0001741311611834,38.0,4.0,110.0,103.0
562_totalRNA,.,GL000224.1,106137,110187,.,fully novel,donor,0.65371925,0.4150169999999999,0.23870225,0.0533905008429507,0.4219225193985731,0.0231508994651383,184.0,93.0,273.0,245.0
562_totalRNA,SLC25A53,X,104131224,104131847,-,novel splice site,donor,0.29379125,0.0125975,0.28119375,0.1912956905134404,0.3455395832358426,0.0002010144116455,29.0,1.0,98.0,94.0
562_totalRNA,LRP8,1,53274821,53275630,-,novel splice site,acceptor,0.28629275,0.0325935,0.25369925,0.1776687481415403,0.3217948717948717,2.411833925044417e-05,66.0,9.0,231.0,235.0
562_totalRNA,.,1,150969132,150977037,.,novel splice site,acceptor,0.27629475,0.03134375,0.2449509999999999,0.068946497517926,0.3846153846153846,0.0045153657861015,29.0,5.0,103.0,107.0
562_totalRNA,OR51B5,11,5345900,5505559,-,novel splice site,acceptor,0.2975405,0.0001,0.2974405,0.134453781512605,0.4464285714285714,1.5505049021693997e-05,33.0,0.0,109.0,86.0
562_totalRNA,CRNDE,16,54853569,54872404,-,novel splice site,acceptor,0.9424115,0.71870625,0.2237052499999999,0.1036036036036036,0.3282307104787582,0.0158967820860864,100.0,90.0,108.0,125.0
562_totalRNA,TMEM241,18,23351995,23352195,-,novel splice site,acceptor,0.2575485,0.015097,0.2424515,0.1286747307810299,0.3409090909090909,0.0004051293831673,30.0,2.0,114.0,127.0
562_totalRNA,.,2,78322734,78485793,.,novel splice site,acceptor,0.26879625,0.03134375,0.2374525,0.0956521739130434,0.3392857142857143,0.0129011350865798,22.0,3.0,85.0,79.0
562_totalRNA,.,21,6465020,6467902,.,novel splice site,acceptor,0.9999,0.6374725,0.3624275,0.3419354838709677,0.3861386138613861,3.990278832206039e-08,91.0,108.0,91.0,169.0
562_totalRNA,CEP72,5,648224,652987,+,novel splice site,acceptor,0.32878425,0.0175964999999999,0.31118775,0.2659774436090225,0.3583690079805506,2.045422869392512e-07,65.0,2.0,203.0,153.0
562_totalRNA,.,5,54401866,54432419,.,novel splice site,acceptor,0.305039,0.040092,0.264947,0.1077456298975286,0.3492063492063492,0.0069498170277126,25.0,5.0,84.0,88.0
562_totalRNA,.,5,57173927,57175447,.,novel splice site,acceptor,0.28879225,0.055089,0.2337032499999999,0.0879591741684797,0.2960687052598816,0.0001683193415645,112.0,35.0,388.0,377.0
562_totalRNA,RPL7L1,6,42881206,42889180,+,fully novel,acceptor,0.62122575,0.3775245,0.24370125,0.0620915032679738,0.480373285650332,0.020319381378333,138.0,194.0,238.0,535.0
SC34,Cspp1,chr1,10061867,10061986,+,fully novel,donor,0.6612177499999999,0.25005,0.4111677499999999,0.1999999999999999,0.6190476190476191,0.0003658169324807,43.0,25.0,65.0,98.0
SC34,Nyap2,chr1,81269254,81271914,+,novel splice site,donor,0.2313037499999999,0.010098,0.2212057499999999,0.1052631578947368,0.3435953820780649,0.0002648427427632,21.0,1.0,91.0,110.0
SC34,D2hgdh,chr1,93826872,93827740,+,novel splice site,donor,0.5574884999999999,0.1325734999999999,0.4249149999999999,0.1380952380952381,0.6609022556390978,0.0002770026393914,33.0,9.0,59.0,70.0
SC34,3110009E18Rik,chr1,120121218,120126332,+,novel splice site,donor,0.53874225,0.010098,0.5286442499999999,0.4939637826961771,0.5752194258028063,7.143861404015816e-42,354.0,4.0,662.0,502.0
SC34,.,chr1,176756516,177107426,.,fully novel,donor,0.524995,0.0001,0.524895,0.3181818181818182,1.0,2.2974896492997433e-13,45.0,0.0,88.0,92.0
SC34,.,chr1,192778673,192794879,.,fully novel,donor,0.7924415,0.480004,0.3124375,0.2199999999999999,0.3903225806451612,0.0371930532936532,43.0,36.0,54.0,75.0
SC34,Pcmt1,chr10,7634917,7635336,-,fully novel,donor,0.3687762499999999,0.085083,0.2836932499999999,0.0935815776580107,0.4138369138369138,0.0071033457664325,53.0,5.0,145.0,58.0
SC34,Hace1,chr10,45638404,45639767,+,novel splice site,donor,0.4675065,0.06133775,0.4061687499999999,0.3908706016736609,0.4290305851319251,1.3832192307471988e-25,520.0,65.0,1115.0,1149.0
SC34,Ube2d1,chr10,71262263,71263584,-,novel splice site,donor,0.63372325,0.0075985,0.62612475,0.5982836520904787,0.6630674434564224,2.026645269171008e-73,860.0,8.0,1356.0,1179.0
SC34,Specc1l,chr10,75212220,75228754,+,novel splice site,donor,0.2325535,0.0138472499999999,0.21870625,0.1856998264893001,0.2430422786643746,3.0099973528509623e-14,279.0,16.0,1201.0,1043.0
SC34,Col18a1,chr10,77096536,77116506,-,novel splice site,donor,0.3812737499999999,0.04634075,0.334933,0.2433862433862434,0.4595635430038511,1.816938027571169e-05,43.0,4.0,112.0,89.0
SC34,Rps15,chr10,80293855,80293998,+,fully novel,donor,0.9999,0.10382925,0.89607075,0.8048780487804879,0.9873417721518988,2.136840430571992e-30,55.0,36.0,55.0,303.0
SC34,Tmprss9,chr10,80887556,80888129,+,novel splice site,donor,0.554989,0.0001,0.554889,0.4743589743589743,0.6039603960396039,9.478194428240011e-26,129.0,0.0,232.0,165.0
SC34,Celf5,chr10,81469524,81469837,-,novel splice site,donor,0.50374925,0.0001,0.50364925,0.4285714285714285,0.5833333333333334,7.410471986659133e-17,42.0,0.0,83.0,162.0
SC34,Txnrd1,chr10,82879811,82881802,+,fully novel,donor,0.9999,0.380024,0.6198760000000001,0.2962962962962963,1.0,3.440834533863061e-20,144.0,39.0,144.0,90.0
SC34,Washc4,chr10,83560527,83560926,+,novel splice site,donor,0.68871225,0.03634275,0.6523695,0.6296412556053812,0.7014090343970161,6.386634239129652e-45,197.0,22.0,286.0,679.0
SC34,Tmcc3,chr10,94375434,94430522,+,novel splice site,donor,0.9999,0.71870625,0.28119375,0.1724137931034483,0.3333333333333333,7.698136717179339e-05,58.0,76.0,58.0,106.0
SC34,Usp15,chr10,123146939,123150961,-,novel splice site,donor,0.4387622499999999,0.02634475,0.4124175,0.3808685832858047,0.4569086789595423,2.2715758432018128e-37,999.0,62.0,2299.0,2794.0
SC34,Ranbp17,chr11,33318348,33325707,-,novel splice site,donor,0.51374725,0.015097,0.4986502499999999,0.4359552920186808,0.5638544891640866,1.7701727831352473e-29,197.0,6.0,380.0,359.0
SC34,Nfe2l1,chr11,96822287,96827197,-,novel splice site,donor,0.34128175,0.01634675,0.324935,0.1273836765827612,0.5277554304102976,5.7845103413426587e-08,61.0,2.0,179.0,113.0
SC34,Arhgap23,chr11,97446552,97448110,+,novel splice site,donor,0.6174765,0.09633075,0.52114575,0.3855910705225773,0.6627302786962683,5.031361499803498e-17,128.0,21.0,210.0,219.0
SC34,Rpl27,chr11,101442651,101443500,+,novel splice site,donor,0.3275345,0.0775845,0.24995,0.0698058472353143,0.322209238823344,2.0886341415610763e-10,888.0,267.0,2815.0,1892.0
SC34,Caskin2,chr11,115805190,115806138,-,novel splice site,donor,0.2200559999999999,0.0001,0.2199559999999999,0.1206896551724138,0.2888888888888888,1.3141162328758688e-08,32.0,0.0,147.0,215.0
SC34,Rfng,chr11,120781275,120781407,-,fully novel,donor,0.44126175,0.1563187499999999,0.284943,0.1425130469690887,0.4259433962264151,4.98412152772791e-05,120.0,32.0,282.0,203.0
SC34,Rab10os,chr12,3238113,3239194,+,novel splice site,donor,0.305039,0.0001,0.304939,0.1702127659574468,0.4114285714285714,9.677864539963094e-23,171.0,0.0,541.0,501.0
SC34,Rab10os,chr12,3239010,3239194,+,novel splice site,donor,0.2662967499999999,0.0001,0.26619675,0.238095238095238,0.3125,9.82206224210364e-13,29.0,0.0,110.0,443.0
SC34,Asap2,chr12,21206389,21210105,+,novel splice site,donor,0.26379725,0.01634675,0.2474505,0.2116917400606364,0.2818195860364535,7.444311377729875e-16,174.0,12.0,665.0,993.0
SC34,Dock4,chr12,40834731,40835769,+,novel splice site,donor,0.35377925,0.02384525,0.329934,0.2059178743961352,0.4404523339684262,3.052106082854281e-14,71.0,12.0,200.0,540.0
SC34,9330151L19Rik,chr12,69197302,69197727,+,novel splice site,donor,0.30628875,0.075085,0.2312037499999999,0.0753153153153153,0.3333333333333333,0.0309318050922938,37.0,6.0,120.0,69.0
SC34,.,chr12,73112255,73167999,.,novel splice site,donor,0.679964,0.37877425,0.30118975,0.2068334350213544,0.4074134375339194,0.0017159069386372,91.0,63.0,134.0,167.0
SC34,Spata7,chr12,98634320,98634590,+,novel splice site,donor,0.869926,0.0325935,0.8373324999999999,0.8125640150221918,0.8723641949448401,8.20791647839297e-32,139.0,3.0,159.0,97.0
SC34,Kif13a,chr13,46816399,46817752,-,novel splice site,donor,0.2525495,0.04134175,0.2112077499999999,0.1358005530786162,0.2992656642400738,6.907250184684154e-06,57.0,16.0,223.0,393.0
SC34,Ssbp2,chr13,91564714,91642301,+,novel splice site,donor,0.904919,0.5524895,0.3524295,0.1919191919191919,0.5217391304347826,0.0028635244878572,43.0,57.0,48.0,103.0
SC34,.,chr13,99900676,100041421,.,novel splice site,donor,0.45625875,0.0001,0.45615875,0.24,0.9444444444444444,4.43365061824846e-11,40.0,0.0,90.0,89.0
SC34,Plpp1,chr13,112805471,112806360,+,fully novel,donor,0.33878225,0.040092,0.29869025,0.1958678987713955,0.3868421052631579,3.336538644429005e-06,125.0,5.0,368.0,103.0
SC34,Plpp1,chr13,112805703,112806360,+,fully novel,donor,0.8174365,0.43626275,0.38117375,0.0705128205128204,0.6436970194148209,0.0002731050761335,145.0,25.0,177.0,58.0
SC34,.,chr14,7089952,7105372,.,novel splice site,donor,0.430014,0.18631275,0.24370125,0.0608098012849245,0.4432487922705311,0.0245737606735549,70.0,18.0,165.0,97.0
SC34,Ercc6,chr14,32541355,32541914,+,novel splice site,donor,0.47625475,0.2063087499999999,0.269946,0.2149374035328417,0.3250450376196588,1.2598092521870328e-06,287.0,130.0,603.0,621.0
SC34,Taf2,chr15,55022325,55026114,-,novel splice site,donor,0.26129775,0.0001,0.26119775,0.2436974789915966,0.2722222222222222,4.7186316594964065e-22,147.0,0.0,571.0,793.0
SC34,Pvt1,chr15,62160129,62174123,+,novel splice site,donor,0.3525295,0.0001,0.3524295,0.2,0.4324324324324324,1.4758402150521223e-11,50.0,0.0,140.0,137.0
SC34,Rangap1,chr15,81714451,81714644,-,fully novel,donor,0.62622475,0.3375325,0.28869225,0.1809583858764186,0.4333333333333333,0.0193223504153107,66.0,33.0,106.0,97.0
SC34,.,chr15,95748808,95772538,.,novel splice site,donor,0.65371925,0.43126375,0.2224554999999999,0.1573033707865169,0.3038461538461539,0.0283010779007636,135.0,77.0,206.0,178.0
SC34,.,chr15,98932275,99037246,.,fully novel,donor,0.38377325,0.0001,0.38367325,0.3125,0.4594594594594595,1.321687763349984e-05,40.0,0.0,105.0,42.0
SC34,Racgap1,chr15,99621027,99621329,-,fully novel,donor,0.7312037499999999,0.475005,0.2561987499999999,0.1102725839152963,0.4573684210526315,0.0346983344301016,68.0,73.0,95.0,153.0
SC34,Hoxc6,chr15,102998772,103009842,+,novel splice site,donor,0.3125374999999999,0.07133575,0.2412017499999999,0.0593922651933701,0.3555555555555555,0.0015298225379975,56.0,13.0,181.0,134.0
SC34,Eef2kmt,chr16,5246587,5246760,-,fully novel,donor,0.2800439999999999,0.040092,0.2399519999999999,0.1739727848942866,0.3148818394720034,0.0010984188392968,65.0,3.0,238.0,77.0
SC34,Eef2kmt,chr16,5246773,5246884,-,fully novel,donor,0.4625074999999999,0.0088482499999999,0.4536592499999999,0.3241379310344827,0.6058058058058058,7.278013133283317e-17,179.0,1.0,388.0,128.0
SC34,Yars2,chr16,16306600,16306696,+,novel splice site,donor,0.3125374999999999,0.0001,0.3124375,0.1967213114754098,0.4468085106382978,1.723702474011454e-10,56.0,0.0,180.0,135.0
SC34,Stxbp5l,chr16,37383706,37384642,-,novel splice site,donor,0.34128175,0.025095,0.31618675,0.2218762972187629,0.4069886947584789,1.2086179976754925e-07,41.0,3.0,120.0,146.0
SC34,Cox17,chr16,38347205,38349215,+,fully novel,donor,0.8324334999999999,0.1325734999999999,0.6998599999999999,0.5406044592324378,0.8839177750906893,4.989962427183671e-28,590.0,26.0,700.0,146.0
SC34,Zbtb11,chr16,56002827,56004072,+,novel splice site,donor,0.65621875,0.05633875,0.59988,0.5847016635660168,0.6182966517521069,3.030105885688685e-44,518.0,33.0,787.0,629.0
SC34,.,chr16,76061297,76063847,.,fully novel,donor,0.6024795,0.090082,0.5123975,0.1233437391605966,0.6578249336870027,2.387032296235392e-21,567.0,63.0,961.0,347.0
SC34,Son,chr16,91660296,91660379,+,fully novel,donor,0.90866825,0.455009,0.4536592499999999,0.1271116975930058,0.7006802721088435,1.4803285127535422e-08,114.0,58.0,130.0,129.0
SC34,Gm10785,chr16,91691138,91694181,+,novel splice site,donor,0.55623875,0.0825835,0.4736552499999999,0.176551724137931,0.6961451247165533,1.562750761113905e-05,54.0,4.0,95.0,49.0
SC34,9030025P20Rik,chr17,14984447,14988480,+,fully novel,donor,0.7312037499999999,0.3025394999999999,0.4286642499999999,0.127465483234714,0.7469651741293533,1.5059822249484045e-07,81.0,128.0,118.0,366.0
SC34,.,chr17,14988592,14992346,.,fully novel,donor,0.3937712499999999,0.0001,0.39367125,0.2957746478873239,0.4538152610441767,3.2018827501280085e-41,322.0,0.0,806.0,1262.0
SC34,.,chr17,17037403,17085889,.,novel splice site,donor,0.23880225,0.010098,0.22870425,0.1704742625795257,0.2679538771088067,1.2432651960289008e-10,106.0,5.0,444.0,364.0
SC34,.,chr17,21929103,22339720,.,fully novel,donor,0.94991,0.72620475,0.22370525,0.099537037037037,0.3047619047619048,0.0092480666725448,92.0,72.0,98.0,99.0
SC34,.,chr17,22376903,22377696,.,fully novel,donor,0.4425115,0.0375925,0.404919,0.247741935483871,0.5618812790982591,6.903406495974914e-05,32.0,2.0,72.0,53.0
SC34,Trerf1,chr17,47230317,47269819,+,novel splice site,donor,0.2575485,0.0001,0.2574485,0.1873198847262248,0.3237704918032787,9.042591734067269e-22,203.0,0.0,809.0,662.0
SC34,Ptprs,chr17,56426456,56426555,-,fully novel,donor,0.8374325,0.6224755,0.214957,0.1522401043932144,0.2825958702064897,0.0216004714923213,183.0,73.0,218.0,117.0
SC34,Sult6b1,chr17,78885217,78888189,-,novel splice site,donor,0.210058,0.0001,0.209958,0.1717171717171717,0.2676056338028169,3.184480948586866e-08,48.0,0.0,232.0,180.0
SC34,Mkx,chr18,6937202,6986138,-,novel splice site,donor,0.480004,0.0088482499999999,0.47115575,0.4262949614868207,0.546138072453862,1.217654380189824e-27,177.0,2.0,372.0,313.0
SC34,.,chr18,38493276,38497853,.,fully novel,donor,0.734953,0.2900419999999999,0.444911,0.3842917251051893,0.5050680720245938,8.799637624664362e-11,170.0,65.0,230.0,226.0
SC34,Hmgxb3,chr18,61159213,61160147,-,fully novel,donor,0.88367325,0.3775245,0.5061487499999999,0.22165820642978,0.6005235602094241,0.0018062099694641,179.0,6.0,202.0,16.0
SC34,Adnp2,chr18,80137574,80138152,-,novel splice site,donor,0.73370325,0.04134175,0.6923615000000001,0.6652292495945746,0.7206558860926329,4.5985013532707656e-48,437.0,12.0,592.0,323.0
SC34,Ahnak,chr19,9010093,9012216,+,fully novel,donor,0.4625074999999999,0.09133175,0.3711757499999999,0.1232624113475177,0.7735119047619048,2.414165059354732e-06,64.0,21.0,145.0,160.0
SC34,Ccdc86,chr19,10948810,10948869,-,fully novel,donor,0.5224955,0.28379325,0.23870225,0.1153829473501604,0.3970061142736664,0.0020183872275157,175.0,75.0,342.0,265.0
SC34,Prune2,chr19,17193430,17195922,+,novel splice site,donor,0.874925,0.2350529999999999,0.639872,0.55348402353847,0.7197817973011771,3.980046682983279e-43,519.0,179.0,597.0,764.0
SC34,Cntrl,chr2,35173158,35173606,+,novel splice site,donor,0.27129575,0.0001,0.27119575,0.2307692307692307,0.3658536585365853,2.2415143920242592e-08,40.0,0.0,149.0,130.0
SC34,Cdh22,chr2,165181460,165183238,-,novel splice site,donor,0.49875025,0.0225955,0.47615475,0.4265186841938683,0.5310466945843485,4.986729365255334e-32,246.0,11.0,493.0,554.0
SC34,.,chr2,177301365,177304785,.,fully novel,donor,0.9424115,0.35127975,0.59113175,0.4010863350485992,0.71106830798983,2.7590402402560845e-20,282.0,38.0,298.0,109.0
SC34,.,chr2,178055210,178058617,.,fully novel,donor,0.78869225,0.05009,0.73860225,0.6408532536520585,0.8304581176921603,2.5396102633078897e-27,153.0,6.0,196.0,122.0
SC34,Ogfr,chr2,180595100,180595315,+,fully novel,donor,0.30628875,0.075085,0.2312037499999999,0.1804933310470864,0.2843973796164394,1.17206055429415e-09,434.0,91.0,1421.0,1353.0
SC34,Ogfr,chr2,180595235,180595369,+,fully novel,donor,0.6524695,0.0001,0.6523695,0.4797297297297297,1.0,7.165223978924416e-52,354.0,0.0,613.0,359.0
SC34,Oprl1,chr2,181715230,181715356,+,novel splice site,donor,0.3625275,0.05383925,0.30868825,0.2637900059884224,0.353506137130567,1.2647562532427822e-09,108.0,14.0,297.0,267.0
SC34,Arnt,chr3,95476183,95478041,+,novel splice site,donor,0.210058,0.0088482499999999,0.20120975,0.1484367855805348,0.258974884590458,2.900631070965679e-12,116.0,3.0,558.0,604.0
SC34,Syt6,chr3,103576448,103579858,+,novel splice site,donor,0.23880225,0.0375925,0.20120975,0.0803571428571428,0.3048780487804878,0.004278797325064,39.0,5.0,162.0,111.0
SC34,.,chr3,107943321,107950796,.,novel splice site,donor,0.7024595,0.3225355,0.379924,0.1688311688311689,0.5898012747314191,0.0023017241717614,64.0,21.0,91.0,63.0
SC34,Miga1,chr3,152290910,152292556,-,novel splice site,donor,0.519996,0.010098,0.509898,0.461890126776796,0.551114636890665,3.507149715125578e-32,164.0,3.0,318.0,394.0
SC34,Focad,chr4,88297102,88300151,+,novel splice site,donor,0.51124775,0.0001,0.51114775,0.4418604651162791,0.6056338028169014,8.838560325867375e-26,99.0,0.0,193.0,234.0
SC34,Kif2c,chr4,117170140,117171062,-,novel splice site,donor,0.26879625,0.015097,0.25369925,0.2410850395010606,0.2653141540294853,8.146224849349299e-19,345.0,17.0,1297.0,1345.0
SC34,.,chr4,133096177,133101317,.,fully novel,donor,0.584983,0.03884225,0.5461407500000001,0.4133558748943364,0.6130653266331658,1.4602976608073686e-11,108.0,3.0,184.0,74.0
SC34,Zbtb17,chr4,141447338,141448042,+,novel splice site,donor,0.29379125,0.0575885,0.23620275,0.1826475927995104,0.2784390416409668,1.3523059055486108e-08,177.0,27.0,600.0,507.0
SC34,Vps13d,chr4,145098164,145099351,-,novel splice site,donor,0.2125574999999999,0.0001,0.2124575,0.1428571428571428,0.3333333333333333,3.28113522003741e-05,20.0,0.0,97.0,110.0
SC34,Gm13230,chr4,145450115,145450530,+,fully novel,donor,0.43126375,0.12132575,0.309938,0.0561594202898551,0.4891304347826087,0.005504730555962,42.0,11.0,98.0,78.0
SC34,Lrrc47,chr4,154019907,154019985,+,fully novel,donor,0.4387622499999999,0.00384925,0.4349129999999999,0.2947658402203856,0.5959901098681981,1.286609013690439e-34,443.0,1.0,1038.0,458.0
SC34,Gm30835,chr5,7694269,7718000,-,novel splice site,donor,0.87367525,0.35627875,0.5173965,0.3262393271313877,0.6977009852920177,1.4481821656433748e-07,122.0,19.0,141.0,53.0
SC34,Tacc3,chr5,33664451,33664594,+,fully novel,donor,0.35627875,0.11632675,0.2399519999999999,0.0627418765972982,0.4060443577869851,3.3988932844931746e-05,138.0,52.0,411.0,373.0
SC34,Jakmip1,chr5,37142859,37143697,+,novel splice site,donor,0.7424514999999999,0.0001,0.7423514999999999,0.5652173913043478,0.8157894736842105,5.826554058900684e-17,77.0,0.0,103.0,52.0
SC34,Mob1b,chr5,88745151,88745701,+,novel splice site,donor,0.275045,0.0001,0.274945,0.2236024844720497,0.3259259259259259,8.635729677903989e-24,231.0,0.0,851.0,678.0
SC34,Gm17092,chr5,99978475,99978580,+,fully novel,donor,0.4075185,0.01634675,0.39117175,0.3325694977647337,0.4520547945205479,1.7863705885655949e-07,71.0,1.0,176.0,66.0
SC34,Nos1,chr5,117956985,117957034,+,fully novel,donor,0.9999,0.0001,0.9998,1.0,1.0,8.022606592435946e-43,92.0,0.0,92.0,91.0
SC34,Mphosph9,chr5,124297711,124298688,-,novel splice site,donor,0.345031,0.1425715,0.2024595,0.1091768863022241,0.289934734927513,0.0051903744184732,97.0,33.0,281.0,236.0
SC34,Psph,chr5,129776942,129778511,-,novel splice site,donor,0.74370125,0.0475905,0.69611075,0.6547803966592377,0.7534486789805939,6.897888103849827e-36,300.0,10.0,403.0,204.0
SC34,.,chr6,31337340,31338177,.,fully novel,donor,0.6499699999999999,0.2912917499999999,0.35867825,0.2657393483709273,0.4496567505720823,0.0062113958063982,43.0,22.0,66.0,76.0
SC34,Ccdc142,chr6,83105086,83105233,+,fully novel,donor,0.7312037499999999,0.3925214999999999,0.3386822499999999,0.0781954887218046,0.6444444444444445,0.0089964309386396,57.0,31.0,79.0,78.0
SC34,Dysf,chr6,84152410,84155162,+,novel splice site,donor,0.3675265,0.0001,0.3674265,0.3023255813953488,0.4186046511627907,4.061952365309474e-11,48.0,0.0,131.0,116.0
SC34,Gm5577,chr6,87983109,87999156,+,novel splice site,donor,0.5124974999999999,0.0001,0.5123975,0.3584905660377358,0.6578947368421053,1.02321713682161e-12,69.0,0.0,136.0,73.0
SC34,Adipor2,chr6,119365381,119369859,-,novel splice site,donor,0.589982,0.0975805,0.4924015,0.4142857142857142,0.5821981004070557,3.085988838566589e-28,424.0,79.0,727.0,822.0
SC34,Brsk1,chr7,4699107,4700919,+,novel splice site,donor,0.3025394999999999,0.0075985,0.2949409999999999,0.272521913053709,0.3099169684689914,4.7261689943057513e-23,266.0,8.0,885.0,955.0
SC34,Zfp566,chr7,30087160,30090219,-,novel splice site,donor,0.3175365,0.05633875,0.26119775,0.23671175651482,0.2887873624370317,4.43706857406228e-10,180.0,26.0,571.0,492.0
SC34,Tub,chr7,109024658,109025373,+,novel splice site,donor,0.38877225,0.03134375,0.3574285,0.3214609113950694,0.4097712502895134,6.302941223229185e-27,494.0,67.0,1299.0,2344.0
SC34,Bcl7c,chr7,127707305,127707486,-,novel splice site,donor,0.4850029999999999,0.09133175,0.39367125,0.1349500185116623,0.5117845117845118,1.1531910758868089e-07,142.0,13.0,292.0,112.0
SC34,Zfp668,chr7,127868425,127873772,-,novel splice site,donor,0.41126775,0.04884025,0.3624275,0.2733905156265404,0.4346483704974271,3.864628898665101e-10,79.0,11.0,191.0,207.0
SC34,Mki67,chr7,135696485,135697198,-,fully novel,donor,0.3875225,0.07383525,0.31368725,0.0912381870243447,0.418265460529949,4.700248565174042e-10,237.0,114.0,612.0,622.0
SC34,Myo16,chr8,10597210,10601120,+,fully novel,donor,0.5674865,0.12882425,0.43866225,0.3360962566844919,0.5396613190730837,1.713478775090226e-06,59.0,11.0,104.0,89.0
SC34,Ddhd2,chr8,25733123,25733577,-,novel splice site,donor,0.3075385,0.02884425,0.27869425,0.2472769567597153,0.3140253852328156,1.3963513190594881e-16,261.0,22.0,866.0,919.0
SC34,Hgsnat,chr8,25945316,25945948,-,novel splice site,donor,0.4825035,0.0001,0.4824035,0.4580152671755725,0.5135135135135135,2.51399644663868e-33,157.0,0.0,326.0,385.0
SC34,Irf2,chr8,46739937,46740063,+,novel splice site,donor,0.285043,0.040092,0.2449509999999999,0.1641607054483286,0.3106575963718821,6.409538801642295e-10,158.0,22.0,569.0,518.0
SC34,.,chr8,82617707,82745251,.,fully novel,donor,0.7524495,0.275045,0.4774045,0.2398190045248869,0.5956512189764991,2.9435930413832382e-05,40.0,28.0,53.0,108.0
SC34,Chd9,chr8,90886511,90891652,+,fully novel,donor,0.53624275,0.03884225,0.4974004999999999,0.3290641500954949,0.6080402010050251,3.1166549112013887e-10,109.0,3.0,203.0,75.0
SC34,Gm50241,chr8,106884375,106886919,-,novel splice site,donor,0.74870025,0.25129975,0.4974004999999999,0.3776942355889724,0.7301867413632107,1.923335879309931e-09,104.0,34.0,142.0,133.0
SC34,Igsf9b,chr9,27328707,27329577,+,novel splice site,donor,0.3825234999999999,0.120076,0.2624474999999999,0.1207482993197278,0.4055851063829787,0.0007169847062055,77.0,19.0,203.0,147.0
SC34,Islr2,chr9,58201373,58201910,-,novel splice site,donor,0.519996,0.04634075,0.47365525,0.4660649387164294,0.4926356589147286,6.180600046490417e-36,719.0,42.0,1381.0,1032.0
SC34,Pkm,chr9,59669087,59670466,+,novel splice site,donor,0.78369325,0.5724855,0.21120775,0.1204791245467089,0.3135710337202875,0.0013683867486124,400.0,242.0,520.0,423.0
SC34,Srprb,chr9,103189467,103189613,-,fully novel,donor,0.969906,0.60372925,0.3661767499999999,0.1736544592386208,0.9555555555555556,1.251631290115008e-17,442.0,348.0,458.0,523.0
SC34,Nme6,chr9,109835415,109837872,+,novel splice site,donor,0.2625475,0.020096,0.2424515,0.2222102750478484,0.2613527207554466,9.949605021851245e-13,147.0,10.0,568.0,582.0
SC34,Nbeal2,chr9,110628504,110628573,-,novel splice site,donor,0.4150169999999999,0.12132575,0.2936912499999999,0.2454763071895424,0.3552631578947368,0.0225655982531324,22.0,9.0,53.0,76.0
SC34,Sec22c,chr9,121688318,121689311,-,novel splice site,donor,0.3700259999999999,0.1425715,0.2274544999999999,0.1739451257534816,0.3089925625422582,0.0004612285730379,118.0,44.0,319.0,296.0
SC34,.,chrX,73786934,73788834,.,novel splice site,donor,0.524995,0.1838132499999999,0.34118175,0.1597402597402597,0.6989146890343654,0.0109219501671056,33.0,13.0,64.0,69.0
SC34,Naa10,chrX,73920022,73920982,-,novel splice site,donor,0.9999,0.27129575,0.7286042500000001,0.0625,0.8372093023255813,6.242292910668805e-15,43.0,37.0,43.0,149.0
SC34,Xist,chrX,103467432,103467555,-,fully novel,donor,0.71870625,0.2138072499999999,0.504899,0.1626727374390925,0.9561556329849012,1.824986511591825e-09,165.0,35.0,283.0,144.0
SC34,Hmgn5,chrX,109005321,109005401,-,fully novel,donor,0.60622875,0.0625875,0.54364125,0.2976190476190476,0.8901714664645697,2.0795683032660664e-09,112.0,4.0,192.0,58.0
SC34,Hmgn5,chrX,109005402,109005617,-,fully novel,donor,0.3975205,0.030094,0.3674265,0.1276536128691983,0.9614035087719298,2.951647644154164e-14,135.0,9.0,420.0,264.0
SC34,Gm15023,chrX,135172951,135173447,-,novel splice site,donor,0.929914,0.66871625,0.26119775,0.1138888888888889,0.9276729559748428,2.6115702067853226e-06,336.0,149.0,360.0,215.0
SC34,.,chrY,90722034,90722649,.,fully novel,donor,0.470006,0.045091,0.424915,0.0956642008424317,0.56,3.767545190215425e-17,218.0,45.0,442.0,460.0
SC34,.,chrY,90722189,90804261,.,fully novel,donor,0.98115375,0.01634675,0.964807,0.3173333333333333,0.9966777408637874,4.58160240437424e-51,300.0,2.0,303.0,125.0
SC34,.,chrY,90722650,90724966,.,fully novel,donor,0.514997,0.11632675,0.39867025,0.3362917023096663,0.8860103626943006,1.941259938399907e-06,50.0,22.0,99.0,193.0
SC34,Gm47283,chrY,90800620,90805074,+,fully novel,donor,0.2925415,0.02884425,0.26369725,0.2154224888180021,0.3222480620155039,7.769926628566522e-06,46.0,4.0,161.0,140.0
SC34,Gigyf2,chr1,87443819,87446309,+,fully novel,acceptor,0.54874025,0.0001,0.54864025,0.320754716981132,1.0,2.3507060413296166e-27,139.0,0.0,272.0,191.0
SC34,Hdac4,chr1,92141582,92148255,-,novel splice site,acceptor,0.30004,0.065087,0.2349529999999999,0.2192944259199666,0.2538836430094426,1.0820404192000312e-08,214.0,40.0,718.0,650.0
SC34,.,chr1,93826641,93906243,.,novel splice site,acceptor,0.98365325,0.6524695,0.33118375,0.1273795534665099,0.8962585034013605,6.462083656452838e-07,112.0,67.0,114.0,102.0
SC34,.,chr1,93826641,93975352,.,novel splice site,acceptor,0.974905,0.4962507499999999,0.47865425,0.1609831460674156,0.9716981132075472,5.525195310827533e-09,103.0,37.0,106.0,70.0
SC34,3110009E18Rik,chr1,120126393,120150602,+,novel splice site,acceptor,0.6674665,0.01634675,0.65111975,0.6252269194006784,0.6843113196878882,6.272710792032705e-56,593.0,8.0,891.0,478.0
SC34,Fam163a,chr1,156174861,156204882,-,fully novel,acceptor,0.295041,0.07133575,0.22370525,0.0915483434753211,0.3548048978036114,0.0022820854815233,43.0,11.0,146.0,148.0
SC34,Akt3,chr1,177103107,177109418,-,novel splice site,acceptor,0.79119175,0.58873225,0.2024595,0.0781226903178122,0.3322588072760765,0.049085984524974,162.0,85.0,205.0,143.0
SC34,Enah,chr1,181904392,181904450,-,fully novel,acceptor,0.68121375,0.2013097499999999,0.479904,0.0649442690548288,0.7447916666666666,3.113454225245025e-10,149.0,48.0,220.0,172.0
SC34,Lrp11,chr10,7602955,7604223,+,novel splice site,acceptor,0.9124175,0.37877425,0.53364325,0.4189332028125132,0.6791280402711315,7.694054996234419e-07,52.0,25.0,57.0,66.0
SC34,Scml4,chr10,42950878,42952037,+,fully novel,acceptor,0.72370525,0.1875625,0.53614275,0.2166666666666667,0.7056303549571604,9.54177903853089e-06,27.0,22.0,37.0,117.0
SC34,Hace1,chr10,45639804,45648590,+,novel splice site,acceptor,0.5,0.08633275,0.41366725,0.3761110408528976,0.4643889320771139,1.820072384031561e-24,634.0,108.0,1266.0,1290.0
SC34,Ube2d1,chr10,71263718,71285100,-,novel splice site,acceptor,0.62622475,0.01134775,0.614877,0.5647021140294682,0.6516285484946808,1.3672376685163978e-70,850.0,9.0,1357.0,1182.0
SC34,Celf5,chr10,81469967,81470628,-,novel splice site,acceptor,0.42126575,0.0001,0.42116575,0.36,0.5,1.8560451509863967e-12,30.0,0.0,71.0,154.0
SC34,Washc4,chr10,83561125,83564410,+,novel splice site,acceptor,0.67621475,0.03634275,0.639872,0.5887879851089716,0.6936230292571965,5.466353616367005e-42,185.0,28.0,274.0,685.0
SC34,Usp15,chr10,123151126,123153040,-,novel splice site,acceptor,0.2525495,0.01134775,0.24120175,0.2227660363366704,0.2554899759114771,1.6820110367322474e-17,217.0,17.0,872.0,1437.0
SC34,Nefh,chr11,4940680,4940751,-,fully novel,acceptor,0.3012897499999999,0.0001,0.30118975,0.0833333333333333,1.0,2.482491046808466e-09,30.0,0.0,104.0,173.0
SC34,Plek,chr11,17008807,17052182,-,novel splice site,acceptor,0.64372125,0.3812737499999999,0.2624475,0.1323857302118171,0.4108003857280617,0.0201497773514799,83.0,50.0,128.0,130.0
SC34,Ccdc88a,chr11,29421402,29422539,+,novel splice site,acceptor,0.4050189999999999,0.005099,0.3999199999999999,0.3536811373445037,0.4273684210526315,5.250696496337557e-28,184.0,4.0,453.0,556.0
SC34,.,chr11,43455763,43459567,.,fully novel,acceptor,0.539992,0.20880825,0.33118375,0.1119538644769009,0.5511123627147282,0.000347554047432,149.0,25.0,275.0,100.0
SC34,.,chr11,70654578,70656292,.,novel splice site,acceptor,0.56623675,0.0675865,0.4986502499999999,0.3378378378378378,0.6521739130434783,1.7184350331340286e-08,95.0,5.0,166.0,66.0
SC34,2610507B11Rik,chr11,78264267,78264463,+,novel splice site,acceptor,0.4037692499999999,0.08633275,0.3174364999999999,0.2837376977182136,0.3649128268991282,1.1624471681659245e-15,554.0,118.0,1382.0,1436.0
SC34,Taf15,chr11,83497927,83501157,+,novel splice site,acceptor,0.44376125,0.08633275,0.3574285,0.073051948051948,0.5233644859813084,0.0002873176710909,65.0,6.0,150.0,62.0
SC34,Taf15,chr11,83504765,83504896,+,fully novel,acceptor,0.69371125,0.0001,0.69361125,0.1,1.0,1.740454509568969e-15,20.0,0.0,29.0,298.0
SC34,Nfe2l1,chr11,96822320,96827929,-,novel splice site,acceptor,0.32128575,0.06133775,0.2599479999999999,0.1198515769944341,0.3566878980891719,0.0009109728417105,50.0,8.0,156.0,104.0
SC34,2610035D17Rik,chr11,113067387,113201290,-,novel splice site,acceptor,0.89867025,0.6474705,0.25119975,0.1578638497652581,0.351063829787234,0.0310575805764181,60.0,61.0,67.0,94.0
SC34,Caskin2,chr11,115806211,115806303,-,novel splice site,acceptor,0.4725054999999999,0.00634875,0.4661567499999999,0.3814604077761972,0.555433789954338,1.3968775522460222e-21,102.0,1.0,215.0,219.0
SC34,Mettl23,chr11,116852861,116853999,+,novel splice site,acceptor,0.365027,0.11382725,0.25119975,0.1202350137639179,0.3581121056549039,4.629840462004906e-06,186.0,53.0,516.0,386.0
SC34,Rab10os,chr12,3239328,3241521,+,novel splice site,acceptor,0.64622075,0.00384925,0.6423715,0.4999524714828897,0.7228942302689766,7.123794832136993e-56,281.0,1.0,433.0,516.0
SC34,.,chr12,8490746,8492222,.,fully novel,acceptor,0.330034,0.10008,0.229954,0.0831029185867895,0.391304347826087,0.0333269292038099,31.0,13.0,94.0,104.0
SC34,Asap2,chr12,21210304,21212808,+,novel splice site,acceptor,0.2675464999999999,0.01134775,0.25619875,0.2165323927199866,0.3013105707162982,1.6868643052263448e-17,179.0,11.0,670.0,992.0
SC34,Tspan13,chr12,36021915,36023919,-,novel splice site,acceptor,0.9574085,0.60372925,0.35367925,0.2093295827473041,0.963076923076923,4.891744673550246e-13,313.0,362.0,325.0,595.0
SC34,Dock4,chr12,40835913,40836629,+,novel splice site,acceptor,0.514997,0.060088,0.454909,0.3852294993121274,0.5843017949498023,9.078851991979691e-21,138.0,32.0,267.0,560.0
SC34,Synj2bp,chr12,81510052,81510828,-,novel splice site,acceptor,0.22130575,0.0001,0.22120575,0.1993817619783616,0.2514898688915375,2.3107074536036626e-25,541.0,0.0,2459.0,1892.0
SC34,Spata7,chr12,98634645,98637565,+,novel splice site,acceptor,0.80118975,0.02134575,0.779844,0.727265635598969,0.8219895287958116,3.0864791570797514e-35,152.0,4.0,189.0,148.0
SC34,Gm36264,chr13,9042629,9054581,-,fully novel,acceptor,0.42376525,0.0001,0.42366525,0.3199404761904761,0.4810205351586807,9.624539577387835e-70,14821.0,0.0,38316.0,32199.0
SC34,Gm36264,chr13,9042630,9054581,-,fully novel,acceptor,0.465007,0.0001,0.464907,0.3556998556998557,0.5228583196046128,1.2701814894689149e-78,16302.0,0.0,38316.0,32199.0
SC34,Ddx46,chr13,55659099,55660352,+,novel splice site,acceptor,0.5624875,0.2925415,0.269946,0.1458333333333333,0.491025641025641,0.0434707731579943,72.0,22.0,128.0,74.0
SC34,Dimt1,chr13,106949786,106951839,+,novel splice site,acceptor,0.619976,0.1613177499999999,0.45865825,0.1958473625140291,0.6349206349206349,7.487176417814998e-08,98.0,17.0,162.0,105.0
SC34,Ercc6,chr14,32542030,32546744,+,novel splice site,acceptor,0.3687762499999999,0.13132375,0.2374524999999999,0.2098842334136451,0.2685714285714285,5.339429290800481e-06,184.0,72.0,500.0,563.0
SC34,Uggt2,chr14,119044029,119044499,-,novel splice site,acceptor,0.22880425,0.0001,0.22870425,0.1415094339622641,0.3285714285714285,3.1500984788568524e-10,54.0,0.0,242.0,222.0
SC34,.,chr15,4980607,4987231,.,fully novel,acceptor,0.65371925,0.0001,0.65361925,0.5833333333333334,0.7366071428571429,1.2228698700733728e-32,397.0,0.0,605.0,136.0
SC34,A930017M01Rik,chr15,44856025,44856463,+,novel splice site,acceptor,0.2625475,0.01134775,0.25119975,0.1987012987012986,0.3296773785425097,1.9423519197136537e-05,33.0,1.0,127.0,104.0
SC34,Taf2,chr15,55026254,55027171,-,novel splice site,acceptor,0.27129575,0.0001,0.27119575,0.2222222222222222,0.3067484662576687,3.976542750927983e-23,151.0,0.0,565.0,798.0
SC34,Bop1,chr15,76453729,76454015,-,novel splice site,acceptor,0.60372925,0.32878425,0.274945,0.1072874493927125,0.6039215686274509,0.0131237398159708,152.0,29.0,251.0,85.0
SC34,.,chr15,98950865,99037085,.,fully novel,acceptor,0.7274545,0.01134775,0.71610675,0.4198723010626537,0.931071428571427,4.417813097580825e-48,169.0,27.0,252.0,954.0
SC34,.,chr15,98950999,99037250,.,fully novel,acceptor,0.80618875,0.315037,0.49115175,0.0591301051833601,0.8814968814968815,1.5923993460008272e-09,271.0,38.0,327.0,101.0
SC34,.,chr15,98951314,99037163,.,fully novel,acceptor,0.72120575,0.4162667499999999,0.304939,0.1289446185997911,0.7151515151515152,0.0037713697064038,118.0,44.0,165.0,102.0
SC34,Eif4b,chr15,102086640,102088617,+,novel splice site,acceptor,0.9999,0.79369125,0.20620875,0.15625,0.3636363636363636,0.0001214890010163,91.0,89.0,91.0,111.0
SC34,Hoxc6,chr15,102998772,103009842,+,novel splice site,acceptor,0.49125175,0.11882625,0.3724254999999999,0.1577586206896551,0.5423728813559322,0.0001133192059815,56.0,13.0,114.0,89.0
SC34,Comt,chr16,18407300,18407528,-,fully novel,acceptor,0.9999,0.26879625,0.7311037499999999,0.3835616438356164,1.0,4.166751766655242e-36,176.0,90.0,176.0,230.0
SC34,Map3k13,chr16,21846221,21891883,+,novel splice site,acceptor,0.8274345,0.5937312499999999,0.23370325,0.105130361648444,0.3250327653997378,0.0356753708155875,102.0,61.0,123.0,103.0
SC34,Gm15651,chr16,22548773,22549371,+,fully novel,acceptor,0.39627075,0.115077,0.28119375,0.0630157539384846,0.8467741935483837,0.0106287485799413,32.0,10.0,84.0,85.0
SC34,Cox17,chr16,38347205,38349215,+,fully novel,acceptor,0.90366925,0.2413017499999999,0.6623675,0.4456704913468443,0.948119325551232,5.1402060373414726e-21,590.0,26.0,650.0,90.0
SC34,.,chr16,58464328,58481315,.,novel splice site,acceptor,0.5774845,0.23380325,0.3436812499999999,0.125,0.5698924731182796,0.0004484987904772,114.0,21.0,197.0,87.0
SC34,.,chr16,76057520,76059575,.,fully novel,acceptor,0.2562987499999999,0.02884425,0.2274544999999999,0.0629929886064855,0.5476190476190477,0.0023220274245103,28.0,3.0,117.0,95.0
SC34,Dyrk1a,chr16,94570031,94611418,+,novel splice site,acceptor,0.38377325,0.045091,0.33868225,0.2544178794178794,0.4053544494720965,3.189329086891603e-08,79.0,8.0,206.0,152.0
SC34,9030025P20Rik,chr17,14984447,14988480,+,fully novel,acceptor,0.64122175,0.10132975,0.539892,0.1087633308727899,0.9290953545232274,3.8967806210521976e-17,81.0,128.0,147.0,900.0
SC34,.,chr17,14988592,14992346,.,fully novel,acceptor,0.824935,0.0001,0.824835,0.7643979057591623,0.9692307692307692,1.5177373215843673e-43,322.0,0.0,401.0,123.0
SC34,.,chr17,21680203,21681596,.,fully novel,acceptor,0.984903,0.769946,0.2149569999999999,0.1595932802829355,0.319634703196347,0.0029258880460366,77.0,65.0,78.0,84.0
SC34,.,chr17,21687928,21690212,.,fully novel,acceptor,0.9999,0.6474705,0.3524295,0.2424242424242424,0.4761904761904761,6.041270680215501e-06,59.0,47.0,59.0,72.0
SC34,Mtch1,chr17,29336312,29338693,-,novel splice site,acceptor,0.9574085,0.66621675,0.2911917499999999,0.1478547854785479,0.4043715846994535,1.7546741645405124e-05,107.0,126.0,113.0,189.0
SC34,.,chr17,34747155,34836429,.,novel splice site,acceptor,0.240052,0.0175964999999999,0.2224555,0.0618596836324891,0.2565933198904375,3.859279734340666e-15,767.0,191.0,3229.0,2764.0
SC34,Mkx,chr18,6986236,6992037,-,novel splice site,acceptor,0.480004,0.0138472499999999,0.46615675,0.3663286479481046,0.5603377935196109,7.977634019792276e-26,174.0,4.0,369.0,315.0
SC34,Apbb3,chr18,36673272,36673713,-,fully novel,acceptor,0.4525095,0.12382525,0.32868425,0.1696496572734196,0.6311881188118812,0.0004819027154647,45.0,12.0,103.0,101.0
SC34,.,chr18,38498035,38500306,.,fully novel,acceptor,0.709958,0.23380325,0.4761547499999999,0.4283783783783783,0.5443548387096775,1.743872546113938e-12,158.0,52.0,222.0,222.0
SC34,Hmgxb3,chr18,61161110,61162896,-,novel splice site,acceptor,0.4037692499999999,0.02134575,0.3824234999999999,0.2807319900980791,0.4468895416850807,6.203035805458591e-17,114.0,6.0,283.0,294.0
SC34,Adnp2,chr18,80138305,80142648,-,novel splice site,acceptor,0.684963,0.02884425,0.65611875,0.6295921221415275,0.6868537666174298,1.5031747732675454e-45,465.0,10.0,677.0,330.0
SC34,Atp9b,chr18,80860041,80869741,-,novel splice site,acceptor,0.26379725,0.0575885,0.20620875,0.0965975544922913,0.3008531187395092,0.0001046986152261,62.0,15.0,236.0,276.0
SC34,Prune2,chr19,17195994,17199112,+,novel splice site,acceptor,0.4425115,0.00634875,0.43616275,0.3817805609487088,0.4963508971536138,7.33719824222838e-29,153.0,7.0,347.0,591.0
SC34,Prune2,chr19,17196109,17199112,+,novel splice site,acceptor,0.270046,0.0075985,0.2624475,0.2109440267335004,0.3007265850502637,6.327449327275879e-14,92.0,10.0,347.0,591.0
SC34,Lcor,chr19,41525427,41525494,+,fully novel,acceptor,0.6724654999999999,0.2463007499999999,0.42616475,0.2010999521759923,0.7435897435897436,3.6613333464506086e-05,52.0,30.0,79.0,117.0
SC34,Trim8,chr19,46506929,46512722,+,novel splice site,acceptor,0.410018,0.05133975,0.35867825,0.3208498328980257,0.4107142857142857,1.3179858527422018e-16,231.0,20.0,563.0,429.0
SC34,.,chr2,28320280,28328104,.,novel splice site,acceptor,0.42376525,0.120076,0.3036892499999999,0.2327166504381694,0.3536585365853658,0.0002129013446544,47.0,19.0,111.0,161.0
SC34,Gapvd1,chr2,34734608,34748035,-,novel splice site,acceptor,0.48125375,0.08133375,0.39992,0.2083333333333333,0.6199712643678161,9.309805704748845e-06,41.0,9.0,85.0,98.0
SC34,Gm13571,chr2,60339542,60340152,+,novel splice site,acceptor,0.480004,0.13132375,0.34868025,0.2927784283530322,0.3933230611196712,2.757245604453809e-06,78.0,20.0,162.0,157.0
SC34,.,chr2,71737373,71737629,.,fully novel,acceptor,0.9999,0.4875025,0.5123975000000001,0.4651162790697675,0.6666666666666667,8.532138547286151e-09,50.0,39.0,50.0,79.0
SC34,Edem2,chr2,155719488,155722431,-,novel splice site,acceptor,0.2325535,0.0001,0.2324535,0.1981981981981982,0.2773722627737226,9.326468395247658e-17,122.0,0.0,538.0,493.0
SC34,Cdh22,chr2,165183372,165234554,-,novel splice site,acceptor,0.49875025,0.0138472499999999,0.484903,0.4309954860008277,0.5270445825616319,5.7347549270466215e-34,251.0,10.0,504.0,553.0
SC34,.,chr2,174462630,174465725,.,novel splice site,acceptor,0.27379525,0.0001,0.27369525,0.1111111111111111,0.3529411764705882,7.72511560226077e-09,55.0,0.0,194.0,134.0
SC34,.,chr2,177304865,177307487,.,fully novel,acceptor,0.88367325,0.35627875,0.5273945,0.3479166666666666,0.683922558922559,4.8615095662722755e-09,81.0,33.0,92.0,94.0
SC34,Anp32e,chr3,95929414,95937119,+,novel splice site,acceptor,0.2787942499999999,0.0001,0.27869425,0.1170212765957446,0.4897959183673469,1.5993135695390225e-12,58.0,0.0,213.0,242.0
SC34,Vps45,chr3,96044826,96044961,-,fully novel,acceptor,0.35627875,0.0175964999999999,0.3386822499999999,0.2349153297682709,0.5217948717948717,9.817506285330135e-05,23.0,1.0,65.0,63.0
SC34,Miga1,chr3,152292712,152297116,-,novel splice site,acceptor,0.26129775,0.005099,0.25619875,0.2250639386189258,0.3013833992094861,2.176690428856513e-13,67.0,2.0,258.0,440.0
SC34,Anp32b,chr4,46469984,46472148,+,fully novel,acceptor,0.98115375,0.62872425,0.3524294999999999,0.1759142496847414,0.4824561403508771,4.204627691411277e-05,58.0,53.0,59.0,85.0
SC34,Kif2c,chr4,117171123,117171716,-,novel splice site,acceptor,0.3025394999999999,0.01884625,0.2836932499999999,0.2746888657115617,0.3010154738878143,4.513877673936664e-21,410.0,20.0,1362.0,1348.0
SC34,Adgrb2,chr4,130012976,130013492,+,novel splice site,acceptor,0.779944,0.0138472499999999,0.76609675,0.722253698967203,0.8322649572649573,2.679646215518225e-58,347.0,4.0,446.0,310.0
SC34,.,chr4,133096177,133101317,.,fully novel,acceptor,0.3275345,0.01134775,0.31618675,0.2721471471471471,0.3315217391304347,9.454195539470912e-13,108.0,3.0,331.0,227.0
SC34,Nipal3,chr4,135455151,135463785,-,novel splice site,acceptor,0.260048,0.040092,0.2199559999999999,0.1671554252199413,0.2577319587628865,0.005101806646674,25.0,4.0,97.0,99.0
SC34,Vps13d,chr4,145099464,145099964,-,novel splice site,acceptor,0.2787942499999999,0.02884425,0.2499499999999999,0.1716224951519069,0.4692307692307692,0.0001893414293419,29.0,3.0,106.0,113.0
SC34,Lrrc47,chr4,154019886,154020418,+,novel splice site,acceptor,0.69996,0.22130575,0.47865425,0.1814316087880935,0.6053639846743295,3.444615165842562e-09,163.0,22.0,232.0,109.0
SC34,Lrrc47,chr4,154019907,154019985,+,fully novel,acceptor,0.5349929999999999,0.00384925,0.5311437499999999,0.3731700635546789,0.882235664991054,9.60362428675428e-45,443.0,1.0,942.0,485.0
SC34,Lrrc47,chr4,154019936,154020268,+,fully novel,acceptor,0.27379525,0.0001,0.27369525,0.1266233766233766,0.3716814159292035,3.7564007836555454e-20,245.0,0.0,870.0,437.0
SC34,Lrrc47,chr4,154020181,154020278,+,fully novel,acceptor,0.51374725,0.0001,0.51364725,0.2888086642599278,0.6932515337423313,5.674408494919106e-32,256.0,0.0,541.0,273.0
SC34,Gm16008,chr4,156023838,156028478,-,novel splice site,acceptor,0.45375925,0.0001,0.45365925,0.3,0.5789473684210527,1.5039354374312132e-11,47.0,0.0,103.0,88.0
SC34,Gm30835,chr5,7718815,7924322,-,novel splice site,acceptor,0.48625275,0.210058,0.27619475,0.2301344763064013,0.3382753819301445,1.1129657965037646e-07,515.0,149.0,1063.0,712.0
SC34,Zfyve28,chr5,34214355,34216560,-,novel splice site,acceptor,0.3725255,0.0725855,0.29994,0.1370967741935483,0.4736842105263157,0.0002152934636193,49.0,8.0,128.0,105.0
SC34,.,chr5,114129167,114130455,.,fully novel,acceptor,0.460008,0.21630675,0.2437012499999999,0.0619593691526329,0.4186217008797653,0.038059929896261,80.0,19.0,174.0,86.0
SC34,Atxn2,chr5,121789824,121794937,+,novel splice site,acceptor,0.265047,0.015097,0.2499499999999999,0.2291238173591114,0.2684751821576787,2.4952829095636746e-17,269.0,17.0,1022.0,1171.0
SC34,Rcc1l,chr5,134170216,134171838,-,fully novel,acceptor,0.554989,0.2675464999999999,0.2874425,0.2029167714357556,0.3761698867057085,0.0050576394887847,80.0,32.0,144.0,120.0
SC34,Gm20635,chr5,143398950,143403608,-,novel splice site,acceptor,0.58123375,0.295041,0.28619275,0.2097578347578347,0.3750700280112045,0.0133596918969422,61.0,33.0,105.0,112.0
SC34,Cyth3,chr5,143636553,143649323,+,novel splice site,acceptor,0.9999,0.0001,0.9998,1.0,1.0,4.736037912647154e-27,29.0,0.0,29.0,128.0
SC34,Tecpr1,chr5,144215791,144216252,-,novel splice site,acceptor,0.39127175,0.01134775,0.379924,0.1818181818181818,0.5682460037262473,4.95857471463568e-11,40.0,2.0,102.0,174.0
SC34,.,chr6,88190790,88196617,.,fully novel,acceptor,0.8774244999999999,0.664967,0.2124574999999999,0.0780772436787996,0.3996373996373997,0.0038046430614525,230.0,113.0,261.0,170.0
SC34,Slc25a26,chr6,94513448,94513804,+,novel splice site,acceptor,0.6774645,0.3375325,0.339932,0.1772041621244227,0.4962546816479401,0.0016673932142835,86.0,30.0,126.0,89.0
SC34,Adipor2,chr6,119369919,119370149,-,novel splice site,acceptor,0.62372525,0.0825835,0.54114175,0.4431339003879425,0.6259764737941684,1.7401701446868372e-35,492.0,65.0,795.0,808.0
SC34,Tub,chr7,109025470,109025607,+,novel splice site,acceptor,0.2725455,0.01634675,0.25619875,0.1968173656124336,0.2717051842598376,2.0817601393391e-18,435.0,91.0,1601.0,2659.0
SC34,B130055M24Rik,chr7,127457117,127459514,+,novel splice site,acceptor,0.45375925,0.2225555,0.23120375,0.189388213863535,0.2732485404503753,0.0008211331719681,182.0,69.0,404.0,314.0
SC34,Ate1,chr7,130457553,130458026,-,fully novel,acceptor,0.45625875,0.0001,0.45615875,0.3783783783783784,0.5604395604395604,0.013745022429972,142.0,0.0,317.0,12.0
SC34,Ate1,chr7,130458154,130464130,-,novel splice site,acceptor,0.3700259999999999,0.035093,0.334933,0.3303343975802386,0.3474938738553782,3.711394941213946e-22,440.0,33.0,1191.0,1079.0
SC34,Tcerg1l,chr7,138256318,138259797,-,novel splice site,acceptor,0.2375525,0.0001,0.2374525,0.2258064516129032,0.25,7.489640437560569e-08,25.0,0.0,106.0,177.0
SC34,Myo16,chr8,10601168,10606948,+,fully novel,acceptor,0.754949,0.1725654999999999,0.5823834999999999,0.431744630773757,0.6994554265601901,4.5096154721754525e-11,84.0,15.0,111.0,90.0
SC34,Adam9,chr8,24962985,24963038,-,fully novel,acceptor,0.4512597499999999,0.23380325,0.2174564999999999,0.0968253968253968,0.3494117647058823,0.0283010779007636,65.0,70.0,146.0,308.0
SC34,Hgsnat,chr8,25945997,25946235,-,novel splice site,acceptor,0.445011,0.0001,0.444911,0.4133333333333333,0.5,1.1846944283418837e-29,136.0,0.0,305.0,385.0
SC34,Uba52,chr8,70509635,70509720,-,novel splice site,acceptor,0.9974005,0.6624675,0.334933,0.2657658819098106,0.3545918367346938,4.0178131277730364e-38,5688.0,4223.0,5861.0,6385.0
SC34,Unc13a,chr8,71637198,71637771,-,novel splice site,acceptor,0.2800439999999999,0.0001,0.2799439999999999,0.1071428571428571,0.3809523809523809,6.758420977501718e-10,45.0,0.0,155.0,168.0
SC34,Dcaf15,chr8,84099193,84102209,-,novel splice site,acceptor,0.3325335,0.0001,0.3324335,0.1568627450980392,0.8823529411764706,2.024084872765813e-06,37.0,0.0,117.0,65.0
SC34,Chd9,chr8,90886511,90891652,+,fully novel,acceptor,0.31878625,0.01134775,0.3074385,0.2643622189788085,0.3209549071618037,8.229232002208939e-13,109.0,3.0,344.0,239.0
SC34,Gnao1,chr8,93959144,93959239,+,fully novel,acceptor,0.3025394999999999,0.0001,0.3024395,0.2301587301587301,0.4183673469387755,6.793011019127647e-11,108.0,0.0,362.0,127.0
SC34,Slc7a6,chr8,106169257,106179101,+,novel splice site,acceptor,0.4275144999999999,0.01134775,0.41616675,0.3887862054643148,0.4290443461677095,1.2076095420830668e-43,1688.0,52.0,3977.0,3112.0
SC34,Il34,chr8,110790886,110793495,-,fully novel,acceptor,0.48625275,0.12882425,0.3574285,0.1416028395292359,0.8266252587991689,0.0043399789539058,22.0,12.0,46.0,89.0
SC34,Vat1l,chr8,114289443,114369215,+,novel splice site,acceptor,0.5474905,0.260048,0.2874425,0.1607044853564835,0.5347222222222222,0.0072687316876149,65.0,36.0,119.0,130.0
SC34,Aasdhppt,chr9,4302632,4308733,-,novel splice site,acceptor,0.7424514999999999,0.3975205,0.3449309999999999,0.1630252100840336,0.7213114754098361,0.0059290757674496,51.0,43.0,70.0,104.0
SC34,Islr2,chr9,58202042,58204218,-,novel splice site,acceptor,0.45875825,0.0088482499999999,0.44991,0.3643316811664529,0.5360774538264125,2.0939665664124905e-31,179.0,3.0,396.0,522.0
SC34,Manf,chr9,106880214,106880267,-,fully novel,acceptor,0.2363027499999999,0.00384925,0.2324534999999999,0.1826086956521739,0.2981967837092016,9.78673880433927e-13,91.0,1.0,388.0,372.0
SC34,Nme6,chr9,109838021,109839607,+,novel splice site,acceptor,0.2550489999999999,0.00384925,0.2511997499999999,0.202734717480926,0.3044958470156461,8.127414349742716e-19,199.0,5.0,793.0,835.0
SC34,Sec22c,chr9,121689399,121690235,-,novel splice site,acceptor,0.3775245,0.1563187499999999,0.22120575,0.1354001976284585,0.3133874239350912,0.0009385433511212,120.0,48.0,321.0,300.0
SC34,.,chrM,3557,7860,.,fully novel,acceptor,0.959908,0.1900619999999999,0.769846,0.4373740696574694,0.992,1.1890617029785862e-36,240.0,74.0,258.0,261.0
SC34,mt-Nd4,chrM,11159,11441,+,fully novel,acceptor,0.969906,0.0001,0.969806,0.3128249566724437,1.0,1.93328496342182e-140,2184.0,0.0,3770.0,1451.0
SC34,.,chrX,61755133,61771547,.,fully novel,acceptor,0.2025594999999999,0.0001,0.2024595,0.0754716981132075,0.332046332046332,1.3526978376099448e-12,148.0,0.0,670.0,350.0
SC34,L1cam,chrX,73853972,73873214,-,fully novel,acceptor,0.689962,0.0001,0.689862,0.6666666666666666,0.7007575757575758,8.911390816959146e-63,483.0,0.0,693.0,734.0
SC34,Xist,chrX,103467787,103467848,-,fully novel,acceptor,0.93116375,0.10132975,0.829834,0.5703918147208121,0.9912280701754386,3.1642752955402206e-32,168.0,15.0,188.0,121.0
SC34,Hmgn5,chrX,109005402,109005617,-,fully novel,acceptor,0.4675065,0.03634275,0.43116375,0.3914431673052362,0.4689393939393939,1.863115291063125e-16,135.0,9.0,290.0,245.0
SC34,Hmgn5,chrX,109005483,109005536,-,fully novel,acceptor,0.44376125,0.0975805,0.34618075,0.1099425571445616,0.4838516746411483,1.9036390651182983e-11,331.0,45.0,764.0,380.0
SC34,Gm47283,chrY,90795063,90799836,+,fully novel,acceptor,0.94366125,0.68121375,0.2624475,0.114695340501792,0.3928571428571429,0.0109099319195148,72.0,49.0,77.0,72.0
WN_SH_SY5Y,AGRN,1,1044440,1044891,+,novel splice site,donor,0.5774845,0.0001,0.5773845,0.5192307692307693,0.6304347826086957,3.2204973499087343e-37,86.0,0.0,149.0,500.0
WN_SH_SY5Y,ATAD3B,1,1477351,1477750,+,novel splice site,donor,0.9999,0.63372325,0.36617675,0.3333333333333333,0.3928571428571429,8.444921727913508e-05,35.0,63.0,35.0,99.0
WN_SH_SY5Y,RAP1GAP,1,21598503,21598722,-,novel splice site,donor,0.54374125,0.0001,0.54364125,0.3333333333333333,0.75,9.50615429293002e-16,23.0,0.0,42.0,270.0
WN_SH_SY5Y,GPSM2,1,108885579,108896316,+,novel splice site,donor,0.6124775,0.0001,0.6123775,0.56,0.6410256410256411,4.046591160842394e-44,127.0,0.0,206.0,478.0
WN_SH_SY5Y,RNF115,1,145784597,145788611,-,novel splice site,donor,0.39127175,0.02134575,0.369926,0.2940204326923077,0.4444027986006996,1.9741508183255253e-18,98.0,10.0,248.0,503.0
WN_SH_SY5Y,TOR1AIP2,1,179856171,179877238,-,novel splice site,donor,0.27629475,0.0725855,0.2037092499999999,0.0721305031446541,0.3306595365418895,0.0102505435877515,32.0,8.0,119.0,106.0
WN_SH_SY5Y,RD3,1,211481430,211482270,-,novel splice site,donor,0.529994,0.11882625,0.4111677499999999,0.2658045977011494,0.5749299719887956,1.821386097656373e-07,49.0,21.0,93.0,183.0
WN_SH_SY5Y,PFKP,10,3099353,3099556,+,novel splice site,donor,0.96615675,0.0001,0.96605675,0.9411764705882352,1.0,6.11253521784834e-32,30.0,0.0,31.0,301.0
WN_SH_SY5Y,ZNF239,10,43558172,43574470,-,novel splice site,donor,0.3137872499999999,0.010098,0.3036892499999999,0.1302173913043478,0.375,5.758882900987514e-07,34.0,1.0,106.0,110.0
WN_SH_SY5Y,ENO4,10,116886567,116889093,+,novel splice site,donor,0.3362827499999999,0.06633675,0.2699459999999999,0.2122345559845559,0.3205458778889271,1.3438245820173205e-05,42.0,14.0,125.0,227.0
WN_SH_SY5Y,PDE3B,11,14771988,14775582,+,novel splice site,donor,0.29879025,0.01884625,0.2799439999999999,0.0683023872679045,0.3640588036498817,9.772216534529583e-07,25.0,5.0,81.0,261.0
WN_SH_SY5Y,MADD,11,47324578,47324917,+,novel splice site,donor,0.410018,0.0001,0.409918,0.3513513513513513,0.5,9.288216599434738e-19,38.0,0.0,93.0,375.0
WN_SH_SY5Y,ZFP91,11,58616816,58616992,+,novel splice site,donor,0.2925415,0.0001,0.2924415,0.2566844919786096,0.3461538461538461,1.0489815076569128e-24,142.0,0.0,490.0,762.0
WN_SH_SY5Y,HINFP,11,119121640,119123567,+,novel splice site,donor,0.5874825,0.1325734999999999,0.454909,0.3466666666666667,0.6035353535353535,2.470165320434463e-05,28.0,13.0,48.0,99.0
WN_SH_SY5Y,TSPAN11-AS1,12,30983151,30983309,-,novel splice site,donor,0.934913,0.2075584999999999,0.7273545,0.6323404255319149,0.8271604938271605,1.6484156691659429e-12,40.0,21.0,43.0,102.0
WN_SH_SY5Y,LRP1,12,57202538,57203178,+,novel splice site,donor,0.39627075,0.1513197499999999,0.244951,0.0818858560794044,0.404951128162967,0.0116978855268284,39.0,16.0,99.0,108.0
WN_SH_SY5Y,CEP290,12,88086499,88086641,-,novel splice site,donor,0.84618075,0.0001,0.84608075,0.6363636363636364,1.0,3.258559519190973e-17,21.0,0.0,25.0,112.0
WN_SH_SY5Y,MEIS2,15,37096408,37097933,-,novel splice site,donor,0.4150169999999999,0.0001,0.414917,0.3809523809523809,0.4333333333333333,6.740727155615789e-09,44.0,0.0,106.0,68.0
WN_SH_SY5Y,MEIS2,15,37096431,37097933,-,novel splice site,donor,0.5124974999999999,0.0025995,0.509898,0.5019903299505871,0.5254596289079048,1.5371347256722551e-58,507.0,2.0,987.0,1365.0
WN_SH_SY5Y,HAUS2,15,42563858,42565445,+,novel splice site,donor,0.2363027499999999,0.00384925,0.2324534999999999,0.2160904255319149,0.2407407407407407,3.8425980880481395e-09,26.0,1.0,111.0,362.0
WN_SH_SY5Y,STRA6,15,74185056,74185310,-,novel splice site,donor,0.3875225,0.095081,0.2924415,0.1338584429165832,0.4398544973544973,1.353320381778899e-08,79.0,125.0,204.0,1320.0
WN_SH_SY5Y,STRA6,15,74191492,74193066,-,novel splice site,donor,0.9274145,0.020096,0.9073185,0.8717282717282717,0.9383200521224878,1.6972036822224575e-106,267.0,30.0,288.0,1966.0
WN_SH_SY5Y,SLC6A2,16,55657213,55661364,+,fully novel,donor,0.87367525,0.5349929999999999,0.3386822500000001,0.1968114348543155,0.4675853429376762,0.0006601897273207,91.0,37.0,105.0,69.0
WN_SH_SY5Y,KIF1C,17,5014838,5019848,+,novel splice site,donor,0.834933,0.215057,0.6198760000000001,0.5792922673656619,0.6676758823998088,1.8480484817911183e-14,67.0,42.0,80.0,198.0
WN_SH_SY5Y,ENSG00000282936,17,6579865,6580931,-,novel splice site,donor,0.39877025,0.0001,0.39867025,0.2857142857142857,0.55,2.0247415526979413e-08,22.0,0.0,55.0,92.0
WN_SH_SY5Y,ACSF2,17,50461687,50461819,+,novel splice site,donor,0.92366525,0.0001,0.92356525,0.8653846153846154,1.0,8.254404514991352e-43,87.0,0.0,95.0,148.0
WN_SH_SY5Y,HDGFL2,19,4491836,4492014,+,novel splice site,donor,0.69871025,0.0001,0.69861025,0.6601307189542484,0.7344632768361582,2.7105280264301636e-75,359.0,0.0,512.0,719.0
WN_SH_SY5Y,ELAVL3,19,11458612,11463495,-,novel splice site,donor,0.8224355,0.00134975,0.82108575,0.5934562279670975,0.9996765847347996,1.0076451574652188e-64,101.0,1.0,123.0,3248.0
WN_SH_SY5Y,PKN1,19,14446562,14450087,+,novel splice site,donor,0.2463007499999999,0.0025995,0.2437012499999999,0.2142515612802498,0.2639288158795345,2.6231479069053405e-17,57.0,2.0,234.0,1405.0
WN_SH_SY5Y,UNC13A,19,17641557,17642413,-,novel splice site,donor,0.974905,0.0001,0.974805,0.9230769230769232,1.0,8.693230343887876e-40,43.0,0.0,44.0,294.0
WN_SH_SY5Y,ZNF730,19,23098414,23102287,+,novel splice site,donor,0.53874225,0.11132775,0.4274145,0.2839506172839506,0.5358058608058602,2.1509395055316577e-06,34.0,20.0,63.0,159.0
WN_SH_SY5Y,ZNF536,19,30284142,30336315,+,novel splice site,donor,0.3925214999999999,0.13632275,0.25619875,0.0823529411764706,0.3712211563391236,0.002437901162112,55.0,17.0,138.0,127.0
WN_SH_SY5Y,PEPD,19,33501002,33507342,-,novel splice site,donor,0.215057,0.0001,0.214957,0.1909090909090909,0.230603448275862,2.3659447004353963e-22,305.0,0.0,1434.0,1275.0
WN_SH_SY5Y,GRAMD1A,19,35000487,35001097,+,novel splice site,donor,0.2562987499999999,0.0088482499999999,0.2474504999999999,0.1889388956205643,0.3175470552519732,5.856357210196299e-10,90.0,2.0,349.0,218.0
WN_SH_SY5Y,ZNF529,19,36572393,36573042,-,novel splice site,donor,0.75619875,0.0001,0.75609875,0.625,0.8636363636363636,1.1508417695310487e-16,59.0,0.0,78.0,53.0
WN_SH_SY5Y,GNG8,19,46634726,46636049,-,novel splice site,donor,0.93616275,0.0225955,0.91356725,0.8120443008767881,0.9658646966823068,8.381487202061853e-89,334.0,10.0,360.0,421.0
WN_SH_SY5Y,PXDN,2,1649676,1650799,-,novel splice site,donor,0.6474705,0.0001,0.6473705,0.5884476534296029,0.6900369003690037,2.1971864478775428e-88,571.0,0.0,881.0,1750.0
WN_SH_SY5Y,RNF144A,2,7030216,7045355,+,novel splice site,donor,0.21630675,0.0001,0.21620675,0.1875,0.2413793103448276,6.959139262371534e-10,30.0,0.0,141.0,319.0
WN_SH_SY5Y,WDR35,2,19975664,19977924,-,novel splice site,donor,0.47125575,0.0001,0.47115575,0.3809523809523809,0.5652173913043478,1.5485428625628932e-23,44.0,0.0,92.0,542.0
WN_SH_SY5Y,ATG4B,2,241668686,241668781,+,novel splice site,donor,0.7124575,0.0001,0.7123575,0.6585365853658537,0.8,2.781784482882884e-40,84.0,0.0,118.0,323.0
WN_SH_SY5Y,ATG4B,2,241668686,241668874,+,novel splice site,donor,0.2787942499999999,0.0001,0.27869425,0.2,0.3170731707317073,1.8034363456794401e-12,33.0,0.0,118.0,323.0
WN_SH_SY5Y,ZGPAT,20,63709165,63732002,+,novel splice site,donor,0.6949609999999999,0.0001,0.694861,0.625,0.7777777777777778,4.776283867114772e-24,39.0,0.0,56.0,196.0
WN_SH_SY5Y,.,21,44486231,44506646,.,novel splice site,donor,0.50624875,0.305039,0.20120975,0.0600852312815736,0.4091081593927893,0.038346928568616,171.0,34.0,334.0,108.0
WN_SH_SY5Y,GNB1L,22,19821376,19823986,-,novel splice site,donor,0.25379925,0.0001,0.25369925,0.173076923076923,0.4285714285714285,5.151738725892114e-07,30.0,0.0,119.0,115.0
WN_SH_SY5Y,FRAS1,4,78337818,78354765,+,novel splice site,donor,0.23880225,0.03634275,0.2024595,0.1222741433021806,0.2736842105263158,0.0062752101034206,24.0,4.0,101.0,93.0
WN_SH_SY5Y,DELE1,5,141938761,141938851,+,novel splice site,donor,0.74620075,0.4125175,0.33368325,0.1338167435728411,0.479933110367893,0.0023535155662743,80.0,33.0,106.0,79.0
WN_SH_SY5Y,MGAT1,5,180809077,180809794,-,novel splice site,donor,0.2013097499999999,0.0001,0.20120975,0.1379310344827586,0.2708333333333333,1.640171830373086e-07,29.0,0.0,146.0,192.0
WN_SH_SY5Y,IQCE,7,2559218,2564877,+,novel splice site,donor,0.83618275,0.0001,0.83608275,0.7580645161290323,0.902439024390244,9.417104551728974e-44,135.0,0.0,162.0,154.0
WN_SH_SY5Y,HDAC9,7,18968160,19001179,+,fully novel,donor,0.95865825,0.6387222499999999,0.319936,0.1177325581395348,0.5,0.0005721720156522,50.0,67.0,52.0,109.0
WN_SH_SY5Y,ADCY1,7,45622744,45625298,+,novel splice site,donor,0.4775045,0.0001,0.4774045,0.391304347826087,0.6153846153846154,3.25516383094531e-28,60.0,0.0,126.0,557.0
WN_SH_SY5Y,TRRAP,7,98881251,98881694,+,novel splice site,donor,0.5937312499999999,0.0001,0.5936312499999999,0.5172413793103449,0.64,4.7954554118157874e-48,196.0,0.0,328.0,488.0
WN_SH_SY5Y,ACTL6B,7,100650136,100650574,-,novel splice site,donor,0.98115375,0.0001,0.98105375,0.9686274509803922,0.9943502824858758,1.927582215620165e-168,582.0,0.0,593.0,900.0
WN_SH_SY5Y,.,7,101167225,101169903,.,novel splice site,donor,0.56123775,0.31628675,0.2449509999999999,0.0606737012987013,0.4310394753015948,0.0061113508222776,105.0,51.0,188.0,162.0
WN_SH_SY5Y,TBXAS1,7,139787427,139788212,+,novel splice site,donor,0.27129575,0.0525895,0.21870625,0.1513324255981326,0.3571428571428571,0.0067046491637773,22.0,5.0,83.0,96.0
WN_SH_SY5Y,FAM66D,8,12122051,12144739,+,novel splice site,donor,0.86867625,0.5024995,0.36617675,0.1753875968992247,0.6545454545454545,0.0009379122076353,63.0,33.0,72.0,65.0
WN_SH_SY5Y,SMIM18,8,30638640,30644509,+,novel splice site,donor,0.5074985,0.0425915,0.4649069999999999,0.3434604611075199,0.5714285714285714,6.049651114519491e-07,29.0,4.0,57.0,81.0
WN_SH_SY5Y,STMN2,8,79611215,79616821,+,novel splice site,donor,0.984903,0.0275944999999999,0.9573085,0.9611660196137954,0.9716383296954788,2.008599928604145e-304,10926.0,176.0,11046.0,7779.0
WN_SH_SY5Y,AK3,9,4722626,4726082,-,novel splice site,donor,0.54124175,0.2775444999999999,0.26369725,0.1104247104247103,0.386805776126279,0.0001858003162516,190.0,72.0,350.0,262.0
WN_SH_SY5Y,PHF2,9,93660561,93661347,+,novel splice site,donor,0.70120975,0.0001,0.70110975,0.6594202898550725,0.7688888888888888,6.563478226716544e-56,355.0,0.0,500.0,306.0
WN_SH_SY5Y,ENSG00000251184,9,128952847,128956140,+,novel splice site,donor,0.84618075,0.0001,0.84608075,0.782608695652174,1.0,3.8062117969623537e-44,54.0,0.0,64.0,560.0
WN_SH_SY5Y,ABCD1,X,153740238,153740304,+,novel splice site,donor,0.4050189999999999,0.0001,0.404919,0.3513513513513513,0.5384615384615384,1.2970365019451725e-12,32.0,0.0,80.0,156.0
WN_SH_SY5Y,ENSG00000272438,1,915236,915318,+,novel splice site,acceptor,0.9374125,0.70370925,0.23370325,0.149550706033376,0.3051643192488263,0.0124046115432869,77.0,43.0,82.0,61.0
WN_SH_SY5Y,AGRN,1,1044988,1045160,+,novel splice site,acceptor,0.63122375,0.0001,0.63112375,0.5853658536585366,0.6794871794871795,1.2641708332226349e-43,110.0,0.0,173.0,500.0
WN_SH_SY5Y,GPX7,1,52606261,52606683,+,novel splice site,acceptor,0.2075584999999999,0.0001,0.2074585,0.1555555555555555,0.2424242424242424,1.2800825015751495e-06,29.0,0.0,141.0,141.0
WN_SH_SY5Y,LRP8,1,53274821,53275630,-,novel splice site,acceptor,0.320036,0.080084,0.239952,0.1248826291079812,0.4134615384615384,0.0012729955186457,28.0,16.0,87.0,208.0
WN_SH_SY5Y,RNF115,1,145788803,145788907,-,novel splice site,acceptor,0.3575284999999999,0.03134375,0.3261847499999999,0.3128954172855807,0.3431731046251358,5.325325540178389e-14,83.0,14.0,233.0,507.0
WN_SH_SY5Y,C1orf53,1,197903120,197905795,+,novel splice site,acceptor,0.6074785,0.175065,0.4324135,0.3535762483130904,0.5155555555555555,3.270226559503372e-09,93.0,33.0,153.0,191.0
WN_SH_SY5Y,RD3,1,211482315,211483118,-,fully novel,acceptor,0.544991,0.110078,0.434913,0.2978291742747008,0.5842815002107038,1.9642094388197107e-08,79.0,12.0,146.0,113.0
WN_SH_SY5Y,RD3,1,211483452,211491767,-,novel splice site,acceptor,0.73370325,0.365027,0.36867625,0.2984074748780631,0.4216912873078083,1.1225843762058085e-07,138.0,118.0,187.0,327.0
WN_SH_SY5Y,PFKP,10,3099820,3101364,+,novel splice site,acceptor,0.9724055,0.0001,0.9723055,0.9230769230769232,1.0,4.692245054952763e-37,37.0,0.0,38.0,301.0
WN_SH_SY5Y,ENO4,10,116889280,116901764,+,novel splice site,acceptor,0.35627875,0.0325935,0.32368525,0.1875130289764436,0.4525547445255474,1.6438206057824224e-08,47.0,9.0,130.0,222.0
WN_SH_SY5Y,TEAD1,11,12864749,12864837,+,novel splice site,acceptor,0.30878825,0.0925815,0.21620675,0.1228832836273568,0.3590801886792453,0.0001081100446054,90.0,26.0,285.0,289.0
WN_SH_SY5Y,SYT7,11,61547621,61551383,-,novel splice site,acceptor,0.33128375,0.0001,0.33118375,0.2608695652173913,0.4545454545454545,1.9268376851737105e-08,32.0,0.0,97.0,102.0
WN_SH_SY5Y,RSF1,11,77813788,77820527,-,novel splice site,acceptor,0.215057,0.0001,0.214957,0.1647058823529411,0.2444444444444444,5.5161642651769847e-11,58.0,0.0,271.0,274.0
WN_SH_SY5Y,ARHGAP32,11,128992047,128998318,-,novel splice site,acceptor,0.8436812499999999,0.0001,0.84358125,0.7701149425287356,0.9111111111111112,8.00064856071675e-40,260.0,0.0,308.0,97.0
WN_SH_SY5Y,TSPAN11-AS1,12,30983420,30991855,-,novel splice site,acceptor,0.919916,0.1575685,0.7623475,0.4486215538847117,0.8958333333333334,5.832431446885048e-12,33.0,15.0,36.0,96.0
WN_SH_SY5Y,MVK,12,109594904,109595027,+,novel splice site,acceptor,0.41876625,0.01884625,0.39992,0.3550257731958763,0.4222299168975069,3.286611565849428e-21,160.0,10.0,384.0,399.0
WN_SH_SY5Y,MED13L,12,116054358,116096668,-,novel splice site,acceptor,0.2925415,0.0001,0.2924415,0.1666666666666666,0.4461538461538462,1.1809624557347275e-10,44.0,0.0,144.0,175.0
WN_SH_SY5Y,STRA6,15,74193137,74193799,-,novel splice site,acceptor,0.98615275,0.040092,0.94606075,0.94889180171592,0.9586594623710212,6.495378917833644e-134,391.0,72.0,395.0,1992.0
WN_SH_SY5Y,KIF1C-AS1,17,5019872,5019995,-,novel splice site,acceptor,0.83118375,0.2413017499999999,0.589882,0.5176590092201907,0.6626666666666667,8.753248504903669e-13,65.0,48.0,78.0,204.0
WN_SH_SY5Y,ENSG00000282936,17,6580976,6589778,-,novel splice site,acceptor,0.52874425,0.0001,0.52864425,0.4814814814814814,0.5909090909090909,4.621204603622657e-13,37.0,0.0,70.0,92.0
WN_SH_SY5Y,MYO18A,17,29131443,29165941,-,novel splice site,acceptor,0.360028,0.0001,0.359928,0.2592592592592592,0.4166666666666667,1.5990264831509622e-10,38.0,0.0,105.0,120.0
WN_SH_SY5Y,ACSF2,17,50461886,50462183,+,novel splice site,acceptor,0.954909,0.0001,0.954809,0.8727272727272727,1.0,2.9333512964974986e-56,146.0,0.0,154.0,148.0
WN_SH_SY5Y,HDGFL2,19,4492153,4493702,+,novel splice site,acceptor,0.78369325,0.0001,0.78359325,0.7613636363636364,0.8142857142857143,3.143527070868251e-89,443.0,0.0,563.0,624.0
WN_SH_SY5Y,HDGFL2,19,4492153,4493705,+,fully novel,acceptor,0.88367325,0.0001,0.88357325,0.8181818181818182,1.0,1.4693642003758756e-35,109.0,0.0,124.0,95.0
WN_SH_SY5Y,ZNF266,19,9419144,9419216,-,novel splice site,acceptor,0.30378925,0.040092,0.26369725,0.1390804597701149,0.3415908324907314,0.0007140804524,20.0,5.0,65.0,121.0
WN_SH_SY5Y,ELAVL3,19,11463663,11466171,-,novel splice site,acceptor,0.7062087499999999,0.0001,0.70610875,0.6785714285714286,1.0,5.413143676914981e-41,52.0,0.0,74.0,3247.0
WN_SH_SY5Y,UNC13A,19,17642542,17642844,-,novel splice site,acceptor,0.724955,0.0001,0.724855,0.7142857142857143,0.75,3.397035553822568e-25,32.0,0.0,44.0,294.0
WN_SH_SY5Y,ZNF536,19,30336617,30443560,+,novel splice site,acceptor,0.3675265,0.04134175,0.3261847499999999,0.1512345679012345,0.5131578947368421,6.657865460108438e-05,32.0,4.0,88.0,84.0
WN_SH_SY5Y,KCTD15,19,33800187,33800427,+,novel splice site,acceptor,0.25379925,0.0001,0.25369925,0.1911764705882352,0.3804347826086957,3.177406465728404e-19,87.0,0.0,350.0,696.0
WN_SH_SY5Y,ENSG00000299129,19,51320671,51322063,-,novel splice site,acceptor,0.3825234999999999,0.010098,0.3724254999999999,0.2610026023048986,0.5124523576045961,3.8189378963027284e-18,119.0,2.0,311.0,267.0
WN_SH_SY5Y,PXDN,2,1650887,1653627,-,novel splice site,acceptor,0.50874825,0.0001,0.50864825,0.4624277456647399,0.538135593220339,9.956472939887764e-60,331.0,0.0,646.0,1750.0
WN_SH_SY5Y,FAM168B,2,131089337,131091808,-,fully novel,acceptor,0.38877225,0.175065,0.21370725,0.0915300546448087,0.3392190152801357,0.0423024703833173,26.0,28.0,67.0,164.0
WN_SH_SY5Y,FMNL2,2,152645528,152647795,+,novel splice site,acceptor,0.729954,0.4825035,0.2474505,0.0571807236610991,0.4208427210335693,0.0002155519334744,253.0,209.0,346.0,418.0
WN_SH_SY5Y,DCAF17,2,171447738,171448680,+,novel splice site,acceptor,0.3825234999999999,0.160068,0.2224554999999999,0.0700478910622584,0.3839740620657711,0.0144571561480542,45.0,24.0,118.0,143.0
WN_SH_SY5Y,ATG4B,2,241668986,241670725,+,novel splice site,acceptor,0.8424315,0.0001,0.8423315,0.6363636363636364,1.0,4.2456848754101004e-41,60.0,0.0,73.0,324.0
WN_SH_SY5Y,SETD5,3,9468616,9470458,+,novel splice site,acceptor,0.27129575,0.0001,0.27119575,0.2439024390243902,0.3086419753086419,1.2233498066531276e-23,140.0,0.0,521.0,857.0
WN_SH_SY5Y,CELSR3,3,48650290,48650479,-,novel splice site,acceptor,0.9999,0.09883025,0.90106975,0.8936170212765957,0.9189189189189187,6.981015330867765e-32,61.0,18.0,61.0,190.0
WN_SH_SY5Y,IGFBP7-AS1,4,57203596,57204477,+,novel splice site,acceptor,0.35377925,0.0001,0.35367925,0.2934782608695652,0.4,1.375557305020528e-07,68.0,0.0,196.0,62.0
WN_SH_SY5Y,CBR4,4,168998286,169002070,-,novel splice site,acceptor,0.44126175,0.1825635,0.25869825,0.2240927064166308,0.3066047345475288,0.0001035724218597,112.0,51.0,255.0,285.0
WN_SH_SY5Y,TRIO,5,14489098,14492566,+,novel splice site,acceptor,0.2425514999999999,0.03384325,0.2087082499999999,0.1484197218710493,0.3274299680391051,8.293221659842145e-09,103.0,24.0,421.0,777.0
WN_SH_SY5Y,MARCHF11-DT,5,16180500,16180644,+,novel splice site,acceptor,0.704959,0.40876825,0.29619075,0.1856612021857924,0.4371693121693121,0.0008638752593397,94.0,74.0,133.0,180.0
WN_SH_SY5Y,POC5,5,75685401,75689011,-,novel splice site,acceptor,0.40002,0.09633075,0.3036892499999999,0.2402869906592663,0.3661059413027917,2.5774088432649744e-06,66.0,23.0,166.0,232.0
WN_SH_SY5Y,ZNF608,5,124746284,124748532,-,novel splice site,acceptor,0.3137872499999999,0.0001,0.31368725,0.1914893617021276,0.4411764705882353,7.593117268274557e-10,38.0,0.0,122.0,132.0
WN_SH_SY5Y,SYNPO,5,150624908,150647943,+,novel splice site,acceptor,0.3025394999999999,0.0425915,0.2599479999999999,0.2438742261322906,0.2816161616161616,5.821740575046725e-11,158.0,19.0,531.0,495.0
WN_SH_SY5Y,.,5,168586009,168806445,.,novel splice site,acceptor,0.3075385,0.03384325,0.27369525,0.2440909554399918,0.3036383627367685,2.5741388332169214e-19,1132.0,67.0,3727.0,2318.0
WN_SH_SY5Y,IQCE,7,2565072,2567115,+,novel splice site,acceptor,0.85117975,0.0001,0.85107975,0.7777777777777778,0.9130434782608696,1.530419114641509e-29,67.0,0.0,79.0,103.0
WN_SH_SY5Y,ADCY1,7,45625378,45648669,+,novel splice site,acceptor,0.4612577499999999,0.0001,0.46115775,0.4,0.5147058823529411,5.704173257116962e-29,72.0,0.0,155.0,585.0
WN_SH_SY5Y,PSPH,7,56042644,56043147,-,novel splice site,acceptor,0.7399519999999999,0.215057,0.5248949999999999,0.3339413875598087,0.672002065315606,4.411076904517951e-07,99.0,11.0,134.0,52.0
WN_SH_SY5Y,ELAPOR2,7,86965025,87039755,-,novel splice site,acceptor,0.93866225,0.69121175,0.2474505,0.0595238095238095,0.4531490015360983,0.0019172566333259,97.0,77.0,105.0,111.0
WN_SH_SY5Y,TRRAP,7,98881737,98881974,+,novel splice site,acceptor,0.55873825,0.0001,0.55863825,0.5227272727272727,0.5869565217391305,9.986436901813392e-43,159.0,0.0,284.0,477.0
WN_SH_SY5Y,ACTL6B,7,100650644,100655018,-,novel splice site,acceptor,0.974905,0.0001,0.974805,0.9466666666666668,0.9937106918238994,2.194388991523876e-149,417.0,0.0,428.0,900.0
WN_SH_SY5Y,.,7,101167225,101169918,.,novel splice site,acceptor,0.9999,0.3362827499999999,0.66361725,0.6176470588235294,0.7419354838709677,3.333416979831632e-07,21.0,41.0,21.0,122.0
WN_SH_SY5Y,KIFC2,8,144466103,144466460,+,fully novel,acceptor,0.6874625,0.3475304999999999,0.339932,0.0947603121516165,0.4970238095238095,0.0067049073573004,53.0,22.0,77.0,64.0
WN_SH_SY5Y,AK3,9,4727925,4740936,-,novel splice site,acceptor,0.5074985,0.30004,0.2074585,0.128744939271255,0.2866043613707165,0.0056641273219773,165.0,86.0,325.0,290.0
WN_SH_SY5Y,ENSG00000251184,9,128956175,128956349,+,novel splice site,acceptor,0.8324334999999999,0.0001,0.8323335,0.7222222222222222,1.0,1.737625225475632e-39,51.0,0.0,61.0,560.0
WN_SH_SY5Y,ABCD1,X,153740440,153740573,+,novel splice site,acceptor,0.37627475,0.0001,0.37617475,0.1428571428571428,0.625,3.4612742170465617e-11,29.0,0.0,77.0,156.0
H_SY5Y,AGRN,1,1044440,1044891,+,novel splice site,donor,0.51874625,0.0001,0.51864625,0.4929577464788732,0.5614035087719298,1.6500857177362877e-25,99.0,0.0,191.0,606.0
H_SY5Y,RAP1GAP,1,21598503,21598722,-,novel splice site,donor,0.49125175,0.0001,0.49115175,0.2666666666666666,0.6153846153846154,7.136396059239093e-12,23.0,0.0,46.0,312.0
H_SY5Y,GPSM2,1,108885579,108896316,+,novel splice site,donor,0.51874625,0.0001,0.51864625,0.4915254237288136,0.5360824742268041,5.372087728812104e-26,132.0,0.0,253.0,503.0
H_SY5Y,ENSG00000300484,1,120417293,120417621,-,fully novel,donor,0.859928,0.58373325,0.27619475,0.1138148667601683,0.4031746031746032,0.0024709604829217,153.0,186.0,188.0,318.0
H_SY5Y,RNF115,1,145784597,145788611,-,novel splice site,donor,0.4050189999999999,0.0325935,0.3724254999999999,0.3053731228636172,0.4190696985094851,2.8679280576091746e-12,140.0,34.0,345.0,795.0
H_SY5Y,RD3,1,211481427,211482270,-,novel splice site,donor,0.63122375,0.15881825,0.4724055,0.3484244116473873,0.5774543991416309,2.639563859981819e-05,35.0,24.0,55.0,171.0
H_SY5Y,RD3,1,211481430,211482270,-,novel splice site,donor,0.539992,0.10382925,0.43616275,0.2119108512970405,0.6451612903225806,1.1295423461275577e-07,70.0,27.0,131.0,279.0
H_SY5Y,CNIH3,1,224517055,224520999,+,novel splice site,donor,0.3675265,0.0001,0.3674265,0.34,0.3846153846153846,0.0162115906742707,64.0,0.0,175.0,16.0
H_SY5Y,CNIH3,1,224517055,224566198,+,novel splice site,donor,0.4825035,0.0001,0.4824035,0.3653846153846153,0.62,0.002333111266111,84.0,0.0,175.0,16.0
H_SY5Y,PFKP,10,3099353,3099556,+,novel splice site,donor,0.96865625,0.0001,0.96855625,0.9444444444444444,1.0,2.2742152413403817e-31,35.0,0.0,36.0,421.0
H_SY5Y,ZNF239,10,43558172,43574470,-,novel splice site,donor,0.295041,0.0088482499999999,0.28619275,0.2363799283154121,0.323749625636418,4.348439997255984e-07,55.0,1.0,189.0,165.0
H_SY5Y,ENSG00000228748,10,77792544,77793164,+,novel splice site,donor,0.2363027499999999,0.00384925,0.2324534999999999,0.1435966533653486,0.291304696479645,2.01773630500864e-10,141.0,2.0,606.0,793.0
H_SY5Y,SUFU,10,102594066,102597136,+,novel splice site,donor,0.330034,0.1275744999999999,0.2024595,0.0593536266768427,0.3297128333717122,0.0424056801910619,52.0,22.0,165.0,164.0
H_SY5Y,ENO4,10,116886567,116889093,+,novel splice site,donor,0.3275345,0.0725855,0.254949,0.2083507656263074,0.3448835647111509,0.0003694905404153,58.0,20.0,180.0,315.0
H_SY5Y,PDE3B,11,14771988,14775582,+,novel splice site,donor,0.2825435,0.020096,0.2624475,0.0530882352941176,0.3355051386464999,2.022935506440943e-05,33.0,8.0,111.0,421.0
H_SY5Y,MADD,11,47324578,47324917,+,novel splice site,donor,0.4225155,0.0001,0.4224155,0.3684210526315789,0.5,1.6673043967190126e-17,57.0,0.0,134.0,548.0
H_SY5Y,ZFP91,11,58616816,58616992,+,novel splice site,donor,0.3225355,0.0001,0.3224355,0.2777777777777778,0.3743016759776536,4.974751552790964e-18,186.0,0.0,588.0,889.0
H_SY5Y,ENSG00000256591,11,61468715,61469269,+,novel splice site,donor,0.2463007499999999,0.0001,0.24620075,0.1129032258064516,0.3333333333333333,1.082682293439085e-05,37.0,0.0,153.0,117.0
H_SY5Y,HINFP,11,119121640,119123567,+,novel splice site,donor,0.4875025,0.1788142499999999,0.30868825,0.2569296375266524,0.3707440100882724,0.0119842572337612,33.0,23.0,68.0,134.0
H_SY5Y,TSPAN11-AS1,12,30983151,30983309,-,novel splice site,donor,0.95365925,0.1738152499999999,0.779844,0.6636519569624201,0.8741721854304636,1.0984223633013422e-15,54.0,23.0,57.0,136.0
H_SY5Y,TMEM117,12,43836197,43836743,+,novel splice site,donor,0.7224555,0.0001,0.7223555,0.5,1.0,5.569535503166405e-15,47.0,0.0,66.0,76.0
H_SY5Y,ALX1,12,85286982,85295667,+,novel splice site,donor,0.6724654999999999,0.0001,0.6723655,0.5,0.8571428571428571,1.0927349006371033e-12,50.0,0.0,74.0,62.0
H_SY5Y,CEP290,12,88086499,88086641,-,novel splice site,donor,0.874925,0.0001,0.874825,0.6363636363636364,1.0,1.3449192764024177e-18,25.0,0.0,29.0,147.0
H_SY5Y,MEIS2,15,37096408,37097933,-,novel splice site,donor,0.3775245,0.0001,0.3774245,0.3214285714285714,0.4285714285714285,2.70242831688651e-07,49.0,0.0,128.0,77.0
H_SY5Y,MEIS2,15,37096431,37097933,-,novel splice site,donor,0.49125175,0.0025995,0.48865225,0.4760603040697135,0.4995610184372256,3.1556082021577955e-33,606.0,2.0,1236.0,1767.0
H_SY5Y,HAUS2,15,42563858,42565445,+,novel splice site,donor,0.2413017499999999,0.005099,0.23620275,0.1956521739130435,0.2855368675040806,1.0008090397501794e-07,39.0,1.0,162.0,432.0
H_SY5Y,STRA6,15,74185056,74185310,-,novel splice site,donor,0.3250349999999999,0.08383325,0.2412017499999999,0.1050675377416791,0.3576447561112988,0.0001697842646038,92.0,197.0,281.0,2371.0
H_SY5Y,STRA6,15,74191492,74193066,-,novel splice site,donor,0.9224155,0.035093,0.8873224999999999,0.8825093720712277,0.9290952813338788,4.70383482046092e-72,379.0,75.0,408.0,2768.0
H_SY5Y,HERC2P5,16,32758790,32759735,+,fully novel,donor,0.9999,0.734953,0.264947,0.2222222222222222,0.2857142857142857,0.0007471141798677,55.0,76.0,55.0,103.0
H_SY5Y,SLC6A2,16,55657213,55661364,+,fully novel,donor,0.8661767499999999,0.5462407499999999,0.319936,0.1937142857142857,0.4370860927152318,0.0013405334402389,129.0,74.0,152.0,136.0
H_SY5Y,KIF1C,17,5014838,5019848,+,novel splice site,donor,0.76119775,0.25379925,0.5073985000000001,0.4372056514913657,0.582608695652174,1.4530339017602971e-08,84.0,75.0,110.0,294.0
H_SY5Y,ENSG00000282936,17,6579865,6580931,-,novel splice site,donor,0.4037692499999999,0.0001,0.40366925,0.32,0.5,2.1024381632554943e-08,31.0,0.0,77.0,104.0
H_SY5Y,ENSG00000265401,17,16382112,16382567,-,novel splice site,donor,0.2775444999999999,0.0025995,0.274945,0.1440329218106996,0.3588355793570665,5.786193890739804e-17,578.0,1.0,1922.0,2552.0
H_SY5Y,ACSF2,17,50461687,50461819,+,novel splice site,donor,0.8874225,0.0001,0.8873225,0.775,0.979591836734694,1.2793539447502297e-43,163.0,0.0,184.0,205.0
H_SY5Y,HDGFL2,19,4491836,4492014,+,novel splice site,donor,0.6499699999999999,0.0001,0.64987,0.5608974358974359,0.7216494845360825,7.865823072662838e-50,626.0,0.0,963.0,1164.0
H_SY5Y,ELAVL3,19,11458612,11463495,-,novel splice site,donor,0.8074385,0.0025995,0.804839,0.6978740875089106,0.9997401247401247,7.8619251641527e-52,139.0,1.0,177.0,4015.0
H_SY5Y,PKN1,19,14446562,14450087,+,novel splice site,donor,0.205059,0.00384925,0.20120975,0.1818531237727587,0.2063953488372093,6.088794906643391e-09,71.0,10.0,357.0,1977.0
H_SY5Y,UNC13A,19,17641557,17642413,-,novel splice site,donor,0.979904,0.0001,0.979804,0.9583333333333334,1.0,2.68356476501213e-41,59.0,0.0,60.0,371.0
H_SY5Y,ZNF730,19,23098414,23102287,+,novel splice site,donor,0.470006,0.1338232499999999,0.33618275,0.1366666666666666,0.47,0.0006856002758012,47.0,42.0,100.0,243.0
H_SY5Y,PEPD,19,33501002,33507342,-,novel splice site,donor,0.21630675,0.0001,0.21620675,0.1827079934747145,0.2288961038961039,1.975268136365117e-13,400.0,0.0,1894.0,1693.0
H_SY5Y,KCTD15,19,33799719,33800137,+,novel splice site,donor,0.490002,0.0001,0.489902,0.391304347826087,0.6,9.595401710388478e-06,45.0,0.0,94.0,34.0
H_SY5Y,GRAMD1A,19,35000487,35001097,+,novel splice site,donor,0.2325535,0.0075985,0.224955,0.1536063363667003,0.2698412698412698,1.594888571138121e-07,110.0,2.0,470.0,328.0
H_SY5Y,ZNF529,19,36572393,36573042,-,novel splice site,donor,0.75619875,0.0001,0.75609875,0.6666666666666666,0.8823529411764706,1.5606961377688154e-19,75.0,0.0,99.0,84.0
H_SY5Y,SIPA1L3,19,37907359,38008095,+,novel splice site,donor,0.5349929999999999,0.0001,0.534893,0.3684210526315789,0.6153846153846154,2.495217263459963e-07,43.0,0.0,79.0,43.0
H_SY5Y,GNG8,19,46634726,46636049,-,novel splice site,donor,0.914917,0.0175964999999999,0.8973205,0.8150432900432901,0.9490671582493724,9.093655220206001e-67,385.0,10.0,422.0,607.0
H_SY5Y,PXDN,2,1649676,1650799,-,novel splice site,donor,0.614977,0.0001,0.614877,0.5681159420289855,0.6506329113924051,7.865823072662838e-50,679.0,0.0,1098.0,2215.0
H_SY5Y,RNF144A,2,7030216,7045355,+,novel splice site,donor,0.2275545,0.0001,0.2274545,0.1917808219178082,0.2421052631578947,3.8324683326876305e-09,49.0,0.0,219.0,448.0
H_SY5Y,WDR35,2,19975664,19977924,-,novel splice site,donor,0.42876425,0.0001,0.42866425,0.3666666666666666,0.5245901639344263,1.1762758243103093e-18,65.0,0.0,150.0,650.0
H_SY5Y,ENSG00000225156,2,44944728,44966417,+,novel splice site,donor,0.719956,0.3587782499999999,0.3611777500000001,0.1473922902494331,0.6690647482014388,0.0006603690691107,150.0,64.0,218.0,167.0
H_SY5Y,ATG4B,2,241668686,241668781,+,novel splice site,donor,0.564987,0.0001,0.564887,0.5,0.625,2.8966682287366918e-27,110.0,0.0,195.0,463.0
H_SY5Y,ATG4B,2,241668686,241668874,+,novel splice site,donor,0.2463007499999999,0.0001,0.24620075,0.1944444444444444,0.2711864406779661,6.428330544398964e-10,47.0,0.0,195.0,463.0
H_SY5Y,LINC01271,20,50308952,50309595,-,novel splice site,donor,0.30004,0.0001,0.29994,0.2549019607843137,0.3636363636363636,0.0001770816497227,27.0,0.0,93.0,59.0
H_SY5Y,ZGPAT,20,63709165,63732002,+,novel splice site,donor,0.6824635,0.0001,0.6823635,0.6,0.76,1.0968742046498481e-21,50.0,0.0,73.0,209.0
H_SY5Y,GNB1L,22,19821376,19823986,-,novel splice site,donor,0.2350529999999999,0.0001,0.234953,0.1451612903225806,0.4166666666666667,7.316179963145837e-06,31.0,0.0,136.0,145.0
H_SY5Y,RELL1,4,37631524,37632551,-,novel splice site,donor,0.2350529999999999,0.0001,0.234953,0.0555555555555555,0.3636363636363636,3.407144347973884e-06,22.0,0.0,86.0,283.0
H_SY5Y,CRACD,4,56301248,56301497,+,novel splice site,donor,0.49125175,0.0575885,0.43366325,0.1338742393509127,0.6626506024096386,0.0004109388004196,41.0,3.0,85.0,47.0
H_SY5Y,IGFBP7-AS1,4,57201821,57203507,+,novel splice site,donor,0.5474905,0.0001,0.5473905,0.3571428571428571,0.8125,8.652898231207233e-07,55.0,0.0,101.0,34.0
H_SY5Y,CEP72,5,647917,648099,+,novel splice site,donor,0.74995,0.0001,0.74985,0.5384615384615384,1.0,3.771942236881791e-14,23.0,0.0,31.0,118.0
H_SY5Y,EPB41L4A,5,112266331,112267209,-,novel splice site,donor,0.9999,0.0001,0.9998,1.0,1.0,1.3956815193608828e-31,82.0,0.0,82.0,66.0
H_SY5Y,RELL2,5,141637758,141638169,+,novel splice site,donor,0.8661767499999999,0.55873825,0.3074384999999999,0.1592775041050903,0.5274261603375527,0.0187932646946464,76.0,32.0,87.0,57.0
H_SY5Y,.,6,28426406,28434451,.,novel splice site,donor,0.7224555,0.4225155,0.29994,0.0898395721925133,0.4876570583887657,0.0220799765300575,76.0,41.0,104.0,99.0
H_SY5Y,STK38,6,36540205,36547189,-,novel splice site,donor,0.9999,0.75619875,0.2437012499999999,0.1304347826086956,0.2857142857142857,0.0020515409182074,54.0,65.0,54.0,86.0
H_SY5Y,IQCE,7,2559218,2564877,+,novel splice site,donor,0.79369125,0.0001,0.79359125,0.7083333333333334,0.8958333333333334,2.817638904474962e-40,160.0,0.0,203.0,281.0
H_SY5Y,HDAC9,7,18968160,19001179,+,fully novel,donor,0.95615875,0.6612177499999999,0.294941,0.1410416666666666,0.4361799816345271,0.0004528725547711,94.0,109.0,98.0,172.0
H_SY5Y,ADCY1,7,45622744,45625298,+,novel splice site,donor,0.40002,0.0001,0.39992,0.3376623376623376,0.5084745762711864,9.601069953955726e-19,79.0,0.0,200.0,660.0
H_SY5Y,ENSG00000291208,7,45798604,45804231,+,novel splice site,donor,0.6162267499999999,0.1425715,0.4736552499999999,0.2176739856189009,0.711340206185567,0.0003159415797371,62.0,10.0,98.0,57.0
H_SY5Y,NSUN5P1,7,75415771,75415850,+,novel splice site,donor,0.2413017499999999,0.0001,0.24120175,0.0526315789473684,0.391304347826087,0.0009626099237688,20.0,0.0,81.0,69.0
H_SY5Y,TRRAP,7,98881251,98881694,+,novel splice site,donor,0.5974805,0.0001,0.5973805,0.5882352941176471,0.6068965517241379,1.1040063838038256e-35,248.0,0.0,413.0,594.0
H_SY5Y,ACTL6B,7,100650136,100650574,-,novel splice site,donor,0.97615475,0.0001,0.97605475,0.9693877551020408,0.9907407407407408,1.563217132357194e-120,692.0,0.0,705.0,1063.0
H_SY5Y,.,7,101167225,101169903,.,novel splice site,donor,0.49375125,0.2775444999999999,0.21620675,0.0629048582995951,0.4100087412587395,0.0370611796073544,138.0,75.0,285.0,275.0
H_SY5Y,FAM66D,8,12122051,12144739,+,novel splice site,donor,0.8524295,0.410018,0.4424114999999999,0.25,0.6948184414524683,8.026979040963721e-05,84.0,34.0,98.0,81.0
H_SY5Y,SMIM18,8,30638640,30644509,+,novel splice site,donor,0.49125175,0.045091,0.44616075,0.241876455583897,0.6169028340080972,2.367152256343037e-06,43.0,7.0,85.0,107.0
H_SY5Y,STMN2,8,79611215,79616821,+,novel splice site,donor,0.96365725,0.035093,0.92856425,0.93234910727751,0.9569612613847512,8.837734589299614e-132,13950.0,231.0,14364.0,8606.0
H_SY5Y,STMN2,8,79613938,79616821,+,fully novel,donor,0.98615275,0.2912917499999999,0.6948610000000001,0.3202785030461271,0.995249406175772,2.0712430831182773e-18,1134.0,18.0,1149.0,51.0
H_SY5Y,AK3,9,4722626,4726082,-,novel splice site,donor,0.524995,0.23380325,0.2911917499999999,0.1618616985109132,0.4048436308161708,0.0005501035120256,251.0,87.0,479.0,382.0
H_SY5Y,SEMA4D,9,89455954,89475484,-,novel splice site,donor,0.6124775,0.1400719999999999,0.4724055,0.2312925170068027,0.684939091915836,8.779336970580487e-05,68.0,8.0,116.0,56.0
H_SY5Y,PHF2,9,93660561,93661347,+,novel splice site,donor,0.69996,0.0001,0.69986,0.6666666666666666,0.7591240875912408,1.0889797152367496e-41,419.0,0.0,588.0,363.0
H_SY5Y,.,9,116420560,116425909,.,fully novel,donor,0.80618875,0.4225155,0.38367325,0.0763574660633484,0.5907843137254902,0.0073160792605925,41.0,39.0,52.0,93.0
H_SY5Y,ENSG00000251184,9,128952847,128956140,+,novel splice site,donor,0.84868025,0.0001,0.84858025,0.7608695652173914,1.0,1.3256754914425625e-44,86.0,0.0,103.0,936.0
H_SY5Y,.,GL000195.1,49120,86517,.,fully novel,donor,0.95865825,0.21130775,0.7473504999999999,0.1927497789566754,0.9802371541501976,7.48545136809845e-22,180.0,68.0,186.0,187.0
H_SY5Y,.,KI270734.1,131997,135442,.,fully novel,donor,0.9999,0.794941,0.204959,0.0714285714285714,0.3076923076923077,0.0033392667019139,85.0,39.0,85.0,49.0
H_SY5Y,NHSL2,X,72009415,72138440,+,novel splice site,donor,0.53624275,0.10632875,0.429914,0.2135519101506948,0.6336872586872586,8.471698855623707e-05,44.0,16.0,85.0,111.0
H_SY5Y,.,X,79686062,79732209,.,fully novel,donor,0.68121375,0.44626075,0.2349529999999999,0.1317522070926231,0.3556008839027707,0.0409343102644237,125.0,96.0,184.0,219.0
H_SY5Y,ABCD1,X,153740238,153740304,+,novel splice site,donor,0.4050189999999999,0.0001,0.404919,0.3513513513513513,0.5,9.303275303952056e-12,37.0,0.0,93.0,217.0
H_SY5Y,ENSG00000272438,1,915236,915318,+,novel splice site,acceptor,0.94116175,0.724955,0.21620675,0.1349206349206348,0.283595922150139,0.0341741218650962,85.0,56.0,90.0,77.0
H_SY5Y,AGRN,1,1044988,1045160,+,novel splice site,acceptor,0.60122975,0.0001,0.60112975,0.5454545454545454,0.6551724137931034,8.672338592698516e-31,117.0,0.0,192.0,606.0
H_SY5Y,GPX7,1,52606261,52606683,+,novel splice site,acceptor,0.25129975,0.0001,0.25119975,0.238095238095238,0.2549019607843137,2.997903964058388e-07,41.0,0.0,166.0,181.0
H_SY5Y,LRP8,1,53274821,53275630,-,novel splice site,acceptor,0.3712757499999999,0.11632675,0.254949,0.1677091577523041,0.3381254404510219,0.004353280013016,48.0,34.0,130.0,287.0
H_SY5Y,ENSG00000300484,1,120417812,120419849,-,novel splice site,acceptor,0.97115575,0.6837132499999999,0.2874425,0.0992967776393093,0.3648351648351648,1.935825013878768e-06,306.0,339.0,335.0,492.0
H_SY5Y,RNF115,1,145788803,145788907,-,novel splice site,acceptor,0.3225355,0.030094,0.2924414999999999,0.2626077388593434,0.3383286795172041,9.1746928421548e-09,97.0,18.0,302.0,779.0
H_SY5Y,RGL1,1,183697513,183742125,+,novel splice site,acceptor,0.719956,0.27129575,0.44866025,0.2372448979591837,0.68,0.0013919894160007,49.0,18.0,67.0,63.0
H_SY5Y,C1orf53,1,197903120,197905795,+,novel splice site,acceptor,0.59998,0.2013097499999999,0.39867025,0.2809811770717996,0.4712404712404713,8.966128701012192e-06,106.0,43.0,176.0,218.0
H_SY5Y,RD3,1,211482315,211483118,-,fully novel,acceptor,0.57623475,0.10882825,0.4674065,0.3076375922468214,0.6490639350052985,7.590762718047963e-09,120.0,16.0,208.0,163.0
H_SY5Y,RD3,1,211483452,211491767,-,novel splice site,acceptor,0.69371125,0.2550489999999999,0.43866225,0.4046341255643581,0.4822186836518047,6.9200222460213594e-09,180.0,177.0,258.0,696.0
H_SY5Y,CNIH3,1,224517055,224566198,+,novel splice site,acceptor,0.544991,0.0001,0.544891,0.4418604651162791,0.68,0.0058367630881645,84.0,0.0,154.0,11.0
H_SY5Y,PFKP,10,3099820,3101364,+,novel splice site,acceptor,0.97615475,0.0001,0.97605475,0.9444444444444444,1.0,2.5642171272962834e-38,48.0,0.0,49.0,421.0
H_SY5Y,DLG5,10,77793236,77794007,-,novel splice site,acceptor,0.2413017499999999,0.005099,0.23620275,0.1927126979490396,0.2990904715779983,3.588257278592085e-10,144.0,4.0,600.0,789.0
H_SY5Y,PSD,10,102418047,102418700,-,novel splice site,acceptor,0.829934,0.0001,0.829834,0.6666666666666666,1.0,2.8875424090454653e-19,63.0,0.0,79.0,72.0
H_SY5Y,ENO4,10,116889280,116901764,+,novel splice site,acceptor,0.3875225,0.05133975,0.33618275,0.2011669489930359,0.4734299516908212,9.869841579739662e-07,73.0,19.0,184.0,305.0
H_SY5Y,TEAD1,11,12864749,12864837,+,novel splice site,acceptor,0.3175365,0.10382925,0.21370725,0.1419269499914661,0.3060749130451161,0.001527193466332,196.0,66.0,605.0,680.0
H_SY5Y,SYT7,11,61547621,61551383,-,novel splice site,acceptor,0.34878025,0.0001,0.34868025,0.2857142857142857,0.4090909090909091,1.6949100808077777e-08,44.0,0.0,126.0,125.0
H_SY5Y,RSF1,11,77813788,77820527,-,novel splice site,acceptor,0.205059,0.0001,0.204959,0.1648351648351648,0.2276422764227642,7.507024564651097e-08,68.0,0.0,336.0,309.0
H_SY5Y,HINFP,11,119123685,119126934,+,novel splice site,acceptor,0.53624275,0.23880225,0.2974405,0.1776119402985074,0.4060254284134881,0.0229193873256029,40.0,30.0,74.0,128.0
H_SY5Y,ARHGAP32,11,128992047,128998318,-,novel splice site,acceptor,0.839932,0.0001,0.839832,0.7835051546391752,0.8979591836734694,3.473558275843667e-33,293.0,0.0,347.0,105.0
H_SY5Y,ENSG00000256417,12,5169275,5169806,+,novel splice site,acceptor,0.395021,0.035093,0.359928,0.2449047778149014,0.4523809523809524,0.0002814706392286,24.0,4.0,62.0,90.0
H_SY5Y,TSPAN11-AS1,12,30983420,30991855,-,novel splice site,acceptor,0.929914,0.1400719999999999,0.789842,0.4705882352941176,0.9166666666666666,1.259379895589979e-12,37.0,18.0,40.0,131.0
H_SY5Y,MVK,12,109594904,109595027,+,novel splice site,acceptor,0.390022,0.020096,0.369926,0.3366666666666666,0.3897842897842898,2.649371536472704e-13,176.0,11.0,456.0,498.0
H_SY5Y,MED13L,12,116054358,116096668,-,novel splice site,acceptor,0.22880425,0.0001,0.22870425,0.135593220338983,0.3163265306122449,4.0781052406825103e-08,50.0,0.0,208.0,315.0
H_SY5Y,UBC,12,124913112,124913339,-,fully novel,acceptor,0.99115175,0.0375925,0.95355925,0.6256513596731484,1.0,9.134076572664648e-64,352.0,269.0,356.0,1370.0
H_SY5Y,HERC2P3,15,20439384,20439445,-,fully novel,acceptor,0.82868425,0.52874425,0.29994,0.0862068965517242,0.4632227163872734,0.0151226546286171,58.0,84.0,70.0,158.0
H_SY5Y,HAUS2,15,42565881,42566606,+,novel splice site,acceptor,0.2125574999999999,0.0001,0.2124575,0.1296296296296296,0.26,5.843620884286904e-08,35.0,0.0,166.0,431.0
H_SY5Y,STRA6,15,74193137,74193799,-,novel splice site,acceptor,0.9824035,0.0425915,0.939812,0.9510608482098918,0.9616812789508388,5.3330012047962356e-98,528.0,93.0,533.0,2730.0
H_SY5Y,NPIPB5,16,22533894,22534007,+,fully novel,acceptor,0.395021,0.1025795,0.2924415,0.0926891796322489,0.4355555555555536,0.0195446140304311,39.0,7.0,101.0,62.0
H_SY5Y,KIF1C-AS1,17,5019872,5019995,-,novel splice site,acceptor,0.7624475,0.2675464999999999,0.494901,0.4071729957805907,0.5682395644283121,3.697323809644195e-08,85.0,79.0,111.0,298.0
H_SY5Y,ENSG00000282936,17,6580976,6589778,-,novel splice site,acceptor,0.4837532499999999,0.0001,0.48365325,0.4516129032258064,0.5185185185185185,4.8796067530522535e-11,43.0,0.0,89.0,104.0
H_SY5Y,ENSG00000265401,17,16382112,16382567,-,novel splice site,acceptor,0.320036,0.0025995,0.3174365,0.1443298969072164,0.4313916741445905,7.570804640722195e-19,578.0,1.0,1668.0,1469.0
H_SY5Y,MYO18A,17,29131443,29165941,-,novel splice site,acceptor,0.35003,0.0001,0.34993,0.3090909090909091,0.4166666666666667,2.069544542542588e-09,47.0,0.0,135.0,147.0
H_SY5Y,ACSF2,17,50461886,50462183,+,novel splice site,acceptor,0.90116975,0.0001,0.90106975,0.8607594936708861,0.9818181818181818,9.896987588118103e-47,181.0,0.0,202.0,205.0
H_SY5Y,HDGFL2,19,4492153,4493702,+,novel splice site,acceptor,0.71870625,0.0001,0.71860625,0.6653992395437263,0.7536231884057971,8.631026384274113e-57,555.0,0.0,769.0,1035.0
H_SY5Y,HDGFL2,19,4492153,4493705,+,fully novel,acceptor,0.80618875,0.0001,0.80608875,0.6956521739130435,1.0,1.5149665587321376e-30,137.0,0.0,176.0,138.0
H_SY5Y,ELAVL3,19,11463663,11466171,-,novel splice site,acceptor,0.64872025,0.0001,0.64862025,0.5849056603773585,1.0,4.1793430114545545e-30,67.0,0.0,105.0,4030.0
H_SY5Y,UNC13A,19,17642542,17642844,-,novel splice site,acceptor,0.7124575,0.0001,0.7123575,0.6896551724137931,0.7857142857142857,3.433761378142307e-23,40.0,0.0,56.0,371.0
H_SY5Y,ZNF536,19,30336617,30443560,+,novel splice site,acceptor,0.340032,0.0475905,0.2924415,0.1145809147898769,0.4191176470588235,0.0008497974195237,48.0,9.0,141.0,120.0
H_SY5Y,KCTD15,19,33800187,33800427,+,novel splice site,acceptor,0.22130575,0.0001,0.22120575,0.1720430107526881,0.2913385826771653,1.6720755146809845e-11,102.0,0.0,479.0,891.0
H_SY5Y,ZNF382,19,36605522,36607551,+,novel splice site,acceptor,0.36127775,0.0001,0.36117775,0.2439024390243902,0.4848484848484848,9.08237920585203e-06,32.0,0.0,90.0,64.0
H_SY5Y,ENSG00000299129,19,51320671,51322063,-,novel splice site,acceptor,0.3975205,0.01134775,0.38617275,0.2563522825150732,0.5474521656109943,2.982337695233832e-14,152.0,2.0,377.0,319.0
H_SY5Y,PXDN,2,1650887,1653627,-,novel splice site,acceptor,0.5,0.0001,0.4999,0.4337349397590361,0.5335570469798657,3.0909763348029924e-36,430.0,0.0,854.0,2215.0
H_SY5Y,ZNF513,2,27378778,27378883,-,novel splice site,acceptor,0.38877225,0.0825835,0.30618875,0.1785714285714285,0.4299065420560747,0.0337585153372681,48.0,3.0,125.0,33.0
H_SY5Y,STK36,2,218679668,218679892,+,novel splice site,acceptor,0.2425514999999999,0.0225955,0.2199559999999999,0.1448502477914242,0.2644230769230769,0.0007101800661802,49.0,6.0,206.0,169.0
H_SY5Y,USP40,2,233551433,233554379,-,novel splice site,acceptor,0.28379325,0.0088482499999999,0.274945,0.1875,0.3637005649717514,8.817201459771173e-06,28.0,1.0,99.0,170.0
H_SY5Y,ATG4B,2,241668986,241670725,+,novel splice site,acceptor,0.66621675,0.0001,0.66611675,0.4657534246575342,0.8157894736842105,2.548356362961429e-31,95.0,0.0,150.0,464.0
H_SY5Y,ZGPAT,20,63732046,63733218,+,novel splice site,acceptor,0.54374125,0.0001,0.54364125,0.2857142857142857,0.6842105263157895,1.5567967962449888e-13,28.0,0.0,51.0,209.0
H_SY5Y,ENSG00000100101,22,37724248,37724394,+,fully novel,acceptor,0.310038,0.0001,0.309938,0.2777777777777778,0.3352601156069364,4.73656225799591e-10,112.0,0.0,361.0,199.0
H_SY5Y,SETD5,3,9468616,9470458,+,novel splice site,acceptor,0.28879225,0.0001,0.28869225,0.2435897435897435,0.3686868686868687,2.7775168697688446e-16,180.0,0.0,633.0,1025.0
H_SY5Y,CELSR3,3,48650290,48650479,-,novel splice site,acceptor,0.874925,0.10632875,0.76859625,0.6988714678209083,0.8947368421052632,1.4757225325788654e-19,68.0,24.0,78.0,241.0
H_SY5Y,STXBP5L,3,120908429,120909570,+,novel splice site,acceptor,0.3875225,0.0001,0.3874225,0.1428571428571428,0.5416666666666666,3.005991218144761e-06,20.0,0.0,50.0,90.0
H_SY5Y,KALRN,3,124701256,124702037,+,novel splice site,acceptor,0.94866025,0.0325935,0.91606675,0.4797979797979798,0.9916666666666668,3.9403051076702393e-13,20.0,3.0,21.0,106.0
H_SY5Y,ZNF721,4,487086,497126,-,fully novel,acceptor,0.4512597499999999,0.0775845,0.3736752499999999,0.0705128205128205,0.6430690399137001,0.0005249336052388,32.0,11.0,70.0,110.0
H_SY5Y,IGFBP7-AS1,4,57203596,57204477,+,novel splice site,acceptor,0.330034,0.0001,0.329934,0.2635658914728682,0.4130434782608695,8.355893151197902e-07,90.0,0.0,278.0,76.0
H_SY5Y,CBR4,4,168998286,169002070,-,novel splice site,acceptor,0.44126175,0.2325535,0.20870825,0.1482218489849568,0.2731601731601731,0.029286453261162,145.0,81.0,329.0,356.0
H_SY5Y,CEP72,5,648224,652987,+,novel splice site,acceptor,0.45375925,0.0001,0.45365925,0.3,0.7647058823529411,1.1427612752725712e-09,29.0,0.0,65.0,118.0
H_SY5Y,MARCHF11-DT,5,16180080,16180425,+,fully novel,acceptor,0.51624675,0.07633475,0.4399119999999999,0.3705172261873293,0.5524844720496894,5.0247643209138375e-06,55.0,6.0,107.0,86.0
H_SY5Y,MARCHF11-DT,5,16180500,16180644,+,novel splice site,acceptor,0.6074785,0.360028,0.2474505,0.0970243348884125,0.4002778635381291,0.025579258297566,109.0,91.0,179.0,252.0
H_SY5Y,POC5,5,75685401,75689011,-,novel splice site,acceptor,0.32628475,0.105079,0.22120575,0.1154451549434333,0.2773946360153256,0.0080916801814823,67.0,32.0,209.0,278.0
H_SY5Y,EPB41L4A,5,112267285,112275325,-,novel splice site,acceptor,0.9999,0.0001,0.9998,1.0,1.0,1.9535349161827087e-28,63.0,0.0,63.0,66.0
H_SY5Y,ZNF608,5,124746284,124748532,-,novel splice site,acceptor,0.3375325,0.0001,0.3374325,0.2307692307692307,0.4411764705882353,4.141264488188092e-09,43.0,0.0,130.0,152.0
H_SY5Y,SYNPO,5,150624908,150647943,+,novel splice site,acceptor,0.32878425,0.0425915,0.28619275,0.2341779216430405,0.3360604481500782,4.2794799435391934e-08,200.0,19.0,632.0,556.0
H_SY5Y,.,5,168586009,168806445,.,novel splice site,acceptor,0.28879225,0.0375925,0.2511997499999999,0.224915731723862,0.2849894651587269,1.2660894065841e-08,1294.0,82.0,4572.0,2907.0
H_SY5Y,H2AC6,6,26127762,26138053,+,novel splice site,acceptor,0.25005,0.03634275,0.21370725,0.0661421723568616,0.3364928909952606,0.0078992600424098,53.0,5.0,207.0,103.0
H_SY5Y,IQCE,7,2565072,2567115,+,novel splice site,acceptor,0.84618075,0.0001,0.84608075,0.7833333333333333,0.9166666666666666,2.416580170683687e-37,125.0,0.0,148.0,193.0
H_SY5Y,UBE2D4,7,43927076,43928013,+,novel splice site,acceptor,0.2363027499999999,0.0225955,0.21370725,0.1428571428571428,0.2685185185185185,0.0257717543342164,23.0,1.0,97.0,51.0
H_SY5Y,ADCY1,7,45625378,45648669,+,novel splice site,acceptor,0.39877025,0.0001,0.39867025,0.3396226415094339,0.4390243902439024,1.5469480979820295e-19,100.0,0.0,249.0,700.0
H_SY5Y,PSPH,7,56042644,56043147,-,novel splice site,acceptor,0.564987,0.115077,0.44991,0.3859597156398104,0.5016569637259292,9.810246557823705e-08,119.0,14.0,210.0,132.0
H_SY5Y,TRRAP,7,98881737,98881974,+,novel splice site,acceptor,0.5687362499999999,0.0001,0.56863625,0.549618320610687,0.5882352941176471,1.9545285866409536e-32,206.0,0.0,362.0,583.0
H_SY5Y,ACTL6B,7,100650644,100655018,-,novel splice site,acceptor,0.97115575,0.0001,0.97105575,0.9505494505494504,0.9896907216494846,9.551556534505913e-110,509.0,0.0,522.0,1040.0
H_SY5Y,.,7,101167225,101169918,.,novel splice site,acceptor,0.9999,0.1550689999999999,0.844831,0.8043478260869565,0.8972972972972972,4.092489738461176e-18,40.0,77.0,40.0,519.0
H_SY5Y,EEF1D,8,143586850,143589368,-,novel splice site,acceptor,0.784943,0.04134175,0.74360125,0.3125,0.8758620689655172,4.901396669377109e-09,163.0,1.0,199.0,27.0
H_SY5Y,AK3,9,4727925,4740936,-,novel splice site,acceptor,0.460008,0.240052,0.2199559999999999,0.1282824298433449,0.3099212875332278,0.0155205505295221,201.0,102.0,441.0,438.0
H_SY5Y,SEMA4D,9,89475551,89497918,-,novel splice site,acceptor,0.79369125,0.1825635,0.61112775,0.3547008547008548,0.8311036789297659,1.1013660546711195e-06,60.0,11.0,75.0,53.0
H_SY5Y,ENSG00000251184,9,128956175,128956349,+,novel splice site,acceptor,0.85117975,0.0001,0.85107975,0.7608695652173914,1.0,1.0155891672405804e-43,95.0,0.0,112.0,936.0
H_SY5Y,.,GL000214.1,53809,59178,.,fully novel,acceptor,0.5274945,0.07133575,0.4561587499999999,0.2473469387755102,0.8399106478034252,1.1949195532579711e-05,42.0,7.0,85.0,87.0
H_SY5Y,.,KI270714.1,4587,4975,.,fully novel,acceptor,0.69371125,0.260048,0.43366325,0.0923459572362997,0.7139947280134196,0.0002905603532524,77.0,24.0,113.0,85.0
H_SY5Y,.,KI270726.1,14457,14593,.,fully novel,acceptor,0.97615475,0.42126575,0.554889,0.1058823529411764,0.968421052631579,0.0001605285967118,184.0,6.0,190.0,14.0
H_SY5Y,.,KI270742.1,24340,34894,.,fully novel,acceptor,0.8911717499999999,0.58623275,0.3049389999999999,0.1375661375661375,0.4311911890504705,0.0006839879557853,145.0,110.0,165.0,191.0
H_SY5Y,ABCD1,X,153740440,153740573,+,novel splice site,acceptor,0.34878025,0.0001,0.34868025,0.1428571428571428,0.5555555555555556,1.97297204345055e-09,30.0,0.0,86.0,217.0
H_SY5Y_DOZ25,AGRN,1,1044440,1044891,+,novel splice site,donor,0.25005,0.0001,0.24995,0.1688311688311688,0.3523809523809524,1.1304331999876336e-10,62.0,0.0,238.0,606.0
H_SY5Y_DOZ25,HP1BP3,1,20779909,20780344,-,novel splice site,donor,0.74120175,0.0001,0.74110175,0.5675675675675675,1.0,6.858566674033476e-14,36.0,0.0,52.0,84.0
H_SY5Y_DOZ25,RAP1GAP,1,21598503,21598722,-,novel splice site,donor,0.205059,0.0001,0.204959,0.1463414634146341,0.25,1.7320694046127672e-06,27.0,0.0,134.0,312.0
H_SY5Y_DOZ25,GPSM2,1,108885579,108896316,+,novel splice site,donor,0.41126775,0.0001,0.41116775,0.297752808988764,0.4748858447488584,2.267247571771665e-21,251.0,0.0,602.0,503.0
H_SY5Y_DOZ25,TOR1AIP2,1,179856171,179877238,-,novel splice site,donor,0.34128175,0.1125775,0.22870425,0.135476618705036,0.3142905291540276,0.0349231455806641,50.0,16.0,149.0,139.0
H_SY5Y_DOZ25,RD3,1,211481430,211482270,-,novel splice site,donor,0.37877425,0.1025795,0.27619475,0.1517715494447382,0.3593240625432404,0.0006948410510032,78.0,27.0,204.0,285.0
H_SY5Y_DOZ25,MTARC2,1,220763051,220770380,+,novel splice site,donor,0.2325535,0.0175964999999999,0.214957,0.1321499013806706,0.3190211345939933,0.0025767863617354,24.0,4.0,106.0,164.0
H_SY5Y_DOZ25,PFKP,10,3099353,3099556,+,novel splice site,donor,0.614977,0.0001,0.614877,0.6052631578947368,0.625,9.016393174112776e-23,53.0,0.0,86.0,421.0
H_SY5Y_DOZ25,UPF2,10,11921308,11926921,-,novel splice site,donor,0.2363027499999999,0.0001,0.23620275,0.1573033707865168,0.367816091954023,2.809371620203691e-07,71.0,0.0,305.0,186.0
H_SY5Y_DOZ25,ZNF33A,10,38034401,38054377,+,novel splice site,donor,0.629974,0.12882425,0.5011497500000001,0.1708768873403019,0.7272727272727273,5.913482431892967e-07,75.0,23.0,115.0,136.0
H_SY5Y_DOZ25,ZNF239,10,43568022,43574470,-,novel splice site,donor,0.265047,0.04134175,0.2237052499999999,0.1948832417582417,0.2608695652173913,0.0478741935389966,24.0,2.0,92.0,57.0
H_SY5Y_DOZ25,SUFU,10,102594066,102597136,+,novel splice site,donor,0.4487602499999999,0.1275744999999999,0.32118575,0.1619047619047618,0.4731018045624787,0.0006060523262169,83.0,22.0,186.0,164.0
H_SY5Y_DOZ25,ZNF195,11,3362603,3363302,-,novel splice site,donor,0.61122775,0.12382525,0.4874024999999999,0.3693941778127459,0.6178861788617886,1.6734494973310554e-05,72.0,9.0,118.0,67.0
H_SY5Y_DOZ25,ENSG00000256673,12,9408950,9412073,-,novel splice site,donor,0.330034,0.04884025,0.28119375,0.1041399914639351,0.5840336134453782,0.0220388914988694,22.0,4.0,69.0,68.0
H_SY5Y_DOZ25,TSPAN11-AS1,12,30983151,30983309,-,novel splice site,donor,0.74620075,0.1738152499999999,0.5723855,0.4919354838709677,0.6630434782608696,3.0285641160991687e-09,72.0,23.0,96.0,136.0
H_SY5Y_DOZ25,TMEM117,12,43836197,43836743,+,novel splice site,donor,0.5024995,0.0001,0.5023995,0.3333333333333333,0.6875,3.0285641160991687e-09,40.0,0.0,80.0,76.0
H_SY5Y_DOZ25,ALX1,12,85286982,85295667,+,novel splice site,donor,0.51374725,0.0001,0.51364725,0.358974358974359,0.625,2.69842829455922e-09,57.0,0.0,111.0,62.0
H_SY5Y_DOZ25,CEP290,12,88086499,88086641,-,novel splice site,donor,0.455009,0.0001,0.454909,0.2571428571428571,0.7,6.088581734447372e-11,33.0,0.0,75.0,147.0
H_SY5Y_DOZ25,SH2B3,12,111447034,111447121,+,novel splice site,donor,0.26879625,0.0425915,0.22620475,0.1495218777166038,0.2992424242424242,0.0058291792933185,34.0,6.0,127.0,144.0
H_SY5Y_DOZ25,RNFT2,12,116779349,116788635,+,novel splice site,donor,0.59998,0.0001,0.59988,0.5853658536585366,0.631578947368421,2.846828041055641e-18,48.0,0.0,80.0,217.0
H_SY5Y_DOZ25,UBC,12,124911900,124913267,-,fully novel,donor,0.83868225,0.5687362499999999,0.269946,0.1432213737175682,0.3851589290907812,4.570454744919392e-05,5542.0,5968.0,6741.0,10745.0
H_SY5Y_DOZ25,LINC02249,15,30199332,30286649,+,novel splice site,donor,0.2313037499999999,0.0001,0.2312037499999999,0.0833333333333333,0.2826086956521739,0.0010606402772863,21.0,0.0,88.0,82.0
H_SY5Y_DOZ25,MEIS2,15,37096431,37097933,-,novel splice site,donor,0.28879225,0.0025995,0.28619275,0.2060344936349528,0.3416508702395313,4.572518357605047e-16,335.0,2.0,1148.0,1767.0
H_SY5Y_DOZ25,STRA6,15,74185056,74185310,-,novel splice site,donor,0.3812737499999999,0.08383325,0.2974405,0.1666976583743636,0.48841103813169,5.560964192411576e-07,218.0,197.0,569.0,2371.0
H_SY5Y_DOZ25,STRA6,15,74191492,74193066,-,novel splice site,donor,0.8274345,0.035093,0.7923414999999999,0.7422881005673553,0.8393541356781081,7.679100478426594e-60,729.0,75.0,877.0,2768.0
H_SY5Y_DOZ25,POLR2A,17,7513286,7513453,+,fully novel,donor,0.9999,0.5237452499999999,0.47615475,0.25,1.0,3.549375462897628e-09,117.0,48.0,117.0,79.0
H_SY5Y_DOZ25,ACSF2,17,50461687,50461819,+,novel splice site,donor,0.4525095,0.0001,0.4524095,0.3684210526315789,0.5416666666666666,1.1228874006027752e-14,64.0,0.0,141.0,205.0
H_SY5Y_DOZ25,PRELID3A,18,12429437,12430177,+,novel splice site,donor,0.43626275,0.0001,0.43616275,0.3333333333333333,0.5652173913043478,6.067335770157567e-09,23.0,0.0,52.0,139.0
H_SY5Y_DOZ25,HDGFL2,19,4491836,4492014,+,novel splice site,donor,0.3812737499999999,0.0001,0.38117375,0.3287671232876712,0.4507389162561576,5.62057581973767e-24,452.0,0.0,1185.0,1164.0
H_SY5Y_DOZ25,ELAVL3,19,11458612,11463495,-,novel splice site,donor,0.4525095,0.0025995,0.44991,0.4179426981435589,0.4717401247401247,6.0027859581441375e-28,172.0,1.0,380.0,4015.0
H_SY5Y_DOZ25,PKN1,19,14446562,14450087,+,novel splice site,donor,0.23880225,0.00384925,0.234953,0.1616865869853917,0.3130430720358778,4.994887652410332e-11,117.0,10.0,487.0,1977.0
H_SY5Y_DOZ25,UNC13A,19,17641557,17642413,-,novel splice site,donor,0.4925015,0.0001,0.4924015,0.1428571428571428,0.75,4.728112424409034e-17,57.0,0.0,111.0,371.0
H_SY5Y_DOZ25,GRAMD1A,19,35000487,35001097,+,novel splice site,donor,0.2200559999999999,0.0075985,0.2124574999999999,0.15625,0.2758478081058726,1.053817967765777e-06,88.0,2.0,405.0,328.0
H_SY5Y_DOZ25,ZNF529,19,36572393,36573042,-,novel splice site,donor,0.629974,0.0001,0.629874,0.5882352941176471,0.6666666666666666,1.678725271697129e-14,53.0,0.0,84.0,91.0
H_SY5Y_DOZ25,SIPA1L3,19,37907359,38008095,+,novel splice site,donor,0.45875825,0.0001,0.45865825,0.3166666666666666,0.59375,9.240345758533491e-06,48.0,0.0,110.0,40.0
H_SY5Y_DOZ25,GNG8,19,46634726,46636049,-,novel splice site,donor,0.62372525,0.0175964999999999,0.60612875,0.4669135483036321,0.7001922020867655,3.323842048379705e-28,197.0,10.0,314.0,607.0
H_SY5Y_DOZ25,PXDN,2,1649676,1650799,-,novel splice site,donor,0.3875225,0.0001,0.3874225,0.3806734992679356,0.3937823834196891,3.8886806797692375e-27,801.0,0.0,2074.0,2215.0
H_SY5Y_DOZ25,WDR35,2,19975664,19977924,-,novel splice site,donor,0.385023,0.0001,0.384923,0.3653846153846153,0.4166666666666667,1.842140603688705e-18,96.0,0.0,252.0,650.0
H_SY5Y_DOZ25,SEMA4C,2,96867927,96869186,-,novel splice site,donor,0.33878225,0.02134575,0.3174365,0.256060606060606,0.3652173913043478,0.0018121818640989,30.0,1.0,88.0,55.0
H_SY5Y_DOZ25,SMPD4BP,2,131508609,131511714,+,novel splice site,donor,0.544991,0.01884625,0.52614475,0.3379005524861878,0.6047619047619047,2.62656962886702e-13,98.0,4.0,175.0,157.0
H_SY5Y_DOZ25,TNS1-AS1,2,217978803,217986778,+,novel splice site,donor,0.315037,0.0525895,0.2624475,0.182312925170068,0.3365384615384615,0.0072552287956895,32.0,5.0,102.0,98.0
H_SY5Y_DOZ25,ATG4B,2,241668686,241668781,+,novel splice site,donor,0.470006,0.0001,0.469906,0.3269230769230769,0.6363636363636364,5.969967998098685e-20,76.0,0.0,161.0,463.0
H_SY5Y_DOZ25,OGFR,20,62813321,62813560,+,fully novel,donor,0.270046,0.00634875,0.26369725,0.1307131373449701,0.351992890409923,4.404745643550273e-09,113.0,1.0,399.0,304.0
H_SY5Y_DOZ25,OGFR,20,62813441,62813560,+,fully novel,donor,0.4175165,0.1275744999999999,0.289942,0.173002029510175,0.4034739454094293,0.0010454001498354,143.0,38.0,344.0,232.0
H_SY5Y_DOZ25,ZGPAT,20,63709165,63732002,+,novel splice site,donor,0.5374925,0.0001,0.5373925,0.5125,0.5774647887323944,3.2992134020373634e-20,112.0,0.0,208.0,209.0
H_SY5Y_DOZ25,ATRIP,3,48463882,48464043,+,novel splice site,donor,0.2925415,0.075085,0.2174565,0.0703781512605042,0.3512695085022129,0.0270378740835438,42.0,10.0,137.0,139.0
H_SY5Y_DOZ25,HMGB2,4,173333587,173334245,-,novel splice site,donor,0.6574685,0.1400719999999999,0.5173965,0.2986633249791145,0.7362637362637363,9.712364372042227e-05,75.0,8.0,116.0,47.0
H_SY5Y_DOZ25,CEP72,5,647917,648099,+,novel splice site,donor,0.594981,0.0001,0.594881,0.4444444444444444,0.7222222222222222,6.048090230694061e-12,27.0,0.0,45.0,118.0
H_SY5Y_DOZ25,EPB41L4A,5,112266331,112267209,-,novel splice site,donor,0.9999,0.0001,0.9998,1.0,1.0,4.697820543532127e-32,87.0,0.0,87.0,66.0
H_SY5Y_DOZ25,.,5,168596906,168805423,.,fully novel,donor,0.2275545,0.01634675,0.21120775,0.1107204861111111,0.271523178807947,0.0031234066340018,30.0,2.0,129.0,123.0
H_SY5Y_DOZ25,PPARD,6,35349004,35410986,+,novel splice site,donor,0.3712757499999999,0.08633275,0.2849429999999999,0.0990384615384615,0.46875,0.0125947937081086,33.0,10.0,88.0,108.0
H_SY5Y_DOZ25,TFB1M,6,155260401,155265824,-,novel splice site,donor,0.340032,0.1075785,0.2324534999999999,0.1367503999308228,0.2934235445348301,0.0007258479865807,341.0,74.0,1010.0,650.0
H_SY5Y_DOZ25,IQCE,7,2559218,2564877,+,novel splice site,donor,0.375025,0.0001,0.374925,0.3428571428571428,0.4225352112676056,6.019359708856424e-15,114.0,0.0,309.0,281.0
H_SY5Y_DOZ25,HDAC9,7,18968160,19001179,+,fully novel,donor,0.94866025,0.6612177499999999,0.2874425,0.0616001308900523,0.440039158100832,0.0003503073937382,192.0,109.0,209.0,172.0
H_SY5Y_DOZ25,TWIST1,7,19056166,19106487,-,novel splice site,donor,0.45625875,0.13132375,0.324935,0.287203384634251,0.3734981978374048,6.837472257251699e-05,110.0,36.0,242.0,283.0
H_SY5Y_DOZ25,ADCY1,7,45622744,45625298,+,novel splice site,donor,0.2775444999999999,0.0001,0.2774445,0.2307692307692307,0.3132530120481928,1.613142746982705e-12,65.0,0.0,237.0,660.0
H_SY5Y_DOZ25,TRRAP,7,98881251,98881694,+,novel splice site,donor,0.34378125,0.0001,0.34368125,0.2428571428571428,0.42152466367713,7.07566315528428e-18,221.0,0.0,640.0,594.0
H_SY5Y_DOZ25,ACTL6B,7,100650136,100650574,-,novel splice site,donor,0.69371125,0.0001,0.69361125,0.6752136752136753,0.7222222222222222,2.4885692733689013e-53,531.0,0.0,761.0,1063.0
H_SY5Y_DOZ25,SMIM18,8,30638640,30644509,+,novel splice site,donor,0.3075385,0.045091,0.2624475,0.1318690426854538,0.3684210526315789,0.0091718369919136,29.0,7.0,95.0,107.0
H_SY5Y_DOZ25,STMN2,8,79611215,79616821,+,novel splice site,donor,0.9224155,0.035093,0.8873224999999999,0.8916927444365198,0.9140665324672896,4.594919745004122e-102,6943.0,231.0,7457.0,8606.0
H_SY5Y_DOZ25,STMN2,8,79613938,79616821,+,fully novel,donor,0.919916,0.2912917499999999,0.62862425,0.2643274853801169,0.948626045400239,5.6896907177135206e-11,734.0,18.0,795.0,51.0
H_SY5Y_DOZ25,SEMA4D,9,89455954,89475484,-,novel splice site,donor,0.63622275,0.1400719999999999,0.49615075,0.2777973258268825,0.6923809523809523,4.2253106511018494e-05,76.0,8.0,121.0,56.0
H_SY5Y_DOZ25,.,GL000194.1,53893,55445,.,fully novel,donor,0.524995,0.12132575,0.40366925,0.1276595744680851,0.8811881188118812,0.0022952222409549,31.0,12.0,66.0,101.0
H_SY5Y_DOZ25,.,GL000224.1,106137,110187,.,fully novel,donor,0.47125575,0.2188062499999999,0.2524495,0.1942904574155871,0.3394312467487428,0.0043963372695021,268.0,101.0,561.0,474.0
H_SY5Y_DOZ25,ENSG00000285756,X,3931783,3937349,-,novel splice site,donor,0.3675265,0.14632075,0.2212057499999999,0.096709978927069,0.3468933710091261,0.0220388914988694,114.0,65.0,311.0,350.0
H_SY5Y_DOZ25,ENSG00000272438,1,915236,915318,+,novel splice site,acceptor,0.9999,0.724955,0.274945,0.1904761904761904,0.3181818181818182,4.294285248671399e-05,103.0,56.0,103.0,77.0
H_SY5Y_DOZ25,AGRN,1,1044988,1045160,+,novel splice site,acceptor,0.345031,0.0001,0.344931,0.3294117647058823,0.3552631578947368,1.0278579354474757e-15,78.0,0.0,228.0,606.0
H_SY5Y_DOZ25,LRP8,1,53274821,53275630,-,novel splice site,acceptor,0.3350329999999999,0.11632675,0.2187062499999999,0.1231858131757019,0.3125541125541126,0.0157726722327317,75.0,34.0,223.0,287.0
H_SY5Y_DOZ25,GPSM2,1,108896432,108896863,+,novel splice site,acceptor,0.260048,0.0001,0.259948,0.2121212121212121,0.3313253012048193,4.0423017122752646e-12,120.0,0.0,460.0,515.0
H_SY5Y_DOZ25,.,1,161133587,161153925,.,novel splice site,acceptor,0.78869225,0.4225155,0.36617675,0.0667826086956522,0.7589285714285714,0.0420007453067938,85.0,15.0,112.0,34.0
H_SY5Y_DOZ25,RD3,1,211482315,211483118,-,fully novel,acceptor,0.57373525,0.10882825,0.464907,0.27784505829155,0.635632183908046,9.792253884697244e-09,133.0,16.0,227.0,163.0
H_SY5Y_DOZ25,RD3,1,211483452,211491767,-,novel splice site,acceptor,0.504999,0.2550489999999999,0.24995,0.2124784707566164,0.2860065686749583,0.0060118713147256,229.0,177.0,453.0,697.0
H_SY5Y_DOZ25,PLD5,1,242491282,242524087,-,novel splice site,acceptor,0.5024995,0.1438212499999999,0.35867825,0.2243987725683294,0.5082872928176796,0.0002224532095308,92.0,24.0,181.0,149.0
H_SY5Y_DOZ25,PFKP,10,3099820,3101364,+,novel splice site,acceptor,0.7124575,0.0001,0.7123575,0.5714285714285714,0.8378378378378378,1.6641117149935816e-31,82.0,0.0,115.0,421.0
H_SY5Y_DOZ25,PSD,10,102418047,102418700,-,novel splice site,acceptor,0.42126575,0.0001,0.42116575,0.24,0.5483870967741935,5.862343457251547e-07,31.0,0.0,73.0,72.0
H_SY5Y_DOZ25,SYT7,11,61547621,61551383,-,novel splice site,acceptor,0.2675464999999999,0.0001,0.2674465,0.1851851851851851,0.3043478260869565,1.7295053997290525e-05,22.0,0.0,83.0,125.0
H_SY5Y_DOZ25,ARHGAP32,11,128992047,128998318,-,novel splice site,acceptor,0.784943,0.0001,0.784843,0.696969696969697,0.8888888888888888,1.5368782235485843e-28,270.0,0.0,342.0,105.0
H_SY5Y_DOZ25,ENSG00000256417,12,5169275,5169806,+,novel splice site,acceptor,0.4275144999999999,0.03634275,0.39117175,0.1101402373247033,0.5,0.0002525917520075,26.0,4.0,59.0,88.0
H_SY5Y_DOZ25,TSPAN11-AS1,12,30983420,30991855,-,novel splice site,acceptor,0.90116975,0.1400719999999999,0.76109775,0.6378809869375908,0.8849206349206349,1.5514714765469309e-15,61.0,18.0,68.0,131.0
H_SY5Y_DOZ25,MED13L,12,116054358,116096668,-,novel splice site,acceptor,0.2138072499999999,0.0001,0.21370725,0.1509433962264151,0.323943661971831,1.551640059256991e-07,48.0,0.0,230.0,315.0
H_SY5Y_DOZ25,UBC,12,124912207,124913118,-,fully novel,acceptor,0.41376725,0.0001,0.41366725,0.4064748201438849,0.4199328107502799,1.585206478959711e-28,3141.0,0.0,7616.0,1940.0
H_SY5Y_DOZ25,UBC,12,124912584,124913723,-,fully novel,acceptor,0.35627875,0.005099,0.3511797499999999,0.1287671232876712,0.5111344083163746,6.901904153444019e-19,890.0,192.0,2134.0,4344.0
H_SY5Y_DOZ25,HERC2P3,15,20439384,20439445,-,fully novel,acceptor,0.8211857499999999,0.52874425,0.2924414999999999,0.1499808208668968,0.4507042253521126,0.0270906920773779,69.0,84.0,85.0,158.0
H_SY5Y_DOZ25,STRA6,15,74193137,74193799,-,novel splice site,acceptor,0.9224155,0.0425915,0.8798239999999999,0.8828571428571429,0.9118482663792784,1.6081792266918305e-82,1003.0,93.0,1078.0,2730.0
H_SY5Y_DOZ25,CORO7,16,4367443,4387985,-,novel splice site,acceptor,0.2562987499999999,0.0001,0.25619875,0.15,0.3571428571428571,4.852182882457703e-07,27.0,0.0,106.0,241.0
H_SY5Y_DOZ25,ENSG00000282936,17,6580976,6589778,-,novel splice site,acceptor,0.24880025,0.0001,0.24870025,0.1785714285714285,0.2702702702702703,5.3049202019655446e-05,30.0,0.0,121.0,104.0
H_SY5Y_DOZ25,ACSF2,17,50461886,50462183,+,novel splice site,acceptor,0.465007,0.0001,0.464907,0.3513513513513513,0.5416666666666666,3.128525591773023e-15,68.0,0.0,145.0,205.0
H_SY5Y_DOZ25,SEC14L1,17,77216076,77216283,+,fully novel,acceptor,0.98615275,0.10882825,0.8773245000000001,0.7000533388840465,0.9732739420935412,2.709486760690835e-50,317.0,200.0,323.0,1085.0
H_SY5Y_DOZ25,HDGFL2,19,4492153,4493702,+,novel splice site,acceptor,0.44126175,0.0001,0.44116175,0.3904761904761905,0.4873949579831932,4.22338305939009e-28,443.0,0.0,1002.0,1035.0
H_SY5Y_DOZ25,HDGFL2,19,4492153,4493705,+,fully novel,acceptor,0.5574884999999999,0.0001,0.5573885,0.5454545454545454,0.5714285714285714,1.1944931869750356e-17,105.0,0.0,188.0,138.0
H_SY5Y_DOZ25,INSR,19,7169832,7170536,-,novel splice site,acceptor,0.90366925,0.01134775,0.8923215,0.8458172458172458,0.9914529914529916,3.4050882381182368e-18,29.0,1.0,32.0,122.0
H_SY5Y_DOZ25,ELAVL3,19,11463663,11466171,-,novel splice site,acceptor,0.29379125,0.0001,0.29369125,0.2121212121212121,0.3529411764705882,7.184275287461726e-17,86.0,0.0,294.0,4030.0
H_SY5Y_DOZ25,UNC13A,19,17642542,17642844,-,novel splice site,acceptor,0.44626075,0.0001,0.44616075,0.3125,0.59375,7.340070826561245e-17,58.0,0.0,132.0,371.0
H_SY5Y_DOZ25,ZNF382,19,36605522,36607551,+,novel splice site,acceptor,0.21630675,0.0001,0.21620675,0.1219512195121951,0.36,0.0033151161988393,25.0,0.0,120.0,64.0
H_SY5Y_DOZ25,ENSG00000299129,19,51320671,51322063,-,novel splice site,acceptor,0.30878825,0.01134775,0.2974405,0.2124085517437318,0.3927797833935018,1.5366833068839e-09,95.0,2.0,306.0,319.0
H_SY5Y_DOZ25,PXDN,2,1650887,1653627,-,novel splice site,acceptor,0.3012897499999999,0.0001,0.30118975,0.2859281437125748,0.3101694915254237,7.244173783130365e-20,552.0,0.0,1859.0,2215.0
H_SY5Y_DOZ25,ENSG00000225156,2,44944728,44967695,+,fully novel,acceptor,0.4375124999999999,0.1775645,0.2599479999999999,0.0594535519125683,0.4294670846394984,0.0248603328216137,85.0,29.0,193.0,152.0
H_SY5Y_DOZ25,SMPD4BP,2,131502693,131506311,+,novel splice site,acceptor,0.21130775,0.0001,0.21120775,0.16,0.2608695652173913,0.0004754444808769,23.0,0.0,109.0,102.0
H_SY5Y_DOZ25,ZGPAT,20,63732046,63733218,+,novel splice site,acceptor,0.4950009999999999,0.0001,0.494901,0.3333333333333333,0.5875,1.8443534987533402e-17,93.0,0.0,183.0,209.0
H_SY5Y_DOZ25,SETD5,3,9468616,9470458,+,novel splice site,acceptor,0.295041,0.0001,0.294941,0.2711111111111111,0.3058252427184466,1.2854115048588803e-16,199.0,0.0,685.0,1025.0
H_SY5Y_DOZ25,CELSR3,3,48650290,48650479,-,novel splice site,acceptor,0.61122775,0.10632875,0.504899,0.2511574074074074,0.6523125996810207,1.1495508661894982e-09,78.0,24.0,126.0,241.0
H_SY5Y_DOZ25,KALRN,3,124701256,124702037,+,novel splice site,acceptor,0.959908,0.0325935,0.9273145,0.8369408369408369,0.9916666666666668,5.983898137286702e-16,26.0,3.0,27.0,106.0
H_SY5Y_DOZ25,CEP72,5,643670,644298,+,novel splice site,acceptor,0.6524695,0.34378125,0.30868825,0.1071802935010481,0.5416282642089093,0.0415046227848223,61.0,36.0,93.0,103.0
H_SY5Y_DOZ25,CEP72,5,648224,652987,+,novel splice site,acceptor,0.574985,0.0001,0.574885,0.359375,0.7837837837837838,5.933362208099556e-15,63.0,0.0,117.0,118.0
H_SY5Y_DOZ25,MARCHF11-DT,5,16180500,16180644,+,novel splice site,acceptor,0.6162267499999999,0.360028,0.2561987499999999,0.1025126076672469,0.4075239162285616,0.0221189358102095,174.0,91.0,283.0,252.0
H_SY5Y_DOZ25,ARL15,5,54242151,54310431,-,novel splice site,acceptor,0.28129375,0.0001,0.28119375,0.1764705882352941,0.3157894736842105,0.0003136275861321,20.0,0.0,71.0,74.0
H_SY5Y_DOZ25,EPB41L4A,5,112267285,112275325,-,novel splice site,acceptor,0.9999,0.0001,0.9998,1.0,1.0,3.062562865790369e-33,97.0,0.0,97.0,66.0
H_SY5Y_DOZ25,ZNF608,5,124746284,124748532,-,novel splice site,acceptor,0.2675464999999999,0.0001,0.2674465,0.1666666666666666,0.4318181818181818,1.7476274812556865e-06,32.0,0.0,116.0,152.0
H_SY5Y_DOZ25,IQCE,7,2565072,2567115,+,novel splice site,acceptor,0.4875025,0.0001,0.4874025,0.3066666666666666,0.6323529411764706,3.1342774227291904e-17,111.0,0.0,228.0,193.0
H_SY5Y_DOZ25,EIF2AK1,7,6024115,6024708,-,novel splice site,acceptor,0.20380925,0.0001,0.20370925,0.0555555555555555,0.3,0.0004483142115893,38.0,0.0,177.0,98.0
H_SY5Y_DOZ25,ADCY1,7,45625378,45648669,+,novel splice site,acceptor,0.25005,0.0001,0.24995,0.1545454545454545,0.3636363636363636,6.741657907185879e-12,89.0,0.0,350.0,700.0
H_SY5Y_DOZ25,POM121,7,72879886,72881493,+,novel splice site,acceptor,0.76619675,0.380024,0.38617275,0.1524139702105803,0.6473634651600753,0.0001125281755131,179.0,61.0,236.0,147.0
H_SY5Y_DOZ25,TRRAP,7,98881737,98881974,+,novel splice site,acceptor,0.3250349999999999,0.0001,0.324935,0.2818181818181818,0.355,1.335077886670389e-16,197.0,0.0,615.0,583.0
H_SY5Y_DOZ25,ACTL6B,7,100650644,100655018,-,novel splice site,acceptor,0.5474905,0.0001,0.5473905,0.4753086419753086,0.639344262295082,3.052593886827452e-35,288.0,0.0,523.0,1040.0
H_SY5Y_DOZ25,SHB,9,37918449,37918516,-,fully novel,acceptor,0.27379525,0.0175964999999999,0.25619875,0.2058855700470271,0.2966101694915254,0.0038675714957942,29.0,1.0,107.0,69.0
H_SY5Y_DOZ25,ENSG00000299358,9,86298831,86301275,+,novel splice site,acceptor,0.28379325,0.030094,0.25369925,0.062261268143621,0.4729794356767097,0.0134482401007081,33.0,2.0,110.0,64.0
H_SY5Y_DOZ25,.,9,116363931,116425875,.,novel splice site,acceptor,0.69621075,0.330034,0.36617675,0.1328731665228645,0.6061127851915626,0.0136023128262185,60.0,25.0,85.0,74.0
H_SY5Y_DOZ25,.,GL000205.2,126765,136473,.,fully novel,acceptor,0.270046,0.060088,0.209958,0.1246612466124661,0.2951219512195122,0.024342465562102,28.0,9.0,106.0,164.0
H_SY5Y_DOZ25,.,GL000205.2,129627,136473,.,fully novel,acceptor,0.47125575,0.055089,0.41616675,0.0694772942289498,0.65,6.225162564882038e-06,49.0,17.0,106.0,164.0
H_SY5Y_DOZ25,.,KI270720.1,5215,21632,.,fully novel,acceptor,0.40126975,0.12882425,0.2724455,0.1218161683277962,0.4029338696320833,0.0347221238845917,31.0,16.0,77.0,118.0
H_SY5Y_DOZ25,.,KI270720.1,22815,26115,.,fully novel,acceptor,0.50374925,0.08133375,0.4224155,0.2531055900621117,0.5166666666666667,3.114165330392704e-05,114.0,9.0,227.0,80.0
H_SY5Y_DOZ25,.,KI270726.1,14457,14593,.,fully novel,acceptor,0.94616075,0.42126575,0.524895,0.2133264462809917,0.9351351351351352,0.0021887887298905,153.0,6.0,161.0,14.0
PSC_MN,UBC,12,124912200,124912883,-,fully novel,donor,0.27129575,0.06383725,0.2074585,0.0613659570436546,0.3765519610968894,1.993334906807973e-11,558.0,108.0,1988.0,1913.0
PSC_MN,UBC,12,124912200,124913339,-,fully novel,donor,0.27129575,0.06383725,0.2074585,0.0613659570436546,0.3765519610968894,1.993334906807973e-11,558.0,108.0,1988.0,1913.0
PSC_MN,CCDC200,17,43239800,43245552,-,fully novel,donor,0.48625275,0.1913117499999999,0.294941,0.1145833333333333,0.4926470588235294,0.003741519003353,82.0,17.0,168.0,83.0
PSC_MN,BOK,2,241572923,241573165,+,fully novel,donor,0.95365925,0.48625275,0.4674064999999999,0.3391812865497076,0.5272727272727273,3.500738506438802e-05,41.0,31.0,43.0,64.0
PSC_MN,ENSG00000280441,21,8402209,8402286,+,fully novel,donor,0.5349929999999999,0.0001,0.534893,0.5242718446601942,0.5714285714285714,4.931444184630627e-22,66.0,0.0,124.0,186.0
PSC_MN,ENSG00000280441,21,8402210,8402288,+,fully novel,donor,0.9924015,0.2313037499999999,0.76109775,0.5910669975186105,0.9864864864864864,8.995381146557859e-40,150.0,62.0,151.0,229.0
PSC_MN,IGF2BP2,3,185644588,185647024,-,novel splice site,donor,0.31878625,0.0001,0.31868625,0.238095238095238,1.0,0.0052630059304148,21.0,0.0,69.0,26.0
PSC_MN,EEF1D,8,143586850,143589307,-,novel splice site,donor,0.639972,0.0001,0.639872,0.5,0.7321428571428571,3.481944350632861e-08,58.0,0.0,90.0,27.0
PSC_MN,.,9,60675124,60682430,.,fully novel,donor,0.94616075,0.3362827499999999,0.609878,0.5593271207551134,0.663244632391934,4.501574384415859e-56,775.0,333.0,833.0,980.0
PSC_MN,.,KI270733.1,135512,135590,.,fully novel,donor,0.9999,0.2325535,0.7673465,0.6038961038961039,0.9864864864864864,1.0417543305905464e-41,150.0,62.0,150.0,228.0
PSC_MN,ENSG00000300484,1,120417293,120419849,-,novel splice site,acceptor,0.3937712499999999,0.035093,0.35867825,0.2215909090909091,0.4285714285714285,0.0061213845786692,23.0,1.0,58.0,30.0
PSC_MN,RNF115,1,145788803,145788907,-,novel splice site,acceptor,0.3175365,0.10132975,0.21620675,0.0985155195681511,0.3303030303030303,0.0414699500275712,30.0,7.0,94.0,68.0
PSC_MN,UBC,12,124912963,124913418,-,fully novel,acceptor,0.9974005,0.3462807499999999,0.6511197500000001,0.610153967506385,0.6946284032376748,3.3778211819851987e-112,1317.0,1056.0,1319.0,3014.0
PSC_MN,UBC,12,124913268,124913723,-,novel splice site,acceptor,0.794941,0.5012497499999999,0.29369125,0.0933992846217841,0.5463427199959789,1.6853113026629538e-11,1133.0,601.0,1444.0,1077.0
PSC_MN,ENSG00000302510,14,58286828,58291634,+,novel splice site,acceptor,0.26879625,0.0001,0.26869625,0.2391304347826087,0.3103448275862069,0.0002793390542764,20.0,0.0,75.0,54.0
PSC_MN,VPS53,17,514057,514240,-,fully novel,acceptor,0.47625475,0.2200559999999999,0.25619875,0.2309523809523809,0.2716165413533835,0.0333682002077506,40.0,19.0,84.0,87.0
PSC_MN,.,9,60612368,60616787,.,fully novel,acceptor,0.9274145,0.29879025,0.6286242500000001,0.0698485343794268,0.8114730046948357,3.469254536960445e-33,237.0,114.0,257.0,483.0
PSC_MN,.,KI270733.1,135503,135596,.,fully novel,acceptor,0.9999,0.60622875,0.39367125,0.1921487603305784,1.0,2.509891206144861e-27,437.0,391.0,437.0,557.0
PSC_MN_FUS,PDE4DIPP2,1,120519411,120520563,-,novel splice site,donor,0.2188062499999999,0.0001,0.21870625,0.1403508771929824,0.2876712328767123,0.0102096383205127,29.0,0.0,130.0,43.0
PSC_MN_FUS,UBC,12,124912428,124912655,-,fully novel,donor,0.2188062499999999,0.0001,0.21870625,0.2143939393939394,0.2168539325842696,2.153566883314223e-16,476.0,0.0,2210.0,1284.0
PSC_MN_FUS,UBC,12,124912507,124912962,-,fully novel,donor,0.27379525,0.0138472499999999,0.259948,0.1320232658932306,0.3101807802093244,9.966729541180734e-13,1891.0,186.0,7036.0,2829.0
PSC_MN_FUS,UBC,12,124912735,124913190,-,fully novel,donor,0.9674065,0.554989,0.4124175,0.0745038250245228,0.5959692898272553,3.5180639581989083e-19,1974.0,1128.0,2315.0,2054.0
PSC_MN_FUS,HERC2P3,15,20439384,20439507,-,novel splice site,donor,0.38377325,0.035093,0.34868025,0.2944444444444444,0.4130434782608695,0.011731349618381,33.0,1.0,86.0,30.0
PSC_MN_FUS,SNHG14,15,25080230,25087749,+,novel splice site,donor,0.9374125,0.0001,0.9373125,0.1428571428571428,1.0,0.0021687273071154,97.0,0.0,103.0,4.0
PSC_MN_FUS,CCDC200,17,43239800,43245552,-,fully novel,donor,0.50374925,0.180064,0.32368525,0.149144591611479,0.503448275862069,0.0024971974692927,225.0,17.0,447.0,83.0
PSC_MN_FUS,ZNF91,19,23359120,23361681,-,fully novel,donor,0.75619875,0.3225355,0.43366325,0.0958333333333333,0.8,0.0222357239635799,39.0,10.0,53.0,31.0
PSC_MN_FUS,ZNF91,19,23360207,23362054,-,fully novel,donor,0.7874424999999999,0.25005,0.5373924999999999,0.1423149905123339,1.0,0.0013779952885627,28.0,12.0,36.0,45.0
PSC_MN_FUS,ENSG00000280441,21,8402209,8402286,+,fully novel,donor,0.52124575,0.0001,0.52114575,0.4313725490196078,0.5970149253731343,3.6727198561949975e-17,62.0,0.0,118.0,186.0
PSC_MN_FUS,.,9,60611110,60612301,.,fully novel,donor,0.8174365,0.60372925,0.21370725,0.0642636175631099,0.3380867498514558,0.009004332163475,355.0,304.0,462.0,503.0
PSC_MN_FUS,.,9,60675124,60682430,.,fully novel,donor,0.99365125,0.3375325,0.65611875,0.6343328481319748,0.6791808873720137,1.2720563654730172e-48,571.0,333.0,575.0,980.0
PSC_MN_FUS,ENSG00000300484,1,120417293,120419849,-,novel splice site,acceptor,0.64372125,0.03634275,0.6073785,0.4924242424242424,0.68,4.200142290187664e-06,48.0,1.0,74.0,30.0
PSC_MN_FUS,UBC,12,124911823,124913190,-,fully novel,acceptor,0.34378125,0.0575885,0.28619275,0.083844036163327,0.3519411899839191,9.384716573992462e-09,3047.0,435.0,8893.0,2162.0
PSC_MN_FUS,UBC,12,124911979,124913118,-,fully novel,acceptor,0.57873425,0.0001,0.57863425,0.2458053691275167,1.0,0.0086940512546807,446.0,0.0,1345.0,10.0
PSC_MN_FUS,UBC,12,124912865,124913092,-,fully novel,acceptor,0.2075584999999999,0.0001,0.2074585,0.179381443298969,0.2293233082706766,1.3667196183961026e-13,784.0,0.0,3630.0,662.0
PSC_MN_FUS,RN7SL1,14,49586693,49586790,+,fully novel,acceptor,0.9999,0.0001,0.9998,1.0,1.0,6.458646628788264e-61,276.0,0.0,276.0,132.0
PSC_MN_FUS,.,14,49853706,49862640,.,fully novel,acceptor,0.73370325,0.5074985,0.22620475,0.0614704463649743,0.3961312144885534,0.0004462053611324,198531.0,141204.0,270330.0,346258.0
PSC_MN_FUS,RN7SL2,14,49862676,49862730,-,fully novel,acceptor,0.3875225,0.020096,0.3674265,0.2326086956521739,0.4758620689655172,6.151653257488199e-08,95.0,2.0,237.0,103.0
PSC_MN_FUS,MAP4K5,14,50438012,50440012,-,novel splice site,acceptor,0.9999,0.7986902499999999,0.20120975,0.1304347826086956,0.3,0.0019175855292394,83.0,61.0,83.0,76.0
PSC_MN_FUS,WSB1,17,27308749,27309099,+,novel splice site,acceptor,0.42376525,0.1450709999999999,0.27869425,0.2447026657552973,0.3213200173686495,0.0169878915327335,53.0,12.0,126.0,85.0
PSC_MN_FUS,ZNF91,19,23359834,23360757,-,fully novel,acceptor,0.83618275,0.0001,0.83608275,0.8297872340425532,0.8461538461538461,5.665580275923868e-12,116.0,0.0,138.0,24.0
PSC_MN_FUS,ZNF91,19,23359834,23361681,-,fully novel,acceptor,0.2188062499999999,0.0001,0.21870625,0.1584158415841584,0.2775510204081632,2.22775266421021e-08,100.0,0.0,447.0,207.0
PSC_MN_FUS,ELF2,4,139116752,139125163,-,novel splice site,acceptor,0.2350529999999999,0.0138472499999999,0.2212057499999999,0.1494252873563218,0.3010752688172043,0.0008598151666808,42.0,1.0,177.0,91.0
PSC_MN_FUS,ELAVL2,9,23762250,23783470,-,novel splice site,acceptor,0.74870025,0.12882425,0.619876,0.437037037037037,0.78,1.449520881093348e-05,58.0,4.0,77.0,30.0
PSC_MN_FUS,.,9,60612368,60616787,.,fully novel,acceptor,0.9524095,0.33378325,0.61862625,0.0723458129860734,0.8427230046948357,6.267212275145294e-20,158.0,114.0,168.0,483.0
PSC_MN_TAF15,UBC,12,124912735,124913190,-,fully novel,donor,0.89617075,0.554989,0.34118175,0.1603833992094862,0.5243044607203093,3.741971423710882e-22,1701.0,1128.0,1907.0,2054.0
PSC_MN_TAF15,HERC2P3,15,20439384,20439507,-,novel splice site,donor,0.425015,0.035093,0.389922,0.2569444444444444,0.5277777777777778,0.002386331034346,29.0,1.0,68.0,30.0
PSC_MN_TAF15,SNHG14,15,25083676,25085472,+,fully novel,donor,0.754949,0.0001,0.754849,0.7291666666666666,0.8095238095238095,2.1183099878419837e-10,52.0,0.0,69.0,28.0
PSC_MN_TAF15,ENSG00000280441,21,8402210,8402288,+,fully novel,donor,0.9999,0.2313037499999999,0.7685962500000001,0.6064516129032258,0.9864864864864864,1.5286971306712958e-41,164.0,62.0,164.0,229.0
PSC_MN_TAF15,PKIA,8,78558557,78567480,+,fully novel,donor,0.6624675,0.1225755,0.539892,0.195,0.8888888888888888,0.0002306679147834,32.0,4.0,49.0,33.0
PSC_MN_TAF15,.,9,43585995,43593577,.,fully novel,donor,0.3137872499999999,0.01634675,0.2974404999999999,0.1625258799171842,1.0,1.3359738901563156e-08,43.0,3.0,152.0,173.0
PSC_MN_TAF15,.,9,43995114,44053065,.,fully novel,donor,0.41126775,0.0001,0.41116775,0.3333333333333333,0.5217391304347826,0.0001027495431275,48.0,0.0,118.0,29.0
PSC_MN_TAF15,.,9,43999026,44053065,.,fully novel,donor,0.5574884999999999,0.0001,0.5573885,0.5434782608695652,0.575,5.9545605430951926e-08,48.0,0.0,86.0,35.0
PSC_MN_TAF15,.,9,60605056,60612367,.,fully novel,donor,0.56123775,0.3350329999999999,0.22620475,0.1476317454578323,0.311517893870835,5.428168067348245e-06,817.0,338.0,1455.0,972.0
PSC_MN_TAF15,.,9,60666060,60668444,.,fully novel,donor,0.734953,0.37877425,0.35617875,0.0999229206082265,0.9714285714285714,4.461247502287194e-06,172.0,79.0,247.0,205.0
PSC_MN_TAF15,.,GL000220.1,118647,118725,.,fully novel,donor,0.9999,0.23380325,0.76609675,0.6013071895424836,0.9864864864864864,1.3412066175680902e-36,142.0,62.0,142.0,227.0
PSC_MN_TAF15,.,KI270733.1,135512,135590,.,fully novel,donor,0.9999,0.2325535,0.7673465,0.6038961038961039,0.9864864864864864,1.1319740253896968e-36,142.0,62.0,142.0,228.0
PSC_MN_TAF15,CAMTA1,1,7706069,7732447,+,novel splice site,acceptor,0.2225555,0.0001,0.2224555,0.131578947368421,0.3146067415730337,2.3177051987250504e-09,76.0,0.0,330.0,161.0
PSC_MN_TAF15,TUT4,1,52492276,52493610,-,novel splice site,acceptor,0.23880225,0.0001,0.23870225,0.1777777777777777,0.2978723404255319,0.0032265968598152,22.0,0.0,92.0,42.0
PSC_MN_TAF15,UBC,12,124912637,124912864,-,fully novel,acceptor,0.6624675,0.3875225,0.274945,0.1753734287990711,0.377988842202247,3.3368765761131413e-10,1450.0,909.0,2320.0,2365.0
PSC_MN_TAF15,UBC,12,124912963,124913418,-,fully novel,acceptor,0.994901,0.3462807499999999,0.64862025,0.5969295094313489,0.6946284032376748,3.6128863418136897e-110,1578.0,1056.0,1589.0,3014.0
PSC_MN_TAF15,.,14,49853706,49862640,.,fully novel,acceptor,0.82618475,0.5074985,0.31868625,0.0707857538054098,0.5374586397231498,3.790503401009628e-20,184880.0,141204.0,224574.0,346258.0
PSC_MN_TAF15,SHC4,15,48878713,48884247,-,novel splice site,acceptor,0.34878025,0.0825835,0.26619675,0.2150197628458498,0.35,0.0445769267367483,33.0,3.0,95.0,36.0
PSC_MN_TAF15,DPF1,19,38218657,38218930,-,novel splice site,acceptor,0.2300539999999999,0.0275944999999999,0.2024595,0.1569444444444444,0.2463768115942029,0.0013675574075191,34.0,3.0,149.0,103.0
PSC_MN_TAF15,ENSG00000280441,21,8397896,8442045,+,fully novel,acceptor,0.9999,0.0001,0.9998,1.0,1.0,1.88815484839056e-54,53.0,0.0,53.0,800.0
PSC_MN_TAF15,SH3D19,4,151104538,151139555,-,fully novel,acceptor,0.83368325,0.0001,0.83358325,0.74,0.9014084507042254,5.386731325412762e-15,101.0,0.0,121.0,30.0
PSC_MN_TAF15,VARS1,6,31792305,31792391,-,novel splice site,acceptor,0.245051,0.03134375,0.21370725,0.1936437546193644,0.2461538461538461,0.0072356133173683,32.0,2.0,131.0,65.0
PSC_MN_TAF15,ELAVL2,9,23762250,23783470,-,novel splice site,acceptor,0.68121375,0.13132375,0.54989,0.3612403100775194,0.7894736842105263,0.0001322630868745,42.0,4.0,62.0,30.0
PSC_koloni,LINC00115,1,735614,736712,-,novel splice site,donor,0.97365525,0.76869625,0.204959,0.1232793582191172,0.4179362754333275,6.71884127721975e-08,1760.0,1711.0,1820.0,2587.0
PSC_koloni,INTS11,1,1314356,1314496,-,fully novel,donor,0.95115975,0.679964,0.2711957499999999,0.1327956989247311,0.4715523541079445,0.0007356049221566,89.0,102.0,93.0,146.0
PSC_koloni,RAP1GAP,1,21598503,21598722,-,novel splice site,donor,0.2725455,0.0001,0.2724455,0.2405405405405405,0.2985865724381625,1.3445032702513751e-24,605.0,0.0,2242.0,3916.0
PSC_koloni,NIPAL3,1,24464121,24465295,+,novel splice site,donor,0.3675265,0.1438212499999999,0.22370525,0.1604667254040623,0.3013279560515911,0.0001640949551632,291.0,164.0,784.0,1151.0
PSC_koloni,DLGAP3,1,34907438,34929068,-,novel splice site,donor,0.345031,0.0225955,0.3224355,0.2358525632872943,0.3781407035175879,1.8010617643874364e-13,277.0,18.0,803.0,543.0
PSC_koloni,ENSG00000302489,1,44704174,44723218,-,novel splice site,donor,0.38877225,0.0001,0.38867225,0.3068181818181818,0.4830508474576271,1.0677455724723955e-14,80.0,0.0,202.0,195.0
PSC_koloni,PTCH2,1,44842040,44842621,-,novel splice site,donor,0.2188062499999999,0.0001,0.21870625,0.1759259259259259,0.2551020408163265,9.181986224754392e-07,44.0,0.0,206.0,151.0
PSC_koloni,ENSG00000284686,1,56249201,56483261,-,novel splice site,donor,0.9274145,0.54124175,0.38617275,0.1801189464740866,0.5728963744588743,1.556386499191938e-05,105.0,58.0,114.0,107.0
PSC_koloni,CNN3,1,94922222,94926837,-,novel splice site,donor,0.7574485,0.490002,0.2674465,0.1115309574967276,0.385092639809621,0.0031658914934677,124.0,206.0,161.0,419.0
PSC_koloni,EXTL2,1,100894787,100894929,-,fully novel,donor,0.43126375,0.180064,0.25119975,0.1396296595779089,0.3640552995391705,0.0035451315408998,165.0,31.0,385.0,167.0
PSC_koloni,GPSM2,1,108885579,108896316,+,novel splice site,donor,0.4875025,0.0001,0.4874025,0.4465617232808616,0.5131348511383538,1.6197617490002024e-32,581.0,0.0,1195.0,414.0
PSC_koloni,RNF115,1,145787064,145788611,-,fully novel,donor,0.8724255,0.1788142499999999,0.69361125,0.4637541806020067,0.8876984126984128,1.0817024986859871e-13,67.0,27.0,78.0,141.0
PSC_koloni,NBPF9,1,149059018,149063725,-,fully novel,donor,0.9999,0.6524695,0.3474305,0.0956521739130434,0.5625,4.0912745282528763e-07,84.0,82.0,84.0,133.0
PSC_koloni,.,1,161132781,161133445,.,fully novel,donor,0.994901,0.754949,0.239952,0.0597288676236044,0.3823352579274344,6.756173625845834e-06,506.0,46.0,509.0,61.0
PSC_koloni,PDC-AS1,1,186470396,186494441,+,novel splice site,donor,0.3825234999999999,0.08383325,0.2986902499999999,0.0774028073916133,0.4444444444444444,0.0058833163211432,28.0,11.0,73.0,98.0
PSC_koloni,.,1,187070457,187070846,.,fully novel,donor,0.84118175,0.5712357499999999,0.269946,0.0957650862068965,0.395515281830748,0.0004313884575068,175.0,413.0,219.0,722.0
PSC_koloni,SRGAP2,1,206204062,206205625,+,fully novel,donor,0.7324535,0.395021,0.3374324999999999,0.1405045781372879,0.6516290726817042,0.0217989883299294,37.0,63.0,51.0,146.0
PSC_koloni,.,1,219218713,219228724,.,fully novel,donor,0.27629475,0.0088482499999999,0.2674465,0.1249883225875614,0.430379746835443,1.9933645002738502e-06,43.0,1.0,147.0,147.0
PSC_koloni,FMN2,1,240208075,240208437,+,fully novel,donor,0.4525095,0.0001,0.4524095,0.3408450704225352,0.5450381679389313,8.883690024534894e-22,254.0,0.0,536.0,231.0
PSC_koloni,.,1,247937385,247999599,.,fully novel,donor,0.39877025,0.1725654999999999,0.22620475,0.0526782940576043,0.4014385755028338,0.0173087645661323,80.0,38.0,211.0,204.0
PSC_koloni,PFKP,10,3099353,3099556,+,novel splice site,donor,0.5462407499999999,0.00134975,0.5448909999999999,0.4931365972797792,0.6024305555555556,2.8400939503983067e-56,737.0,12.0,1364.0,9634.0
PSC_koloni,CCDC3,10,13098478,13099171,-,fully novel,donor,0.37627475,0.06133775,0.3149369999999999,0.1733087121212121,0.4054054054054054,0.001939019995061,36.0,4.0,96.0,68.0
PSC_koloni,CCNY-AS1,10,35321671,35335927,-,novel splice site,donor,0.909918,0.4925015,0.4174165,0.2216783216783217,0.5764105811748875,4.4967631019688144e-10,198.0,152.0,220.0,319.0
PSC_koloni,.,10,55628007,55628612,.,fully novel,donor,0.544991,0.10632875,0.43866225,0.1461761185700689,0.6712488350419386,8.357554841541572e-06,58.0,14.0,105.0,102.0
PSC_koloni,PPP3CB,10,73440282,73444724,-,novel splice site,donor,0.70870825,0.1850629999999999,0.5236452500000001,0.2128165374677002,0.7136363636363636,2.8017988083804535e-07,179.0,12.0,255.0,61.0
PSC_koloni,CPEB3,10,92145113,92158048,-,novel splice site,donor,0.79619075,0.4475105,0.3486802499999999,0.2896360437617755,0.4197870991081945,5.356237168037228e-09,1011.0,301.0,1263.0,677.0
PSC_koloni,GOLGA7B,10,97866376,97866865,+,novel splice site,donor,0.919916,0.57623475,0.3436812499999999,0.2098080569891753,0.5103187466234468,2.188853589943736e-11,1038.0,286.0,1118.0,517.0
PSC_koloni,NSMCE4A,10,121971070,121973522,-,novel splice site,donor,0.275045,0.0275944999999999,0.2474505,0.196558762460085,0.2941605079629437,1.0613719917039506e-10,172.0,27.0,641.0,1388.0
PSC_koloni,ENSG00000294569,10,133160570,133161084,-,novel splice site,donor,0.2900419999999999,0.0475905,0.2424514999999999,0.1880695382055081,0.2744478423377506,3.425039174558358e-08,440.0,61.0,1538.0,1045.0
PSC_koloni,PAOX,10,133389748,133390906,+,novel splice site,donor,0.6949609999999999,0.0001,0.694861,0.576271186440678,0.8333333333333334,4.2470291350713485e-28,56.0,0.0,81.0,318.0
PSC_koloni,NUCB2,11,17334481,17336959,+,novel splice site,donor,0.4975005,0.295041,0.2024595,0.096430919269139,0.314569536423841,0.041540762727735,128.0,107.0,257.0,348.0
PSC_koloni,MADD,11,47324578,47324917,+,novel splice site,donor,0.42126575,0.0088482499999999,0.4124175,0.3656390246815662,0.4773703183439186,2.0531975626009042e-33,924.0,33.0,2211.0,5583.0
PSC_koloni,SLC39A13,11,47413687,47413883,+,novel splice site,donor,0.320036,0.11382725,0.20620875,0.1836497089913065,0.2374268493780074,4.773199968570823e-05,829.0,709.0,2619.0,6684.0
PSC_koloni,ZFP91,11,58616816,58616992,+,novel splice site,donor,0.2075584999999999,0.0001,0.2074585,0.1944601469756924,0.2082901554404145,3.5248901256789075e-19,746.0,0.0,3699.0,5976.0
PSC_koloni,SYT7,11,61547309,61547529,-,novel splice site,donor,0.89867025,0.00384925,0.894821,0.8706490708071518,0.927927927927928,5.5186555855244174e-104,1042.0,4.0,1155.0,790.0
PSC_koloni,ALDH3B1,11,68015460,68018091,+,novel splice site,donor,0.25879825,0.0025995,0.25619875,0.202837974080838,0.3113909361783225,1.044321914231168e-17,167.0,2.0,657.0,1773.0
PSC_koloni,CCDC81,11,86375243,86378369,+,novel splice site,donor,0.45875825,0.1400719999999999,0.31868625,0.1587892196299275,0.4402129711751662,0.0006196254907503,41.0,36.0,90.0,238.0
PSC_koloni,CACNA1C,12,2601961,2602200,+,novel splice site,donor,0.2138072499999999,0.005099,0.2087082499999999,0.1437181033145511,0.2878967828282764,3.5604480604082275e-10,132.0,6.0,614.0,668.0
PSC_koloni,.,12,27972614,27972947,.,fully novel,donor,0.4950009999999999,0.1913117499999999,0.30368925,0.0741226481057717,0.4945372503840244,0.0093229237748756,41.0,58.0,81.0,256.0
PSC_koloni,TMEM117,12,43836197,43836743,+,novel splice site,donor,0.734953,0.0001,0.734853,0.6782608695652174,0.8136882129277566,7.717633966781254e-45,362.0,0.0,490.0,237.0
PSC_koloni,DNAJC22,12,49349858,49351161,+,fully novel,donor,0.719956,0.3675265,0.3524295,0.2874545166903971,0.4402164787860469,0.0001953107752275,214.0,42.0,293.0,114.0
PSC_koloni,FLJ12825,12,54081884,54109820,+,novel splice site,donor,0.35003,0.14132175,0.20870825,0.1190429947457442,0.2852444547406483,0.004003794791368,188.0,55.0,538.0,348.0
PSC_koloni,CEP290,12,88086499,88086641,-,novel splice site,donor,0.53374325,0.00384925,0.529894,0.4834797824497872,0.5594594594594594,1.0912446903278906e-33,171.0,2.0,317.0,745.0
PSC_koloni,MAPKAPK5,12,111893586,111894653,+,novel splice site,donor,0.95115975,0.380024,0.57113575,0.4151528687155359,0.6755941154281404,3.5692739335482574e-22,476.0,76.0,507.0,204.0
PSC_koloni,RNFT2,12,116779349,116788635,+,novel splice site,donor,0.2413017499999999,0.0001,0.24120175,0.2208333333333333,0.2508474576271186,2.812075662738305e-16,127.0,0.0,535.0,1010.0
PSC_koloni,RFLNA,12,124149792,124195457,+,novel splice site,donor,0.25879825,0.03134375,0.2274545,0.1401398265359483,0.2594718714121699,5.925896478907915e-07,210.0,23.0,832.0,470.0
PSC_koloni,HMGB1,13,30477333,30617215,-,fully novel,donor,0.93616275,0.61372725,0.3224355,0.0532036613272312,0.7333333333333334,6.411343616706602e-05,129.0,97.0,141.0,158.0
PSC_koloni,SUCLA2,13,48002601,48037605,-,novel splice site,donor,0.84118175,0.420016,0.4211657499999999,0.1105263157894737,0.6693951612903223,0.0001348598077633,63.0,46.0,77.0,112.0
PSC_koloni,SUCLA2,13,48005002,48037605,-,novel splice site,donor,0.9124175,0.4225155,0.489902,0.3710018271097408,0.5972324461306961,4.360025622664368e-11,132.0,91.0,145.0,213.0
PSC_koloni,HS6ST3,13,96091570,96095909,+,novel splice site,donor,0.4025195,0.0001,0.4024195,0.3717948717948718,0.4511558538404176,1.993462305145786e-31,587.0,0.0,1475.0,857.0
PSC_koloni,NALCN,13,101055447,101067608,-,novel splice site,donor,0.36627675,0.0675865,0.29869025,0.1295034079844206,0.4153929943774012,0.0016499363259746,40.0,6.0,108.0,86.0
PSC_koloni,RAB20,13,110524198,110541888,-,novel splice site,donor,0.37377525,0.0025995,0.37117575,0.2988962472406181,0.4264501113270817,2.6872847353322113e-26,301.0,1.0,804.0,974.0
PSC_koloni,NYNRIN,14,24411451,24412643,+,novel splice site,donor,0.6224755,0.0001,0.6223755,0.5396825396825397,0.6941176470588235,2.250003225611858e-31,93.0,0.0,148.0,369.0
PSC_koloni,ENSG00000259138,14,75134944,75135759,+,novel splice site,donor,0.9999,0.67121575,0.32868425,0.1938502673796791,0.6333084391336818,2.279917450654754e-21,765.0,1094.0,765.0,2087.0
PSC_koloni,TGFB3,14,75959346,75960813,-,novel splice site,donor,0.24880025,0.0075985,0.24120175,0.1985098957615833,0.2696883008522558,7.877429228023372e-14,160.0,6.0,656.0,1207.0
PSC_koloni,.,14,99624990,99626042,.,fully novel,donor,0.3575284999999999,0.0001,0.3574285,0.3103448275862069,0.3986486486486486,1.827768557437089e-11,45.0,0.0,126.0,175.0
PSC_koloni,SNHG14,15,25217343,25217682,+,novel splice site,donor,0.2550489999999999,0.010098,0.2449509999999999,0.1386174242424242,0.3414634146341463,1.298544325414222e-06,43.0,5.0,165.0,286.0
PSC_koloni,SNHG14,15,25243957,25250680,+,novel splice site,donor,0.36377725,0.04384125,0.319936,0.0773809523809523,0.7524544179523142,6.570118745448263e-05,36.0,6.0,96.0,137.0
PSC_koloni,CHRNA7,15,31978195,32007474,+,novel splice site,donor,0.82618475,0.5462407499999999,0.2799440000000001,0.1101624661614297,0.4810933481412199,0.0245116918597174,71.0,63.0,86.0,109.0
PSC_koloni,MEIS2,15,37096431,37097933,-,novel splice site,donor,0.2300539999999999,0.00384925,0.2262047499999999,0.2008861752409642,0.2499075069901011,2.7785965166632466e-18,1275.0,6.0,5688.0,5192.0
PSC_koloni,.,15,39580589,39581130,.,fully novel,donor,0.9999,0.704959,0.294941,0.0926517571884983,0.4504132231404959,3.4447873675666255e-05,56.0,224.0,56.0,337.0
PSC_koloni,RPS27L,15,63143309,63144922,-,fully novel,donor,0.8074385,0.28629275,0.52114575,0.186117936117936,0.761004230433277,6.427723633436784e-08,97.0,31.0,121.0,105.0
PSC_koloni,.,15,71050702,71071062,.,fully novel,donor,0.939912,0.2425514999999999,0.6973605,0.6112841179703243,0.8025314427621566,5.2795810129993726e-24,173.0,45.0,184.0,179.0
PSC_koloni,PARP6,15,72271282,72272502,-,novel splice site,donor,0.36127775,0.10632875,0.254949,0.1415881073241479,0.3915018706717743,0.0052185157467735,67.0,11.0,188.0,105.0
PSC_koloni,NTRK3-AS1,15,88256487,88256604,+,novel splice site,donor,0.40126975,0.010098,0.39117175,0.3029718768698889,0.5291337131631705,4.790194105933749e-14,130.0,2.0,326.0,201.0
PSC_koloni,ST8SIA2,15,92402972,92430048,+,novel splice site,donor,0.78119375,0.48625275,0.294941,0.0838293456849427,0.5832844574780058,0.027029519924912,70.0,47.0,90.0,94.0
PSC_koloni,LYSMD4,15,99720967,99729328,-,novel splice site,donor,0.6424715,0.36627675,0.27619475,0.1140646976090013,0.4642368575337112,0.0220863132015946,84.0,45.0,136.0,126.0
PSC_koloni,GGA2,16,23466779,23467433,-,novel splice site,donor,0.2013097499999999,0.0001,0.20120975,0.070754716981132,0.3625,0.0024508037955013,42.0,0.0,198.0,57.0
PSC_koloni,ADCY7,16,50246204,50246880,+,novel splice site,donor,0.3275345,0.0001,0.3274345,0.2900158478605388,0.3612244897959183,1.613392721847963e-21,176.0,0.0,546.0,698.0
PSC_koloni,RPGRIP1L,16,53622357,53622889,-,novel splice site,donor,0.2925415,0.010098,0.2824435,0.2487049979687278,0.3087514158121799,1.5137781382921614e-15,212.0,16.0,736.0,1293.0
PSC_koloni,ENSG00000282936,17,6579865,6580931,-,novel splice site,donor,0.33378325,0.005099,0.3286842499999999,0.2833001858006437,0.3507853403141361,4.310263452328318e-18,244.0,10.0,733.0,721.0
PSC_koloni,DLG4,17,7203794,7204007,-,novel splice site,donor,0.95615875,0.64872025,0.3074384999999999,0.1100375738056897,0.5129321382842509,3.955671579104172e-07,206.0,186.0,214.0,318.0
PSC_koloni,AKAP10,17,19905231,19906054,-,fully novel,donor,0.41876625,0.03384325,0.384923,0.1876106194690265,0.5407407407407407,9.313209832251444e-07,44.0,8.0,110.0,134.0
PSC_koloni,MMP28,17,35779324,35795238,-,novel splice site,donor,0.270046,0.0425915,0.2274545,0.0955082742316784,0.3857142857142857,0.0483528436609952,33.0,2.0,120.0,44.0
PSC_koloni,.,17,41708177,41717125,.,fully novel,donor,0.634973,0.2975405,0.3374325,0.0556952476741262,0.5712522015358622,0.0021989096074463,61.0,57.0,97.0,181.0
PSC_koloni,ACSF2,17,50461687,50461819,+,novel splice site,donor,0.2313037499999999,0.0001,0.2312037499999999,0.1639344262295081,0.3148148148148148,5.993824346202989e-14,158.0,0.0,691.0,561.0
PSC_koloni,SEC14L1,17,77215780,77216270,+,fully novel,donor,0.2250549999999999,0.0025995,0.2224554999999999,0.0721949150430137,0.2543722451301009,7.493314681328896e-18,1952.0,627.0,9549.0,11724.0
PSC_koloni,SEC14L1,17,77216219,77216270,+,fully novel,donor,0.994901,0.6074785,0.3874225,0.1450303355090897,0.4859911523067201,3.891085193291583e-26,1811.0,2305.0,1970.0,3998.0
PSC_koloni,PRELID3A,18,12429437,12430177,+,novel splice site,donor,0.45875825,0.0001,0.45865825,0.3898305084745763,0.5263908701854494,3.185657673329911e-35,311.0,0.0,670.0,931.0
PSC_koloni,ENSG00000292987,19,199273,200098,+,fully novel,donor,0.7774445,0.37877425,0.39867025,0.2474927606177606,0.7261713841533584,8.438637271230705e-05,160.0,39.0,206.0,97.0
PSC_koloni,CBARP,19,1235146,1235311,-,novel splice site,donor,0.36377725,0.0325935,0.33118375,0.2872620601008093,0.4129802390620326,4.284727304178976e-16,201.0,137.0,553.0,5733.0
PSC_koloni,CELF5,19,3278111,3278212,+,novel splice site,donor,0.70370925,0.0001,0.70360925,0.6824034334763949,0.7318789584799437,3.265104022410694e-89,1994.0,0.0,2819.0,3900.0
PSC_koloni,ANKRD24,19,4182741,4183323,+,novel splice site,donor,0.52624475,0.0001,0.52614475,0.2,0.9,2.835360846940786e-10,20.0,0.0,40.0,124.0
PSC_koloni,HDGFL2,19,4491836,4492014,+,novel splice site,donor,0.5624875,0.0001,0.5623875,0.5502434705621957,0.5768539902489094,4.678401791064134e-65,4734.0,0.0,8415.0,5112.0
PSC_koloni,INSR,19,7168095,7169719,-,novel splice site,donor,0.81618675,0.0001,0.81608675,0.6829268292682927,0.925925925925926,1.6149334534597788e-25,31.0,0.0,38.0,381.0
PSC_koloni,FBN3,19,8083373,8084234,-,novel splice site,donor,0.859928,0.0001,0.859828,0.8142857142857143,0.9241379310344828,1.994160295950049e-52,263.0,0.0,306.0,205.0
PSC_koloni,ELAVL3,19,11458612,11463495,-,novel splice site,donor,0.2363027499999999,0.00134975,0.2349529999999999,0.2178031995846858,0.2427827219448665,6.462584413863326e-21,2035.0,39.0,8815.0,15431.0
PSC_koloni,ADGRL1,19,14187923,14205984,-,novel splice site,donor,0.49375125,0.1525695,0.3411817499999999,0.1306932482488927,0.5319148936170213,0.0029659388159305,40.0,20.0,80.0,113.0
PSC_koloni,UNC13A,19,17621871,17623117,-,novel splice site,donor,0.964907,0.5674865,0.3974204999999999,0.1056664619164618,0.5910982057727312,4.248681599034288e-08,158.0,66.0,165.0,120.0
PSC_koloni,UNC13A,19,17641557,17642413,-,novel splice site,donor,0.52124575,0.0001,0.52114575,0.4769475357710652,0.5658227848101266,2.8877023504202336e-54,747.0,0.0,1419.0,5027.0
PSC_koloni,ZNF429,19,21527509,21529655,+,fully novel,donor,0.964907,0.68121375,0.28369325,0.1033501504870663,0.4227330107300653,3.434532192231095e-06,175.0,220.0,184.0,343.0
PSC_koloni,ZNF91,19,23338888,23358429,-,novel splice site,donor,0.4400119999999999,0.210058,0.2299539999999999,0.10177304964539,0.3573973394112306,0.0279721239151418,61.0,48.0,142.0,226.0
PSC_koloni,GRAMD1A,19,35000487,35001097,+,novel splice site,donor,0.270046,0.0088482499999999,0.26119775,0.2458229907126185,0.274723418408671,4.970427982898861e-18,860.0,19.0,3218.0,2955.0
PSC_koloni,ZNF529,19,36572393,36573042,-,novel splice site,donor,0.47625475,0.0138472499999999,0.4624075,0.3504107218717937,0.5435837779293192,1.4076721928709676e-27,302.0,24.0,661.0,1088.0
PSC_koloni,SIPA1L3,19,37907359,38008095,+,novel splice site,donor,0.2675464999999999,0.010098,0.2574484999999999,0.2190467993710756,0.2771680323356871,1.2782234423488785e-06,90.0,1.0,344.0,134.0
PSC_koloni,LRFN1,19,39318359,39320489,-,novel splice site,donor,0.37377525,0.13632275,0.2374525,0.1724912850496044,0.2983769862666627,2.926866354440609e-05,545.0,135.0,1461.0,942.0
PSC_koloni,GNG8,19,46634726,46636049,-,novel splice site,donor,0.35127975,0.0001,0.35117975,0.2986217457886677,0.3957176843774782,3.795574413823484e-24,467.0,0.0,1341.0,597.0
PSC_koloni,BBC3,19,47228447,47230216,-,novel splice site,donor,0.3425315,0.125075,0.2174565,0.1151231945624468,0.3270146883684002,0.0034529849170029,133.0,28.0,394.0,224.0
PSC_koloni,MEIS3,19,47417617,47418109,-,fully novel,donor,0.2725455,0.0475905,0.224955,0.1185849133338959,0.2689678312292916,0.0002094515378534,138.0,10.0,519.0,178.0
PSC_koloni,HSPBP1,19,55265368,55274397,-,novel splice site,donor,0.3325335,0.0001,0.3324335,0.2711111111111111,0.3846153846153846,1.765192401737567e-20,151.0,0.0,459.0,597.0
PSC_koloni,.,19,55440766,55452671,.,novel splice site,donor,0.2562987499999999,0.01884625,0.2374524999999999,0.1841808353406391,0.2684219833617813,2.530993004550064e-09,205.0,15.0,810.0,587.0
PSC_koloni,ENSG00000286125,19,56694513,56758231,+,fully novel,donor,0.8211857499999999,0.52124575,0.29994,0.0595522864001124,0.5952380952380952,0.0227456229115021,115.0,30.0,144.0,56.0
PSC_koloni,PXDN,2,1649676,1650799,-,novel splice site,donor,0.3975205,0.0125975,0.384923,0.3498665408725391,0.4451115874214952,6.305705308002588e-30,1876.0,18.0,4770.0,3577.0
PSC_koloni,GEN1,2,17768812,17770995,+,novel splice site,donor,0.3237852499999999,0.0325935,0.2911917499999999,0.1945262641138929,0.3674296926095487,7.540064306265631e-05,33.0,4.0,103.0,122.0
PSC_koloni,WDR35,2,19975664,19977924,-,novel splice site,donor,0.3237852499999999,0.00634875,0.3174364999999999,0.2523972593705177,0.3995042807199835,2.9571306632470036e-20,213.0,8.0,670.0,1545.0
PSC_koloni,DNMT3A,2,25233736,25234282,-,fully novel,donor,0.2562987499999999,0.03634275,0.2199559999999999,0.1348286075930179,0.3648542159180457,0.0002030458834124,47.0,7.0,198.0,209.0
PSC_koloni,ZNF513,2,27378619,27378883,-,novel splice site,donor,0.91366725,0.5024995,0.4111677499999999,0.1087756735129368,0.6705519926855593,5.661600967308497e-06,96.0,75.0,110.0,141.0
PSC_koloni,EML6,2,54725259,54725597,+,novel splice site,donor,0.55373925,0.2525495,0.30118975,0.2647022637312963,0.3488097369225834,7.810599614732427e-07,636.0,509.0,1149.0,2032.0
PSC_koloni,.,2,55080640,55139959,.,novel splice site,donor,0.305039,0.07633475,0.22870425,0.1097350230414746,0.31458153580673,0.0098804793824153,26.0,20.0,84.0,226.0
PSC_koloni,MEIS1-AS3,2,66432011,66433155,-,novel splice site,donor,0.4525095,0.205059,0.2474505,0.0762787690570299,0.454022988505747,0.0359473632870788,46.0,39.0,104.0,174.0
PSC_koloni,NCAL1,2,87746482,87747595,+,novel splice site,donor,0.3925214999999999,0.025095,0.3674265,0.1644545950759861,0.5639398637122516,6.474121430234627e-11,98.0,12.0,245.0,282.0
PSC_koloni,TGFBRAP1,2,105308316,105329624,-,novel splice site,donor,0.9999,0.779944,0.219956,0.1428571428571429,0.3555555555555555,0.0003965433052643,79.0,76.0,79.0,97.0
PSC_koloni,RANBP2,2,108765473,108765649,+,fully novel,donor,0.9999,0.7824435,0.2174565,0.176036866359447,0.246351931330472,1.213989285388802e-13,582.0,844.0,582.0,1074.0
PSC_koloni,DAPL1,2,158826488,158862405,+,novel splice site,donor,0.74870025,0.4400119999999999,0.30868825,0.0898648648648648,0.55,0.031821735517294,37.0,116.0,50.0,256.0
PSC_koloni,.,2,176892388,176965016,.,novel splice site,donor,0.8624275,0.59998,0.2624475,0.057369257086999,0.4686164096320332,0.0179758715557725,59.0,262.0,70.0,436.0
PSC_koloni,TNS1-AS1,2,217978803,217986778,+,novel splice site,donor,0.7774445,0.05009,0.7273545,0.6685494652406417,0.785747999884385,1.143200979701897e-50,540.0,34.0,692.0,729.0
PSC_koloni,BOK,2,241572843,241572963,+,fully novel,donor,0.2562987499999999,0.02884425,0.2274544999999999,0.1084999689173861,0.2704376692984812,2.796693750447684e-09,570.0,66.0,2309.0,1255.0
PSC_koloni,BOK,2,241572854,241572933,+,fully novel,donor,0.4150169999999999,0.0001,0.414917,0.3187660668380462,0.5023041474654378,1.1068420883206885e-17,294.0,0.0,751.0,210.0
PSC_koloni,ATG4B,2,241668686,241668781,+,novel splice site,donor,0.210058,0.00134975,0.2087082499999999,0.1662572930809811,0.2346177263586416,3.175123482514097e-17,412.0,4.0,1977.0,6520.0
PSC_koloni,ATG4B,2,241668686,241668874,+,novel splice site,donor,0.205059,0.0001,0.204959,0.1821946169772256,0.2234886025768087,1.3655296647971436e-18,395.0,0.0,1977.0,6520.0
PSC_koloni,PSMF1,20,1164493,1165028,+,novel splice site,donor,0.924915,0.6474705,0.2774445,0.196962631159109,0.3505999478120792,1.6864280769109431e-06,347.0,290.0,379.0,447.0
PSC_koloni,SLC24A3,20,19681992,19683909,+,novel splice site,donor,0.3425315,0.0025995,0.339932,0.3200224496087619,0.3583208395802099,3.572759216100832e-27,492.0,3.0,1454.0,2067.0
PSC_koloni,SLC24A3,20,19681992,19683912,+,novel splice site,donor,0.544991,0.0175964999999999,0.5273945,0.5094204827249059,0.5693159130567327,6.205745617467936e-41,797.0,25.0,1454.0,2067.0
PSC_koloni,ENSG00000291100,20,28559672,28563829,-,novel splice site,donor,0.60372925,0.265047,0.33868225,0.1415398801290917,0.5388284648176064,8.284415800282676e-05,80.0,138.0,137.0,530.0
PSC_koloni,EPB41L1,20,36109420,36109672,+,novel splice site,donor,0.54999,0.27379525,0.27619475,0.0971473104248224,0.5000514994730283,0.0466760690818208,68.0,20.0,122.0,74.0
PSC_koloni,.,20,38599993,38723696,.,novel splice site,donor,0.544991,0.0001,0.544891,0.4264705882352941,0.7293233082706767,2.232970683346281e-07,74.0,0.0,137.0,34.0
PSC_koloni,ELMO2,20,46394529,46406547,-,novel splice site,donor,0.4162667499999999,0.210058,0.2062087499999999,0.0960862166761202,0.3373429848839685,0.0475311909814645,85.0,42.0,204.0,194.0
PSC_koloni,NPEPL1,20,58694593,58694811,+,novel splice site,donor,0.3012897499999999,0.0001,0.30118975,0.2389210019267822,0.3393665158371041,6.83921037444651e-23,146.0,0.0,492.0,2100.0
PSC_koloni,TPD52L2,20,63888540,63888705,+,fully novel,donor,0.74620075,0.4125175,0.33368325,0.163416395810762,0.5440480395619911,0.0102368814690186,48.0,57.0,66.0,139.0
PSC_koloni,SLC19A1,21,45502970,45511092,-,novel splice site,donor,0.2675464999999999,0.0001,0.2674465,0.0864197530864197,0.4736842105263157,0.0045047518737352,37.0,0.0,137.0,34.0
PSC_koloni,GNB1L,22,19821376,19823986,-,novel splice site,donor,0.21630675,0.00384925,0.2124575,0.1932440820794566,0.2240701652230875,2.1720544249915389e-13,206.0,4.0,981.0,1249.0
PSC_koloni,RSPH14,22,23064134,23071018,-,novel splice site,donor,0.6274744999999999,0.32128575,0.3061887499999999,0.1273185348483778,0.5471106642541098,0.004536663291575,75.0,56.0,124.0,175.0
PSC_koloni,TTC21A,3,39131096,39131605,+,novel splice site,donor,0.79619075,0.5324935,0.26369725,0.0966666666666666,0.3898608429858428,0.0199525747112682,115.0,56.0,144.0,107.0
PSC_koloni,ERC2,3,56296436,56297081,-,novel splice site,donor,0.779944,0.554989,0.224955,0.1715243630771649,0.2806179066834804,0.0003236566498261,2395.0,1144.0,3047.0,2056.0
PSC_koloni,.,3,88141079,88150242,.,novel splice site,donor,0.22130575,0.01134775,0.209958,0.0841685488424618,0.3193277310924369,0.0001431850645512,29.0,2.0,134.0,161.0
PSC_koloni,CIP2A,3,108585750,108587445,-,novel splice site,donor,0.28129375,0.055089,0.22620475,0.1519882307543893,0.290814986123959,0.0173023010086542,41.0,4.0,146.0,71.0
PSC_koloni,BOC,3,113286824,113287021,+,fully novel,donor,0.3137872499999999,0.070086,0.2437012499999999,0.1334253385330882,0.3263157894736842,0.0135837037240669,34.0,6.0,111.0,83.0
PSC_koloni,ENSG00000304375,3,124700034,124700976,-,novel splice site,donor,0.25879825,0.0001,0.25869825,0.1885245901639344,0.3219178082191781,1.5786225878246326e-15,70.0,0.0,268.0,1020.0
PSC_koloni,KALRN,3,124700034,124701092,+,novel splice site,donor,0.55123975,0.00634875,0.544891,0.423573626254993,0.6425289097611473,9.247936809695976e-35,146.0,3.0,268.0,1020.0
PSC_koloni,ZMAT3,3,179004185,179025053,-,novel splice site,donor,0.3575284999999999,0.0575885,0.29994,0.0823913088349628,0.4279885781773654,2.2384941863093588e-09,418.0,137.0,1055.0,1045.0
PSC_koloni,MAP6D1,3,183818112,183820099,-,novel splice site,donor,0.2800439999999999,0.0725855,0.2074584999999999,0.1520630459629423,0.2724505961438954,2.3957854370990985e-05,283.0,54.0,1025.0,790.0
PSC_koloni,ENSG00000286909,3,197641826,197644224,-,fully novel,donor,0.5724855,0.04634075,0.5261447499999999,0.1237727910238429,0.6527164310954063,1.0428728201527283e-10,58.0,16.0,97.0,219.0
PSC_koloni,ENSG00000286909,3,197644178,197645446,-,fully novel,donor,0.43626275,0.1775645,0.25869825,0.1050963518681964,0.3504273504273504,0.002698022917569,112.0,38.0,258.0,201.0
PSC_koloni,.,4,4649543,4837406,.,novel splice site,donor,0.33128375,0.01884625,0.3124375,0.1352029099260163,0.4664783734361704,4.824358080062144e-09,65.0,10.0,190.0,342.0
PSC_koloni,CYTL1,4,5017180,5018240,-,novel splice site,donor,0.410018,0.110078,0.29994,0.1240694789081885,0.4961767204757858,0.0139301503338433,20.0,14.0,50.0,117.0
PSC_koloni,EVC,4,5812119,5812234,+,fully novel,donor,0.4375124999999999,0.02884425,0.4086682499999999,0.0777735610683321,0.5410852713178295,6.459817741230573e-13,273.0,52.0,621.0,380.0
PSC_koloni,CRMP1,4,5823821,5827381,-,fully novel,donor,0.3250349999999999,0.06883625,0.25619875,0.0648447007902957,0.7893534542433892,6.51663720879899e-05,50.0,26.0,195.0,422.0
PSC_koloni,ENSG00000310372,4,6617608,6619926,-,novel splice site,donor,0.814937,0.40126975,0.41366725,0.0711383739747692,0.6444358559411959,0.0005466674207638,53.0,49.0,66.0,121.0
PSC_koloni,KIAA0232,4,6880122,6880182,+,fully novel,donor,0.80618875,0.36377725,0.4424115,0.1101116887750551,0.6896551724137931,7.075620833647802e-05,82.0,33.0,110.0,92.0
PSC_koloni,SHROOM3,4,76435511,76435687,+,fully novel,donor,0.92616475,0.68621275,0.2399519999999999,0.1030803819132726,0.3525641025641025,0.0114243640108021,91.0,92.0,99.0,137.0
PSC_koloni,NDST4,4,114870951,114924240,-,novel splice site,donor,0.32878425,0.0075985,0.32118575,0.1633798782670963,0.4901960784313725,1.1030830350749944e-08,43.0,1.0,132.0,171.0
PSC_koloni,DCLK2,4,150253935,150254425,+,novel splice site,donor,0.9874025,0.78619275,0.2012097499999999,0.1123453927025356,0.2830188679245283,0.0017859014702361,97.0,88.0,98.0,111.0
PSC_koloni,.,5,53766,89997,.,fully novel,donor,0.65621875,0.380024,0.27619475,0.1266495725857892,0.3857769214132636,0.0061683493552936,137.0,71.0,208.0,203.0
PSC_koloni,CEP72,5,647917,648099,+,novel splice site,donor,0.25129975,0.0001,0.25119975,0.1935483870967742,0.3096774193548387,9.389118162355404e-11,84.0,0.0,341.0,253.0
PSC_koloni,ZDHHC11B,5,755265,755967,-,fully novel,donor,0.2525495,0.0225955,0.229954,0.0839607979839793,0.3126934984520124,5.045566990819572e-05,105.0,8.0,402.0,179.0
PSC_koloni,TRIO,5,14489098,14492566,+,novel splice site,donor,0.96865625,0.759948,0.20870825,0.0795292832446303,0.2660729927007299,0.0014384816806175,262.0,85.0,280.0,112.0
PSC_koloni,SLC30A5,5,69116436,69117238,+,novel splice site,donor,0.989902,0.7424514999999999,0.2474505,0.0789006366168664,0.4285714285714286,5.788214774686312e-05,119.0,90.0,120.0,124.0
PSC_koloni,ENSG00000297885,5,70983973,70984696,+,fully novel,donor,0.9999,0.669966,0.329934,0.2222222222222222,0.4875,1.219213638347132e-06,88.0,64.0,88.0,95.0
PSC_koloni,ENSG00000296380,5,71108859,71109582,+,fully novel,donor,0.9999,0.74870025,0.25119975,0.2105263157894736,0.28125,0.0001510368725773,82.0,64.0,82.0,85.0
PSC_koloni,.,5,96803940,96814057,.,novel splice site,donor,0.32878425,0.075085,0.25369925,0.1107330787875628,0.3846275252525252,0.0033437768869769,33.0,16.0,102.0,170.0
PSC_koloni,EPB41L4A,5,112266331,112267209,-,novel splice site,donor,0.91866625,0.0001,0.91856625,0.8794117647058823,0.96,1.1092217934276783e-77,319.0,0.0,346.0,370.0
PSC_koloni,ENSG00000279726,5,140801426,140807415,-,fully novel,donor,0.9999,0.7062087499999999,0.29369125,0.0687022900763358,0.5900439238653001,2.1152857951701744e-16,582.0,524.0,582.0,945.0
PSC_koloni,SPRY4-AS1,5,142345486,142346351,+,novel splice site,donor,0.52124575,0.0075985,0.51364725,0.451105512190309,0.6023377808187935,2.6092267232903628e-33,248.0,5.0,470.0,789.0
PSC_koloni,FAM114A2,5,154034947,154037367,-,novel splice site,donor,0.4425115,0.0001,0.4424115,0.4,0.4705882352941176,2.7162485077225162e-17,81.0,0.0,184.0,201.0
PSC_koloni,FAM114A2,5,154034968,154037367,-,novel splice site,donor,0.2325535,0.0025995,0.229954,0.1856763925729443,0.2801692250185828,2.5562430767613577e-17,384.0,6.0,1682.0,2832.0
PSC_koloni,ENSG00000285868,5,157360623,157361268,-,fully novel,donor,0.6724654999999999,0.0001,0.6723655,0.6319444444444444,0.7178770949720671,8.595338671302401e-10,239.0,0.0,352.0,29.0
PSC_koloni,KIAA1191,5,176346411,176347577,-,fully novel,donor,0.98365325,0.539992,0.44366125,0.2267441860465116,0.7575757575757576,7.590041153869328e-08,74.0,66.0,75.0,121.0
PSC_koloni,CDHR2,5,176591736,176591803,+,fully novel,donor,0.76119775,0.3075385,0.45365925,0.0606495185210681,0.7197604790419162,2.1607447117896367e-10,729.0,177.0,1077.0,418.0
PSC_koloni,.,5,178208282,178211889,.,novel splice site,donor,0.5074985,0.105079,0.4024194999999999,0.1751327637958901,0.5786982061131087,1.6586857612044325e-05,49.0,13.0,95.0,122.0
PSC_koloni,H2BC11,6,27127402,27132366,-,novel splice site,donor,0.385023,0.06633675,0.31868625,0.0908297402730725,0.541258572907275,9.299879170088804e-05,40.0,16.0,106.0,188.0
PSC_koloni,MTRES1,6,107028925,107039748,+,novel splice site,donor,0.614977,0.34128175,0.27369525,0.1168525370674585,0.4327617215461702,0.0353118101593825,68.0,38.0,110.0,110.0
PSC_koloni,MICAL1,6,109447723,109448160,-,novel splice site,donor,0.25005,0.0001,0.24995,0.2192393736017897,0.2612903225806451,1.3395401189728373e-21,710.0,0.0,2885.0,2476.0
PSC_koloni,NUS1,6,117689844,117691732,+,fully novel,donor,0.59123175,0.33878225,0.2524494999999999,0.105587808417997,0.3951525856147581,0.0349913743786281,117.0,40.0,195.0,121.0
PSC_koloni,.,6,141910012,142048032,.,novel splice site,donor,0.7399519999999999,0.5237452499999999,0.21620675,0.0571474860694422,0.3368161585763213,0.0039957130557966,558.0,421.0,796.0,803.0
PSC_koloni,ENSG00000296864,6,157282944,157283288,+,fully novel,donor,0.8911717499999999,0.67121575,0.2199559999999999,0.1557122123159859,0.2870602157389286,0.0056765003322843,152.0,171.0,170.0,253.0
PSC_koloni,BRAT1,7,2542229,2543292,-,fully novel,donor,0.81618675,0.50624875,0.3099379999999999,0.1110122670662047,0.4757053180077946,0.0014448213469061,153.0,58.0,190.0,114.0
PSC_koloni,IQCE,7,2559218,2564877,+,novel splice site,donor,0.310038,0.0001,0.309938,0.2339743589743589,0.3638095238095238,1.5712747185377737e-21,328.0,0.0,1045.0,726.0
PSC_koloni,ENSG00000273433,7,27130149,27130890,-,novel splice site,donor,0.4175165,0.05633875,0.36117775,0.2856459315561542,0.4566471093716071,4.0947785737986175e-12,97.0,102.0,242.0,1993.0
PSC_koloni,CAMK2B,7,44254608,44258489,-,novel splice site,donor,0.47125575,0.0001,0.47115575,0.4437555358724535,0.4966063348416289,1.5678567923621468e-44,488.0,0.0,1041.0,2972.0
PSC_koloni,ADCY1,7,45622744,45625298,+,novel splice site,donor,0.25379925,0.0001,0.25369925,0.2346463362981787,0.2651048088779285,1.5033495919901825e-22,621.0,0.0,2490.0,3279.0
PSC_koloni,TPST1,7,66359132,66359317,+,fully novel,donor,0.3375325,0.0088482499999999,0.32868425,0.0942645969507777,0.5360267007923663,1.1418997948139932e-20,408.0,116.0,1592.0,2800.0
PSC_koloni,STYXL1,7,76016809,76021850,-,novel splice site,donor,0.9174165,0.509998,0.4074185,0.0901717557251908,0.7516592920353982,6.190624141116145e-05,63.0,70.0,69.0,135.0
PSC_koloni,TRRAP,7,98881251,98881694,+,novel splice site,donor,0.62372525,0.0001,0.62362525,0.593654042988741,0.6782431052093973,4.371547649417637e-55,652.0,0.0,1044.0,815.0
PSC_koloni,ACTL6B,7,100650136,100650574,-,novel splice site,donor,0.93616275,0.03384325,0.9023195,0.9117571503153818,0.9258441097347524,1.3870151736091681e-142,7280.0,129.0,7708.0,5113.0
PSC_koloni,CTTNBP2,7,117861317,117862097,-,novel splice site,donor,0.41376725,0.05633875,0.3574285,0.2908975659229209,0.4257532896146757,3.012806987522819e-10,174.0,15.0,427.0,275.0
PSC_koloni,EFCAB3P1,7,128466686,128467304,+,novel splice site,donor,0.68621275,0.0325935,0.65361925,0.4907875878270615,0.7622009569377991,8.666025569340076e-16,76.0,3.0,109.0,99.0
PSC_koloni,DPP6,7,154566917,154574078,+,novel splice site,donor,0.24380125,0.0001,0.24370125,0.1669535283993115,0.3051643192488263,3.3250510517362116e-17,152.0,0.0,624.0,1217.0
PSC_koloni,PTPRN2,7,158071117,158071220,-,fully novel,donor,0.9999,0.639972,0.359928,0.1265822784810126,0.5443786982248521,2.0038414071834506e-12,173.0,146.0,173.0,248.0
PSC_koloni,PTPRN2,7,158521771,158521911,-,fully novel,donor,0.5174965,0.0225955,0.494901,0.2999685534591195,0.7878787878787878,6.2595644167587e-09,83.0,2.0,164.0,98.0
PSC_koloni,FAM66B,8,7270523,7323233,-,novel splice site,donor,0.35627875,0.02634475,0.3299339999999999,0.2294748955434968,0.4691358024691358,0.0001225445722268,43.0,2.0,118.0,77.0
PSC_koloni,FAM66B,8,7278145,7323233,-,novel splice site,donor,0.51124775,0.020096,0.49115175,0.3022679924242424,0.7058823529411765,4.907046071604038e-09,45.0,2.0,89.0,96.0
PSC_koloni,FAM66D,8,12122051,12144739,+,novel splice site,donor,0.69371125,0.18131375,0.5123975000000001,0.3428516255880907,0.6569527368235788,5.9125675970608096e-18,423.0,88.0,622.0,505.0
PSC_koloni,FAM66D,8,12122161,12124506,+,novel splice site,donor,0.4837532499999999,0.2138072499999999,0.269946,0.1657962109575013,0.3917946181687986,0.0013021811832285,139.0,60.0,294.0,281.0
PSC_koloni,ENPP7P12,8,12207938,12210527,-,fully novel,donor,0.49125175,0.07133575,0.4199159999999999,0.0963585434173669,0.9527027027027029,1.9651573726718656e-05,39.0,7.0,88.0,99.0
PSC_koloni,ENSG00000309971,8,20225820,20226058,-,novel splice site,donor,0.5274945,0.0001,0.5273945,0.421875,0.6379310344827587,1.9644411160673272e-19,64.0,0.0,122.0,216.0
PSC_koloni,ENSG00000253642,8,33916494,34007855,+,novel splice site,donor,0.8174365,0.57373525,0.2437012499999999,0.1181184668989546,0.3653103927599666,0.0105219390726829,126.0,142.0,156.0,248.0
PSC_koloni,CPA6,8,67491166,67496967,-,fully novel,donor,0.969906,0.48625275,0.4836532499999999,0.2798896214885124,0.7152777777777778,6.329622230357811e-08,58.0,86.0,60.0,168.0
PSC_koloni,STMN2,8,79611215,79616821,+,novel splice site,donor,0.644971,0.00384925,0.6411217499999999,0.6407164528050966,0.6552791487291669,3.8516690106330426e-83,153396.0,81.0,236825.0,405560.0
PSC_koloni,STMN2,8,79613938,79616821,+,fully novel,donor,0.974905,0.0001,0.974805,0.9811145099082323,0.9870889428382256,3.2427442478666644e-29,16322.0,0.0,16581.0,33.0
PSC_koloni,ENSG00000253553,8,88700350,88701714,+,novel splice site,donor,0.3925214999999999,0.0088482499999999,0.3836732499999999,0.1791402727581764,0.5913874532168947,1.4532413530615778e-10,64.0,1.0,164.0,148.0
PSC_koloni,ZNF706,8,101202430,101205434,-,novel splice site,donor,0.86867625,0.5712357499999999,0.2974405000000001,0.1442252199792961,0.4811724036481315,0.0032034736370773,80.0,96.0,92.0,163.0
PSC_koloni,BAALC-AS2,8,103140108,103140386,-,fully novel,donor,0.2175564999999999,0.0001,0.2174565,0.1685393258426966,0.2948717948717949,9.888615157877123e-11,45.0,0.0,232.0,661.0
PSC_koloni,BAALC-AS2,8,103140172,103140386,-,fully novel,donor,0.8424315,0.0001,0.8423315,0.6690647482014388,0.986842105263158,3.954598387863361e-12,145.0,0.0,179.0,24.0
PSC_koloni,ZNF623,8,143641433,143642274,+,fully novel,donor,0.884923,0.43626275,0.44866025,0.21064424001924,0.603030303030303,0.0001405594092549,109.0,18.0,124.0,42.0
PSC_koloni,.,8,144814425,144825312,.,fully novel,donor,0.2525495,0.02134575,0.2312037499999999,0.1586254165697899,0.2914798206278027,7.008117555362401e-06,64.0,4.0,254.0,208.0
PSC_koloni,PTPRD,9,9018736,9127164,-,novel splice site,donor,0.5474905,0.03884225,0.50864825,0.4209354029908878,0.6104390642470112,3.282986213813667e-29,510.0,38.0,937.0,1010.0
PSC_koloni,.,9,12556455,12617150,.,fully novel,donor,0.774945,0.45625875,0.31868625,0.1095238095238094,0.5130686352753392,0.0030027640401951,82.0,67.0,105.0,149.0
PSC_koloni,CNTFR-AS1,9,34573845,34581094,+,novel splice site,donor,0.7511997499999999,0.480004,0.2711957499999999,0.1436358447488583,0.5229357798165137,0.0334991399424398,62.0,111.0,85.0,231.0
PSC_koloni,.,9,64715149,64926907,.,fully novel,donor,0.5712357499999999,0.1963107499999999,0.3749249999999999,0.0972646300133201,0.6754678659509648,0.0009286269559788,40.0,34.0,71.0,169.0
PSC_koloni,ENSG00000290970,9,66047388,66049362,-,novel splice site,donor,0.310038,0.0001,0.309938,0.2611464968152866,0.3694267515923566,5.135477938214768e-16,149.0,0.0,486.0,348.0
PSC_koloni,.,9,67612844,67618085,.,novel splice site,donor,0.55623875,0.2063087499999999,0.34993,0.0863022348114793,0.5667368013161292,0.0016089652853776,61.0,24.0,113.0,110.0
PSC_koloni,SEMA4D,9,89455954,89475484,-,novel splice site,donor,0.360028,0.08133375,0.27869425,0.1875784351389422,0.3328675995629067,2.503914670953631e-07,423.0,43.0,1188.0,460.0
PSC_koloni,FAM120AOS,9,93439501,93443434,-,novel splice site,donor,0.39877025,0.02134575,0.3774245,0.1854902240207977,0.5791027154663518,5.4525135389119683e-08,47.0,5.0,118.0,154.0
PSC_koloni,ENSG00000251184,9,128952847,128956140,+,novel splice site,donor,0.5624875,0.0001,0.5623875,0.5413135593220338,0.5930493273542601,1.4203350716515726e-49,526.0,0.0,936.0,1082.0
PSC_koloni,LINC01503,9,129336795,129337784,+,novel splice site,donor,0.4575085,0.0001,0.4574085,0.4225352112676056,0.4958677685950413,8.27204895392515e-14,57.0,0.0,125.0,135.0
PSC_koloni,LINC01503,9,129336989,129337784,+,novel splice site,donor,0.56123775,0.0075985,0.55363925,0.5168139700641483,0.5933673793748591,7.345563600561745e-47,779.0,12.0,1380.0,1725.0
PSC_koloni,.,GL000195.1,2967,19564,.,fully novel,donor,0.430014,0.095081,0.334933,0.1068019312988353,0.5317460317460317,0.0005437873335262,52.0,11.0,118.0,98.0
PSC_koloni,.,GL000195.1,49120,74120,.,fully novel,donor,0.9074185,0.2075584999999999,0.69986,0.3733698764097714,0.8351727941176461,1.096261597894681e-22,117.0,163.0,144.0,789.0
PSC_koloni,.,GL000214.1,34687,51171,.,fully novel,donor,0.959908,0.719956,0.2399519999999999,0.0713208870598887,0.2794533459000943,1.0688645503413016e-07,900.0,1462.0,1004.0,2021.0
PSC_koloni,ENSG00000285756,X,3871806,3881764,-,novel splice site,donor,0.9999,0.719956,0.2799439999999999,0.056910569105691,0.7955031237701577,6.794891289794743e-12,387.0,256.0,387.0,382.0
PSC_koloni,.,X,8787267,8791023,.,fully novel,donor,0.3325335,0.035093,0.2974405,0.1087472383601996,0.577659101023587,0.0001113459068472,51.0,6.0,162.0,109.0
PSC_koloni,RAI2,X,17837731,17838999,-,novel splice site,donor,0.2413017499999999,0.01884625,0.2224554999999999,0.136344449134656,0.286981981981982,0.0003605704984248,87.0,2.0,351.0,101.0
PSC_koloni,RAI2,X,17837734,17838999,-,novel splice site,donor,0.989902,0.15881825,0.8310837499999999,0.4579392281105992,1.0,2.1318375706461933e-18,194.0,6.0,196.0,33.0
PSC_koloni,SLC9A7,X,46600563,46602186,-,fully novel,donor,0.98615275,0.480004,0.50614875,0.355848478447643,0.6857318777873926,5.46713081543733e-19,190.0,212.0,194.0,413.0
PSC_koloni,.,X,63139957,63140214,.,fully novel,donor,0.84118175,0.5937312499999999,0.2474505,0.0745614035087719,0.5002881860506758,0.0419908637379668,113.0,49.0,134.0,82.0
PSC_koloni,ENSG00000302260,X,75624889,75656601,+,novel splice site,donor,0.4775045,0.2675464999999999,0.209958,0.0865917152923695,0.3234493393428559,0.0288676227599414,156.0,80.0,329.0,282.0
PSC_koloni,LINC00630,X,102884809,102887189,+,novel splice site,donor,0.4075185,0.0625875,0.344931,0.1410849560221668,0.665988044702417,1.327981318309351e-06,56.0,13.0,144.0,204.0
PSC_koloni,BEX3,X,103377262,103377462,+,novel splice site,donor,0.44126175,0.0025995,0.43866225,0.0694286737251291,0.963255008656938,2.9374195897954474e-34,553.0,152.0,3273.0,6002.0
PSC_koloni,.,X,103517526,103526127,.,novel splice site,donor,0.96365725,0.6724654999999999,0.2911917500000001,0.1563158402859104,0.4892950268798552,5.365894477941433e-05,103.0,117.0,107.0,180.0
PSC_koloni,SLC25A53,X,104131946,104136815,-,fully novel,donor,0.7399519999999999,0.10632875,0.63362325,0.3406593406593406,0.8563465917789858,2.564915178002365e-11,70.0,13.0,98.0,109.0
PSC_koloni,TMEM51-AS1,1,15138332,15152290,-,novel splice site,acceptor,0.24380125,0.0175964999999999,0.22620475,0.1027109100503527,0.3891615013499336,4.571718955409209e-07,60.0,14.0,242.0,504.0
PSC_koloni,NIPAL3,1,24465328,24468985,+,novel splice site,acceptor,0.4487602499999999,0.22130575,0.2274544999999999,0.147143765464727,0.3136605771412604,0.0006844263481852,373.0,263.0,822.0,1172.0
PSC_koloni,ENSG00000236065,1,33031662,33032271,+,novel splice site,acceptor,0.9999,0.4925015,0.5073985000000001,0.2912621359223301,0.676056338028169,4.189131252533431e-09,49.0,130.0,49.0,286.0
PSC_koloni,NFIA-AS2,1,61001736,61056614,-,novel splice site,acceptor,0.3587782499999999,0.1525695,0.2062087499999999,0.0864303843364756,0.3005292148180149,0.0221879723073307,67.0,36.0,188.0,236.0
PSC_koloni,MIR137HG,1,97974356,97974963,-,novel splice site,acceptor,0.35003,0.030094,0.319936,0.0780430984274898,0.4946236559139785,0.0001800058164467,30.0,4.0,85.0,101.0
PSC_koloni,NBPF20,1,145416129,145420487,-,novel splice site,acceptor,0.8024395,0.5174965,0.2849429999999999,0.1222825242295952,0.4827891921092987,3.967792358650401e-06,908.0,465.0,1124.0,880.0
PSC_koloni,RNF115,1,145788803,145788907,-,novel splice site,acceptor,0.3125374999999999,0.0625875,0.2499499999999999,0.2200330341037301,0.2873072908705577,1.8691071198305797e-09,1423.0,297.0,4582.0,5264.0
PSC_koloni,.,1,161133587,161153925,.,novel splice site,acceptor,0.86117775,0.4500099999999999,0.41116775,0.2582080555949511,0.5597200406822634,1.4351353788233792e-11,532.0,166.0,618.0,367.0
PSC_koloni,RGL1,1,183697513,183742125,+,novel splice site,acceptor,0.38627275,0.180064,0.20620875,0.1507131049859685,0.2631723514429029,0.0008880418909124,735.0,244.0,1903.0,1361.0
PSC_koloni,IGFN1,1,201209911,201210990,+,fully novel,acceptor,0.67121575,0.39877025,0.2724455,0.1163481253461348,0.4618437118437118,0.0088703893543346,87.0,268.0,135.0,646.0
PSC_koloni,ZNF678,1,227655764,227677178,+,novel splice site,acceptor,0.664967,0.36377725,0.30118975,0.163584506403811,0.4231567406013607,0.0036307013239942,77.0,96.0,116.0,276.0
PSC_koloni,.,1,239356356,239361279,.,fully novel,acceptor,0.2075584999999999,0.005099,0.2024595,0.166237611701078,0.2381651561955468,3.006804020987548e-09,69.0,2.0,343.0,535.0
PSC_koloni,FMN2,1,240207739,240208167,+,fully novel,acceptor,0.80118975,0.15381925,0.6473705000000001,0.242009014874084,0.9176954732510288,1.3736981679174945e-12,62.0,32.0,88.0,229.0
PSC_koloni,SDCCAG8,1,243317655,243318036,+,fully novel,acceptor,0.28879225,0.0001,0.28869225,0.125,0.4285714285714285,2.2026424364297226e-07,29.0,0.0,97.0,141.0
PSC_koloni,ENSG00000305254,1,245117285,245122133,-,fully novel,acceptor,0.7374525,0.50374925,0.2337032499999999,0.1554650675818174,0.3142205992800352,0.0208543136624874,136.0,132.0,183.0,257.0
PSC_koloni,ADARB2,10,1376219,1379073,-,novel splice site,acceptor,0.769946,0.0001,0.769846,0.7452229299363057,0.8360655737704918,1.2132048204378223e-47,135.0,0.0,176.0,535.0
PSC_koloni,PFKP,10,3099820,3101364,+,novel splice site,acceptor,0.7174564999999999,0.0025995,0.714857,0.688395395257021,0.7526294593889028,1.0400362259757446e-89,1333.0,6.0,1859.0,9616.0
PSC_koloni,CCDC3,10,13055197,13073867,-,novel splice site,acceptor,0.4675065,0.1425715,0.324935,0.2164319087620486,0.4329501915708812,3.830052594180603e-05,88.0,34.0,191.0,225.0
PSC_koloni,.,10,13133582,13158397,.,novel splice site,acceptor,0.49375125,0.1338232499999999,0.359928,0.1341365922184445,0.5,2.230980062843721e-06,140.0,42.0,281.0,229.0
PSC_koloni,CPEB3,10,92158073,92180962,-,novel splice site,acceptor,0.82868425,0.4487602499999999,0.379924,0.3275985803521897,0.4437044344457544,2.479021377861353e-11,1195.0,307.0,1435.0,688.0
PSC_koloni,GOLGA7B,10,97866952,97867731,+,fully novel,acceptor,0.99365125,0.5937312499999999,0.39992,0.2590069089631698,0.5303733000145355,5.25741681300993e-21,2299.0,117.0,2315.0,203.0
PSC_koloni,GOLGA7B,10,97866952,97871065,+,novel splice site,acceptor,0.654969,0.0001,0.654869,0.5013774104683195,0.7959183673469388,1.0870861534294078e-26,190.0,0.0,301.0,147.0
PSC_koloni,GFRA1,10,116059900,116062079,-,fully novel,acceptor,0.93366325,0.3687762499999999,0.5648869999999999,0.0882064393939395,0.8199672667757774,9.076782637363768e-15,147.0,180.0,173.0,707.0
PSC_koloni,GFRA1,10,116272276,116273727,-,novel splice site,acceptor,0.2188062499999999,0.0075985,0.2112077499999999,0.1573740627928772,0.2295287223919467,2.260037783670577e-07,45.0,7.0,212.0,460.0
PSC_koloni,NSMCE4A,10,121973600,121974003,-,novel splice site,acceptor,0.4037692499999999,0.04134175,0.3624274999999999,0.3081282397350159,0.4162822718727798,1.771569681145455e-16,261.0,51.0,638.0,1420.0
PSC_koloni,ENSG00000298283,10,127382042,127384789,-,novel splice site,acceptor,0.295041,0.0001,0.294941,0.2161383285302593,0.3544303797468354,8.195649958397085e-21,97.0,0.0,332.0,2046.0
PSC_koloni,KNDC1,10,133166940,133167380,+,novel splice site,acceptor,0.2413017499999999,0.0001,0.24120175,0.2141560798548094,0.2591463414634146,2.182394726390505e-17,245.0,0.0,1036.0,993.0
PSC_koloni,PAOX,10,133391099,133391311,+,novel splice site,acceptor,0.769946,0.0001,0.769846,0.6747967479674797,0.8660714285714286,3.858098029337452e-43,131.0,0.0,174.0,326.0
PSC_koloni,.,11,8094160,8107334,.,fully novel,acceptor,0.8999199999999999,0.59623075,0.3036892499999999,0.1416165230118719,0.4623199050176513,0.000473138178768,99.0,123.0,110.0,205.0
PSC_koloni,.,11,8094160,8109383,.,fully novel,acceptor,0.5424915,0.29629075,0.24620075,0.0789473684210526,0.3604707792207793,0.0202414342651274,87.0,65.0,161.0,222.0
PSC_koloni,MADD,11,47325033,47326831,+,fully novel,acceptor,0.75869825,0.0001,0.75859825,0.5428571428571428,0.9305555555555556,1.1700172107720092e-27,66.0,0.0,90.0,174.0
PSC_koloni,MADD,11,47325033,47328657,+,novel splice site,acceptor,0.33128375,0.0001,0.33118375,0.3049119555143652,0.3525243578387954,5.747992615202087e-32,727.0,0.0,2208.0,6625.0
PSC_koloni,SYT7,11,61547621,61551383,-,novel splice site,acceptor,0.64872025,0.0001,0.64862025,0.625,0.6785714285714286,2.994307215942561e-67,793.0,0.0,1216.0,1674.0
PSC_koloni,ASRGL1,11,62389204,62391499,+,fully novel,acceptor,0.53624275,0.2225555,0.31368725,0.1274509803921568,0.462485068050922,0.007270805244627,63.0,25.0,115.0,116.0
PSC_koloni,ENSG00000286264,11,64241133,64242418,+,novel splice site,acceptor,0.87617475,0.59123175,0.284943,0.0519132322769555,0.4101454582662408,1.832404777570939e-06,558.0,752.0,706.0,1294.0
PSC_koloni,NADSYN1,11,71502410,71502678,+,fully novel,acceptor,0.9999,0.60122975,0.39867025,0.1538461538461538,0.531360317230038,2.181303780766053e-05,40.0,86.0,40.0,152.0
PSC_koloni,.,11,71997194,71999926,.,novel splice site,acceptor,0.8174365,0.1663167499999999,0.65111975,0.4860287364536713,0.8076164215686273,1.9708079788595183e-12,105.0,14.0,132.0,84.0
PSC_koloni,GDPD5,11,75452326,75452815,-,novel splice site,acceptor,0.59998,0.1850629999999999,0.414917,0.1253718657033574,0.8255125379812347,6.332716179304235e-05,42.0,33.0,75.0,181.0
PSC_koloni,ENSG00000255326,11,75587631,75587762,+,fully novel,acceptor,0.8624275,0.589982,0.2724455,0.1011984040944857,0.4010190808676919,6.757576471452613e-06,465.0,840.0,562.0,1493.0
PSC_koloni,CDON,11,125981315,125983871,-,novel splice site,acceptor,0.2625475,0.005099,0.2574484999999999,0.1860465116279069,0.3117408906882591,2.9939252582833333e-13,143.0,2.0,555.0,520.0
PSC_koloni,ARHGAP32,11,128992047,128998318,-,novel splice site,acceptor,0.66371725,0.01884625,0.6448710000000001,0.6229909120704067,0.675047375180104,1.1215774221528773e-58,2547.0,21.0,3820.0,1635.0
PSC_koloni,IQSEC3-AS1,12,171327,174598,-,novel splice site,acceptor,0.2575485,0.0001,0.2574485,0.2109181141439206,0.2973621103117506,1.2134497621344079e-17,218.0,0.0,851.0,807.0
PSC_koloni,GRIN2B,12,13970851,13979927,-,novel splice site,acceptor,0.2250549999999999,0.0001,0.224955,0.2,0.2364425162689804,7.255841707194446e-13,105.0,0.0,477.0,535.0
PSC_koloni,KIF21A,12,39389245,39442926,-,novel splice site,acceptor,0.20380925,0.0001,0.20370925,0.1754042136207741,0.2232098765432098,2.1952558439080094e-17,810.0,0.0,4066.0,2342.0
PSC_koloni,TMEM117,12,43836885,43844623,+,novel splice site,acceptor,0.3775245,0.0001,0.3774245,0.3036649214659686,0.453416149068323,4.780630239474525e-17,131.0,0.0,352.0,237.0
PSC_koloni,TMEM117,12,43836902,43844623,+,novel splice site,acceptor,0.26129775,0.0001,0.26119775,0.2111801242236025,0.3089005235602094,5.695570311002339e-11,93.0,0.0,352.0,237.0
PSC_koloni,.,12,76084677,76084852,.,fully novel,acceptor,0.5599879999999999,0.17631475,0.3836732499999999,0.0894698085419735,0.8381504617055945,0.0028259556337294,22.0,40.0,41.0,242.0
PSC_koloni,MAPKAPK5,12,111894727,111896202,+,fully novel,acceptor,0.8774244999999999,0.1550689999999999,0.7223554999999999,0.4800485773768217,0.8853754940711462,1.6155200068205652e-19,205.0,17.0,236.0,96.0
PSC_koloni,ENSG00000280138,12,122871397,122871985,-,fully novel,acceptor,0.65871825,0.2013097499999999,0.4574085,0.1216003075871497,0.7850634178905206,0.0003874353169763,35.0,23.0,54.0,107.0
PSC_koloni,RFLNA,12,124149792,124267218,+,novel splice site,acceptor,0.9999,0.7224555,0.2774445,0.0550287356321839,0.6708860759493671,5.487722828390856e-06,123.0,60.0,123.0,85.0
PSC_koloni,RFLNA,12,124195889,124198804,+,fully novel,acceptor,0.4162667499999999,0.0175964999999999,0.3986702499999999,0.2763571721591686,0.50949795870663,7.598529000311228e-09,78.0,2.0,183.0,103.0
PSC_koloni,KATNAL1,13,30283792,30306678,-,novel splice site,acceptor,0.9024195,0.684963,0.2174564999999999,0.0867950016886186,0.3424679123255918,0.002818629930734,192.0,217.0,216.0,314.0
PSC_koloni,RAB20,13,110542023,110561347,-,novel splice site,acceptor,0.260048,0.0001,0.259948,0.2051282051282051,0.2946428571428571,2.9314494673293966e-18,180.0,0.0,704.0,997.0
PSC_koloni,ANKRD10,13,110893264,110903475,-,novel splice site,acceptor,0.684963,0.4475105,0.2374525,0.0928828828828829,0.3973109243697478,0.04390192412091,121.0,64.0,175.0,145.0
PSC_koloni,ENSG00000254692,14,24203128,24209889,-,fully novel,acceptor,0.78619275,0.4775045,0.30868825,0.0936441028184147,0.5367865085248331,0.0115812670493542,68.0,57.0,89.0,121.0
PSC_koloni,.,14,43030596,43038649,.,fully novel,acceptor,0.44626075,0.19381125,0.2524495,0.1029359112065879,0.3947209467120179,0.0306780114731279,64.0,20.0,141.0,102.0
PSC_koloni,EVL,14,100139370,100141148,+,novel splice site,acceptor,0.48875225,0.0001,0.48865225,0.2028985507246377,0.7866666666666666,9.269750209403096e-15,72.0,0.0,148.0,141.0
PSC_koloni,SLC25A29,14,100293378,100298036,-,novel splice site,acceptor,0.7024595,0.3362827499999999,0.36617675,0.0565414930980968,0.6662172835070936,0.0036948000916947,50.0,39.0,78.0,121.0
PSC_koloni,MIR493HG,14,100903838,100904463,+,fully novel,acceptor,0.98115375,0.5424915,0.4386622499999999,0.2412529137529137,0.6797637390857729,3.563786576475102e-07,59.0,76.0,60.0,137.0
PSC_koloni,AHNAK2,14,104941807,104952201,-,fully novel,acceptor,0.97365525,0.5024995,0.47115575,0.3529274402068519,0.5640027504214356,7.538850356881823e-18,203.0,383.0,210.0,790.0
PSC_koloni,SNHG14,15,25217934,25218439,+,novel splice site,acceptor,0.4962507499999999,0.0088482499999999,0.4874024999999999,0.4209711470795214,0.5980835643756992,2.0863445277976566e-16,62.0,2.0,128.0,231.0
PSC_koloni,ENSG00000215304,15,32406016,32406218,-,novel splice site,acceptor,0.2875425,0.0001,0.2874425,0.253012048192771,0.3214285714285714,1.2256418128451744e-05,39.0,0.0,139.0,71.0
PSC_koloni,B2M,15,44714858,44715449,+,fully novel,acceptor,0.88617275,0.1550689999999999,0.7311037499999999,0.5726622989874925,0.8857094094891342,3.817499277898391e-14,38.0,68.0,43.0,567.0
PSC_koloni,SEMA6D,15,47718874,47743485,+,novel splice site,acceptor,0.83618275,0.160068,0.67611475,0.4331550802139037,0.8717948717948718,6.08402360039398e-13,97.0,15.0,118.0,83.0
PSC_koloni,ONECUT1,15,52777691,52788779,-,novel splice site,acceptor,0.2063087499999999,0.0001,0.20620875,0.1662125340599455,0.2286995515695067,3.930110945968076e-09,89.0,0.0,436.0,269.0
PSC_koloni,POLR2M,15,57708743,57709184,+,novel splice site,acceptor,0.35627875,0.0001,0.35617875,0.1789473684210526,0.5753424657534246,1.8943480218028759e-10,59.0,0.0,168.0,137.0
PSC_koloni,.,15,71071129,71071323,.,fully novel,acceptor,0.9074185,0.045091,0.8623275,0.7316859555833594,0.9443134535367546,1.6143626478886804e-30,104.0,9.0,115.0,143.0
PSC_koloni,LINGO1,15,77641026,77677088,-,novel splice site,acceptor,0.30878825,0.0001,0.30868825,0.2629107981220657,0.3491484184914842,9.639199794549508e-24,511.0,0.0,1674.0,1013.0
PSC_koloni,.,15,78123740,78149107,.,novel splice site,acceptor,0.874925,0.175065,0.6998599999999999,0.1002800272458942,0.930635838150289,3.022251959114615e-18,178.0,56.0,205.0,171.0
PSC_koloni,ST20,15,79907707,79914587,-,novel splice site,acceptor,0.5237452499999999,0.2200559999999999,0.3036892499999999,0.1295599898954015,0.4315927488313761,0.0006650721988415,88.0,55.0,167.0,267.0
PSC_koloni,GOLGA6L10,15,82346883,82347509,-,novel splice site,acceptor,0.355029,0.0225955,0.3324335,0.1090842245989304,0.6516354012659648,4.77457793119904e-08,50.0,5.0,138.0,223.0
PSC_koloni,ENSG00000310356,15,84471130,84473743,-,novel splice site,acceptor,0.8124375,0.11632675,0.69611075,0.473075714432302,0.896593915343915,8.579262544440817e-11,33.0,19.0,41.0,160.0
PSC_koloni,IGF1R,15,98948709,98960833,+,novel splice site,acceptor,0.9999,0.78119375,0.21870625,0.1176470588235294,0.3116883116883117,0.0002211960674917,92.0,90.0,92.0,116.0
PSC_koloni,.,15,101050780,101151719,.,novel splice site,acceptor,0.410018,0.1275744999999999,0.2824435,0.1090145302192904,0.4593567251461988,0.0062444834694948,37.0,18.0,90.0,141.0
PSC_koloni,UNKL,16,1371564,1379532,-,novel splice site,acceptor,0.31628675,0.0325935,0.28369325,0.165662362505978,0.3728222996515679,0.0011829976714713,77.0,2.0,238.0,57.0
PSC_koloni,CORO7,16,4367443,4387985,-,novel splice site,acceptor,0.3275345,0.00384925,0.32368525,0.251327082920521,0.3949044585987261,1.606255006130375e-21,217.0,9.0,672.0,1472.0
PSC_koloni,PDXDC1,16,14975221,14977300,+,novel splice site,acceptor,0.74995,0.46625675,0.28369325,0.1144061308928598,0.4643659711075441,0.0248021862126765,60.0,74.0,81.0,161.0
PSC_koloni,NPIPA7,16,16393667,16393735,+,fully novel,acceptor,0.7224555,0.02884425,0.69361125,0.0768290667919665,0.7200600675670115,3.240682803585138e-44,1685.0,367.0,3124.0,1481.0
PSC_koloni,NPIPB5,16,22534008,22534145,+,fully novel,acceptor,0.784943,0.065087,0.7198559999999999,0.1815277246813493,0.7148265656968422,7.7595776182852095e-56,5865.0,2717.0,10660.0,16718.0
PSC_koloni,.,16,28353062,28379728,.,novel splice site,acceptor,0.45375925,0.10008,0.35367925,0.1264087332508687,0.5502421269504273,2.067067485146636e-05,63.0,22.0,143.0,177.0
PSC_koloni,NPIPB11,16,29381913,29383184,-,fully novel,acceptor,0.71370725,0.03634275,0.6773645,0.242748168222423,0.7939113615339332,7.247800749944934e-40,438.0,136.0,697.0,1528.0
PSC_koloni,NPIPB11,16,29384079,29384135,-,fully novel,acceptor,0.9999,0.6574685,0.3424315,0.237885462555066,0.424390243902439,1.3049919442282412e-14,247.0,230.0,247.0,363.0
PSC_koloni,PHKG2,16,30751604,30753184,+,novel splice site,acceptor,0.93116375,0.68121375,0.24995,0.1404944586530264,0.3950494405412436,0.0235049362480215,64.0,70.0,69.0,101.0
PSC_koloni,N4BP1,16,48611074,48613703,-,fully novel,acceptor,0.8661767499999999,0.59873025,0.2674464999999999,0.054138795986622,0.5492599009900989,0.0067539579056035,112.0,108.0,134.0,172.0
PSC_koloni,RPGRIP1L,16,53623001,53636438,-,novel splice site,acceptor,0.27629475,0.035093,0.24120175,0.220358853559009,0.2701041836475961,2.935852925658456e-10,337.0,55.0,1233.0,2028.0
PSC_koloni,.,16,54933857,54954348,.,novel splice site,acceptor,0.7324535,0.47875425,0.25369925,0.1323625298848076,0.4042207792207792,0.0141745565331162,122.0,96.0,168.0,200.0
PSC_koloni,.,16,70215187,70250733,.,fully novel,acceptor,0.98115375,0.77369525,0.2074585,0.0861040068201193,0.6569702325026472,0.0001495955658251,428.0,120.0,438.0,149.0
PSC_koloni,MC1R,16,89915141,89917826,+,novel splice site,acceptor,0.9999,0.165067,0.834833,0.25,1.0,5.370892543610835e-15,159.0,4.0,159.0,23.0
PSC_koloni,ENSG00000282936,17,6580976,6589778,-,novel splice site,acceptor,0.3025394999999999,0.00384925,0.2986902499999999,0.2540012958546437,0.3360770333088672,4.1613435358015284e-18,232.0,2.0,773.0,742.0
PSC_koloni,POLR2A,17,7513223,7513369,+,fully novel,acceptor,0.629974,0.2900419999999999,0.339932,0.076025857223159,0.5800612902321803,8.232628843935188e-06,346.0,138.0,547.0,380.0
PSC_koloni,HS3ST3A1,17,13496819,13540663,-,novel splice site,acceptor,0.80118975,0.380024,0.42116575,0.295,0.5295345087969311,5.630432611962294e-07,108.0,96.0,133.0,253.0
PSC_koloni,PHF12,17,28915449,28917284,-,novel splice site,acceptor,0.2313037499999999,0.01884625,0.2124574999999999,0.1882417038779926,0.2217911351873391,1.4338527982004055e-10,760.0,51.0,3373.0,2490.0
PSC_koloni,MYO18A,17,29131443,29140339,-,novel splice site,acceptor,0.2975405,0.0001,0.2974405,0.1555555555555555,0.4862385321100917,0.000394963883008,35.0,0.0,115.0,45.0
PSC_koloni,MYO18A,17,29131443,29165941,-,novel splice site,acceptor,0.3375325,0.0025995,0.334933,0.3065522080865455,0.3593069581559396,3.304399717919253e-28,1119.0,24.0,3346.0,3946.0
PSC_koloni,TAF15,17,35844906,35844986,+,fully novel,acceptor,0.43626275,0.21630675,0.2199559999999999,0.086190475908793,0.3716496873002454,0.001095439025494,404.0,270.0,983.0,1275.0
PSC_koloni,TAF15,17,35844936,35844986,+,fully novel,acceptor,0.26379725,0.005099,0.2586982499999999,0.0619622024893719,0.4460093896713615,9.722729005878966e-14,292.0,49.0,983.0,1275.0
PSC_koloni,ENSG00000306718,17,36313638,36314083,+,novel splice site,acceptor,0.8674265,0.6624675,0.204959,0.0697483472151869,0.3375933569980683,0.0013594757039148,810.0,431.0,927.0,612.0
PSC_koloni,ZNF385C,17,42037883,42050556,-,novel splice site,acceptor,0.35003,0.0625875,0.2874425,0.117895385019418,0.4628404237375741,0.0003881351134939,50.0,7.0,142.0,113.0
PSC_koloni,ACSF2,17,50461886,50462183,+,novel splice site,acceptor,0.2375525,0.0001,0.2374525,0.1886304909560723,0.3143759873617693,2.082798696351565e-14,165.0,0.0,711.0,561.0
PSC_koloni,TOB1-AS1,17,50888580,50892900,+,fully novel,acceptor,0.4150169999999999,0.030094,0.3849229999999999,0.2079533941236069,0.5078125,1.2096314569055877e-07,55.0,8.0,134.0,144.0
PSC_koloni,MGAT5B,17,76937369,76937987,+,novel splice site,acceptor,0.514997,0.0001,0.514897,0.3178458289334741,0.7477477477477478,4.8039719567374426e-51,550.0,0.0,1280.0,4763.0
PSC_koloni,SNHG20,17,77093348,77094067,+,novel splice site,acceptor,0.994901,0.69621075,0.29869025,0.2216133963908614,0.3664932899229731,9.900626713761029e-14,390.0,290.0,392.0,422.0
PSC_koloni,SEC14L1,17,77215780,77216270,+,fully novel,acceptor,0.3075385,0.0025995,0.304939,0.0960180520633513,0.3224370779619398,4.0326156159607494e-24,1952.0,627.0,6405.0,7278.0
PSC_koloni,PRELID3A,18,12430293,12431149,+,novel splice site,acceptor,0.4400119999999999,0.0001,0.4399119999999999,0.3753056234718826,0.4987654320987654,5.5637577738694423e-36,347.0,0.0,790.0,1279.0
PSC_koloni,LDLRAD4,18,13445223,13464990,+,novel splice site,acceptor,0.355029,0.0001,0.354929,0.1304347826086956,0.6595744680851063,1.3448561426806989e-08,29.0,0.0,83.0,130.0
PSC_koloni,.,18,50559844,50662906,.,fully novel,acceptor,0.42876425,0.1400719999999999,0.28869225,0.131146165464004,0.4326503958639778,0.0056411801090312,59.0,15.0,137.0,101.0
PSC_koloni,MIER2,19,334543,343284,-,novel splice site,acceptor,0.33128375,0.1225755,0.2087082499999999,0.0673952006372597,0.3076867462911015,0.0029196535485915,116.0,70.0,361.0,471.0
PSC_koloni,CELF5,19,3278317,3281198,+,novel splice site,acceptor,0.74620075,0.0001,0.74610075,0.7419765664798778,0.7660620965262834,1.5873311244578484e-100,2557.0,0.0,3405.0,3855.0
PSC_koloni,HDGFL2,19,4492153,4493702,+,novel splice site,acceptor,0.5124974999999999,0.0001,0.5123975,0.4904950122341426,0.5416666666666666,1.31707607971231e-55,2638.0,0.0,5158.0,4179.0
PSC_koloni,HDGFL2,19,4492153,4493705,+,fully novel,acceptor,0.38627275,0.0001,0.38617275,0.357685009487666,0.4068441064638783,7.05970739572356e-30,421.0,0.0,1094.0,933.0
PSC_koloni,ACSBG2,19,6147875,6148230,+,novel splice site,acceptor,0.9074185,0.03884225,0.86857625,0.7402580130336481,0.9461293290043288,1.563541537638261e-31,105.0,6.0,116.0,150.0
PSC_koloni,INSR,19,7169832,7170536,-,novel splice site,acceptor,0.92866425,0.005099,0.92356525,0.8473780060960492,0.9787234042553192,2.756900489117573e-50,94.0,1.0,101.0,382.0
PSC_koloni,FBN3,19,8084412,8085362,-,novel splice site,acceptor,0.829934,0.0001,0.829834,0.7563025210084033,0.9076305220883534,5.796901759611465e-47,209.0,0.0,252.0,205.0
PSC_koloni,FBN3,19,8116885,8117168,-,novel splice site,acceptor,0.4375124999999999,0.05883825,0.37867425,0.2242424242424242,0.4615500772580418,1.8062160842453084e-06,55.0,9.0,126.0,130.0
PSC_koloni,ENSG00000303688,19,8241458,8247444,-,novel splice site,acceptor,0.64622075,0.3925214999999999,0.25369925,0.1295084527598705,0.3702939463233743,0.000802214023151,349.0,280.0,556.0,720.0
PSC_koloni,ADGRL1,19,14176670,14177530,-,novel splice site,acceptor,0.29629075,0.0001,0.29619075,0.2761194029850746,0.3080050031269543,8.255102485743561e-29,1984.0,0.0,6816.0,6352.0
PSC_koloni,UNC13A,19,17642542,17642844,-,novel splice site,acceptor,0.5174965,0.0001,0.5173965,0.499421965317919,0.5491931285788652,1.3515519942626674e-54,888.0,0.0,1707.0,5027.0
PSC_koloni,ZNF91,19,23360758,23361681,-,fully novel,acceptor,0.9999,0.774945,0.224955,0.0892388451443569,0.4615384615384615,3.4352870641148355e-10,343.0,368.0,343.0,512.0
PSC_koloni,.,19,40684557,40691591,.,novel splice site,acceptor,0.3425315,0.01134775,0.33118375,0.224560807598134,0.405982905982906,1.121050184171676e-12,139.0,12.0,396.0,376.0
PSC_koloni,ENSG00000300700,19,40825917,40826563,+,novel splice site,acceptor,0.2562987499999999,0.005099,0.2511997499999999,0.2227895547077441,0.2903793047551683,1.1762139122446025e-11,132.0,2.0,518.0,413.0
PSC_koloni,LIPE-AS1,19,42420388,42485095,+,novel splice site,acceptor,0.3350329999999999,0.0001,0.334933,0.25,0.4042553191489361,1.4800909752158345e-14,64.0,0.0,196.0,319.0
PSC_koloni,.,19,48811330,48813232,.,fully novel,acceptor,0.82368525,0.34378125,0.479904,0.1760919540229885,0.7025007515388063,3.1782598647770253e-07,103.0,46.0,130.0,163.0
PSC_koloni,ENSG00000299129,19,51320671,51322063,-,novel splice site,acceptor,0.32878425,0.0001,0.32868425,0.3064019171516604,0.3593805624777501,1.5362883171404803e-30,1902.0,0.0,5835.0,2713.0
PSC_koloni,LENG8,19,54459465,54459520,+,fully novel,acceptor,0.3125374999999999,0.07133575,0.2412017499999999,0.0537049103769423,0.3431453434694639,0.0002869290475578,165.0,36.0,524.0,281.0
PSC_koloni,.,19,55440766,55452671,.,novel splice site,acceptor,0.41876625,0.04384125,0.374925,0.254128564262839,0.4599480749746707,2.4478315232246537e-11,205.0,15.0,489.0,260.0
PSC_koloni,EPN1,19,55676055,55677045,+,fully novel,acceptor,0.45875825,0.17631475,0.2824434999999999,0.0973860573388875,0.4690265486725664,0.0391147907457924,36.0,18.0,78.0,91.0
PSC_koloni,ZNF544,19,58230463,58241962,+,novel splice site,acceptor,0.87367525,0.470006,0.40366925,0.1781806006493506,0.5954523809523807,0.0004490682256465,136.0,22.0,158.0,47.0
PSC_koloni,MZF1-AS1,19,58585794,58586154,+,novel splice site,acceptor,0.3375325,0.0475905,0.289942,0.1845520228648523,0.3827799558931634,9.987532229371922e-10,159.0,24.0,483.0,594.0
PSC_koloni,ENSG00000299109,2,591648,591945,-,novel splice site,acceptor,0.64372125,0.4050189999999999,0.23870225,0.1461538331129419,0.3464481520924545,0.0076482518700464,156.0,234.0,243.0,581.0
PSC_koloni,PXDN,2,1650887,1653627,-,novel splice site,acceptor,0.365027,0.005099,0.3599279999999999,0.3105240020354451,0.4107873829644365,1.6322071351661368e-29,1651.0,15.0,4569.0,3594.0
PSC_koloni,ENSG00000304366,2,3458516,3460262,-,novel splice site,acceptor,0.3250349999999999,0.0001,0.324935,0.26875,0.3786516853932584,2.3313442527079108e-29,552.0,0.0,1690.0,3382.0
PSC_koloni,ITGB1BP1,2,9406215,9406382,-,fully novel,acceptor,0.97615475,0.6874625,0.28869225,0.0864614665064632,0.7076611400894173,6.9682181031686485e-09,225.0,312.0,229.0,522.0
PSC_koloni,ZNF513,2,27378616,27378928,-,novel splice site,acceptor,0.98865225,0.674965,0.31368725,0.0844095950376787,0.6504860703333986,2.2649701785615595e-06,110.0,92.0,111.0,138.0
PSC_koloni,SPDYA,2,28815279,28818041,+,fully novel,acceptor,0.7874424999999999,0.1175765,0.669866,0.3564589419019798,0.9105691056910568,1.0301812921591762e-10,153.0,8.0,189.0,54.0
PSC_koloni,TRMT61B,2,28865120,28869559,-,novel splice site,acceptor,0.55123975,0.0525895,0.49865025,0.0786812425177997,0.6650246305418719,3.1979812142993985e-12,118.0,39.0,217.0,242.0
PSC_koloni,MAP4K3-DT,2,39474628,39488592,+,novel splice site,acceptor,0.98365325,0.2825435,0.7011097500000001,0.3139541634835752,0.9803921568627452,7.19519962525139e-15,138.0,15.0,141.0,50.0
PSC_koloni,ENSG00000307602,2,39665011,39665086,-,novel splice site,acceptor,0.3975205,0.1025795,0.294941,0.2150649889802621,0.3683694052227008,1.658841143240911e-07,185.0,79.0,462.0,734.0
PSC_koloni,GTDC1,2,144235738,144329097,-,novel splice site,acceptor,0.954909,0.679964,0.274945,0.1443248660878557,0.4981103552532124,0.0006978112260893,118.0,76.0,125.0,108.0
PSC_koloni,DAPL1,2,158826488,158862405,+,novel splice site,acceptor,0.7074585,0.4175165,0.289942,0.0615316183556972,0.5044496487119438,0.0452621160655406,37.0,116.0,52.0,270.0
PSC_koloni,KCNH7,2,162512224,162512653,-,novel splice site,acceptor,0.85617875,0.5574884999999999,0.29869025,0.151260047001367,0.463026122006046,0.0004557754727676,131.0,113.0,152.0,201.0
PSC_koloni,SUMO1,2,202220107,202238389,-,novel splice site,acceptor,0.9999,0.784943,0.214957,0.0792682926829267,0.4347826086956522,3.570744813643637e-09,311.0,342.0,311.0,475.0
PSC_koloni,IGFBP5,2,216673675,216676805,-,fully novel,acceptor,0.7574485,0.42876425,0.3286842499999999,0.0803016037006449,0.4113984097066648,5.70504234057943e-08,1781.0,941.0,2834.0,2227.0
PSC_koloni,TNS1-AS1,2,217986875,217990941,+,novel splice site,acceptor,0.260048,0.0001,0.259948,0.2034120734908136,0.3031746031746031,3.992355862947611e-17,180.0,0.0,708.0,757.0
PSC_koloni,CFAP65,2,219035092,219035479,-,novel splice site,acceptor,0.53124375,0.2463007499999999,0.284943,0.1284235128993465,0.4598997493734336,0.01451670199529,77.0,27.0,144.0,107.0
PSC_koloni,SPEG,2,219465787,219466056,+,novel splice site,acceptor,0.48625275,0.0001,0.48615275,0.4726577437858508,0.4973388527498522,1.9976005445076662e-49,1461.0,0.0,2996.0,2875.0
PSC_koloni,ENSG00000310283,2,224030279,224031846,+,fully novel,acceptor,0.539992,0.2375525,0.3024395,0.0521220159151193,0.529283950617284,0.0112998879893227,52.0,28.0,99.0,117.0
PSC_koloni,ATG4B,2,241668986,241670725,+,novel splice site,acceptor,0.21630675,0.0001,0.21620675,0.1837270341207349,0.2432098765432098,1.4660075952566185e-19,337.0,0.0,1578.0,6491.0
PSC_koloni,LZTS3,20,3167182,3173359,-,novel splice site,acceptor,0.59123175,0.3025394999999999,0.28869225,0.0618064930300807,0.4895009723175473,0.0083471533701106,97.0,45.0,165.0,142.0
PSC_koloni,PANK2-AS1,20,3864789,3873793,-,novel splice site,acceptor,0.5624875,0.0625875,0.4999,0.0667124390028171,0.6730769230769231,2.675404750529917e-12,174.0,70.0,319.0,307.0
PSC_koloni,SLC24A3,20,19683961,19684175,+,novel splice site,acceptor,0.88367325,0.04134175,0.8423315,0.8316871724130532,0.878704430422772,4.598859395136424e-93,1347.0,77.0,1512.0,2122.0
PSC_koloni,PIGU,20,34592186,34592834,-,fully novel,acceptor,0.729954,0.310038,0.419916,0.1499910748501478,0.632733065942448,0.0001866299911967,77.0,27.0,109.0,91.0
PSC_koloni,ENSG00000286803,20,34754869,34757652,+,novel splice site,acceptor,0.979904,0.624975,0.354929,0.1090909090909091,0.5272727272727273,3.695284867698694e-07,117.0,104.0,120.0,166.0
PSC_koloni,.,20,38599993,38723696,.,novel splice site,acceptor,0.2225555,0.0001,0.2224555,0.1590909090909091,0.270893371757925,8.916028360496217e-06,74.0,0.0,347.0,99.0
PSC_koloni,SLC12A5,20,46024102,46027662,+,novel splice site,acceptor,0.794941,0.0001,0.794841,0.7230769230769231,0.8613138686131386,1.680704883144488e-21,212.0,0.0,267.0,57.0
PSC_koloni,BCAS1,20,53941396,53948766,-,novel splice site,acceptor,0.734953,0.1875625,0.5473905,0.2620397289836185,0.75,4.025517682606612e-12,201.0,35.0,274.0,153.0
PSC_koloni,BCAS1,20,53941396,53949942,-,novel splice site,acceptor,0.5712357499999999,0.10008,0.4711557499999999,0.1346515449746203,0.631336405529954,1.0576760233165366e-06,103.0,13.0,176.0,88.0
PSC_koloni,ARFRP1,20,63707098,63707296,-,novel splice site,acceptor,0.7649469999999999,0.2675464999999999,0.4974004999999999,0.1886446886446886,0.7633522727272728,4.720551042492909e-06,67.0,25.0,91.0,94.0
PSC_koloni,TPD52L2,20,63888457,63888622,+,fully novel,acceptor,0.9999,0.554989,0.444911,0.1379310344827586,0.8846153846153846,3.51704023875454e-10,99.0,67.0,99.0,110.0
PSC_koloni,NRIP1,21,15043575,15063836,-,novel splice site,acceptor,0.964907,0.62622475,0.3386822499999999,0.1312405884397081,0.5565217391304348,0.0001487748843026,68.0,87.0,71.0,142.0
PSC_koloni,RSPH1,21,42476048,42496119,-,novel splice site,acceptor,0.9674065,0.430014,0.5373924999999999,0.2456541048090343,0.7037993572084482,1.6152668143316724e-11,136.0,38.0,141.0,92.0
PSC_koloni,LSS,21,46193508,46193626,-,fully novel,acceptor,0.6049789999999999,0.22130575,0.3836732499999999,0.1162107396149949,0.5950295145551179,2.946597286191753e-06,230.0,48.0,379.0,177.0
PSC_koloni,.,21,46664429,46667681,.,novel splice site,acceptor,0.7824435,0.49875025,0.2836932499999999,0.1140414947588684,0.4497418888742935,0.0008231796383847,148.0,172.0,187.0,347.0
PSC_koloni,.,22,29183382,29205159,.,fully novel,acceptor,0.34128175,0.0925815,0.24870025,0.0539424302236944,0.3645130681739275,0.0007493631238113,115.0,32.0,335.0,222.0
PSC_koloni,.,22,45843734,45855383,.,fully novel,acceptor,0.89617075,0.644971,0.25119975,0.1222625187680989,0.3272565105315259,4.131972515998844e-05,405.0,311.0,462.0,479.0
PSC_koloni,SHANK3,22,50730738,50730946,+,fully novel,acceptor,0.3675265,0.03884225,0.3286842499999999,0.1850550432331004,0.4513261168768366,7.606504534846948e-06,107.0,6.0,296.0,103.0
PSC_koloni,CHL1,3,197064,198837,+,novel splice site,acceptor,0.539992,0.06883625,0.47115575,0.1944124192294286,0.652542372881356,3.3887788075484364e-08,123.0,11.0,237.0,103.0
PSC_koloni,SETD5,3,9468616,9470458,+,novel splice site,acceptor,0.3425315,0.00384925,0.3386822499999999,0.31081768301968,0.3642399381994313,4.6630473213000976e-30,1980.0,14.0,5811.0,7481.0
PSC_koloni,CSPG5,3,47569228,47572364,-,novel splice site,acceptor,0.97615475,0.3775245,0.59863025,0.3264409149935071,0.7730462971705536,8.450594731188055e-14,78.0,77.0,80.0,231.0
PSC_koloni,MAP4,3,47977934,47994423,-,novel splice site,acceptor,0.979904,0.29879025,0.68111375,0.2737728030076474,0.9964028776978416,4.7876047553808304e-20,260.0,42.0,267.0,100.0
PSC_koloni,NICN1,3,49425997,49426276,-,novel splice site,acceptor,0.8274345,0.10382925,0.72360525,0.4668367346938775,0.8887547299621603,2.3654545296270598e-14,58.0,14.0,70.0,112.0
PSC_koloni,IP6K1,3,49738423,49785392,-,novel splice site,acceptor,0.25129975,0.0001,0.25119975,0.1491935483870967,0.3632075471698113,1.1954238871526307e-09,105.0,0.0,373.0,217.0
PSC_koloni,.,3,50647942,50670691,.,fully novel,acceptor,0.98115375,0.7024595,0.2786942499999999,0.0834985909612775,0.3908045977011494,0.0001293298098349,121.0,61.0,124.0,88.0
PSC_koloni,ERC2,3,56297106,56434350,-,novel splice site,acceptor,0.7062087499999999,0.4925015,0.2137072499999999,0.166326447951857,0.257753658245865,0.0017850818817844,2094.0,1043.0,2943.0,2119.0
PSC_koloni,.,3,81317248,81317401,.,fully novel,acceptor,0.4525095,0.0125975,0.439912,0.2441539110589255,0.5701824701435485,6.179839134558014e-16,52.0,22.0,113.0,901.0
PSC_koloni,KALRN,3,124701256,124702037,+,novel splice site,acceptor,0.81368725,0.01634675,0.7973405,0.709114476448007,0.8641964602514792,4.16678275769117e-59,218.0,15.0,270.0,1037.0
PSC_koloni,ZMAT3,3,178998352,179004060,-,novel splice site,acceptor,0.2787942499999999,0.0001,0.27869425,0.2014388489208633,0.3476923076923077,4.488075295140697e-15,94.0,0.0,331.0,500.0
PSC_koloni,ADGRL3,4,61201766,61255652,+,novel splice site,acceptor,0.94991,0.5012497499999999,0.4486602500000001,0.0525667579465047,0.8962560958118186,3.2281699005163944e-06,77.0,43.0,81.0,83.0
PSC_koloni,ENSG00000294184,4,77032554,77034779,-,fully novel,acceptor,0.83868225,0.0001,0.83858225,0.5294117647058824,0.9263157894736842,6.560233804776114e-25,97.0,0.0,112.0,84.0
PSC_koloni,LINC01088,4,78973053,79044974,+,novel splice site,acceptor,0.48625275,0.040092,0.44616075,0.309075370895248,0.5945945945945946,1.8016999044990304e-06,43.0,4.0,89.0,78.0
PSC_koloni,HNRNPD,4,82355402,82356801,-,novel splice site,acceptor,0.40002,0.0325935,0.3674265,0.1277192888083162,0.594127140974966,1.0268916568220529e-08,107.0,24.0,294.0,281.0
PSC_koloni,AP1AR,4,112260863,112265012,+,novel splice site,acceptor,0.58623275,0.27629475,0.309938,0.1080106809078771,0.5005527188503447,0.0014881567593609,107.0,57.0,186.0,185.0
PSC_koloni,PALLD,4,168863622,168863879,+,fully novel,acceptor,0.5012497499999999,0.245051,0.2561987499999999,0.0660095579450418,0.4369747899159664,0.0428457123824318,68.0,26.0,131.0,105.0
PSC_koloni,CEP72,5,648224,652987,+,novel splice site,acceptor,0.2912917499999999,0.0001,0.2911917499999999,0.255050505050505,0.3304093567251462,3.506931842196821e-13,136.0,0.0,479.0,253.0
PSC_koloni,ENSG00000287600,5,900580,907548,-,novel splice site,acceptor,0.52874425,0.14882025,0.379924,0.130893270120259,0.659196346866798,0.0016747425044576,31.0,17.0,60.0,110.0
PSC_koloni,SLC12A7,5,1061398,1061523,-,fully novel,acceptor,0.7974405,0.260048,0.5373924999999999,0.1805281377736937,0.7872340425531915,1.4436690135087455e-06,100.0,15.0,132.0,59.0
PSC_koloni,.,5,69916256,70120304,.,novel splice site,acceptor,0.9474105,0.744951,0.2024594999999999,0.1171344658625984,0.2646964170778803,0.0003213574153303,348.0,225.0,372.0,301.0
PSC_koloni,EPB41L4A,5,112267285,112275325,-,novel splice site,acceptor,0.88617275,0.0001,0.88607275,0.8458646616541353,0.9304347826086956,2.774142461696912e-65,213.0,0.0,240.0,370.0
PSC_koloni,SNX24,5,123007746,123011001,+,fully novel,acceptor,0.3350329999999999,0.07633475,0.2586982499999999,0.103160419239793,0.444683908045977,0.0182328590407341,22.0,7.0,68.0,100.0
PSC_koloni,ZNF608,5,124746284,124748532,-,novel splice site,acceptor,0.5599879999999999,0.0138472499999999,0.54614075,0.5023255813953488,0.5941965254458409,3.16500212086665e-32,251.0,11.0,445.0,649.0
PSC_koloni,VDAC1,5,133976022,133980998,-,novel splice site,acceptor,0.9999,0.2575485,0.7423515,0.3870967741935484,0.967741935483871,2.3240547314935802e-15,47.0,51.0,47.0,209.0
PSC_koloni,.,5,141938761,141949331,.,novel splice site,acceptor,0.3875225,0.0675865,0.319936,0.1666666666666666,0.7040229885057472,0.0025360553186796,20.0,7.0,54.0,112.0
PSC_koloni,SPRY4-AS1,5,142346451,142353225,+,novel splice site,acceptor,0.52624475,0.0001,0.52614475,0.4410480349344978,0.6106870229007634,2.6764981572674643e-39,295.0,0.0,554.0,740.0
PSC_koloni,FAM114A2,5,154037456,154038292,-,novel splice site,acceptor,0.42876425,0.04384125,0.384923,0.2963335304553518,0.4543749087894735,4.872617797120351e-10,188.0,8.0,438.0,165.0
PSC_koloni,CDHR2,5,176591765,176591829,+,fully novel,acceptor,0.7324535,0.5174965,0.2149569999999999,0.0874867173528315,0.312056171892813,0.0146917921661816,481.0,205.0,669.0,386.0
PSC_koloni,.,5,176656957,176661703,.,novel splice site,acceptor,0.79369125,0.4150169999999999,0.37867425,0.0551692418031327,0.8319677871148458,0.0037220554391359,75.0,29.0,96.0,65.0
PSC_koloni,CNOT6,5,180550118,180560475,+,novel splice site,acceptor,0.95865825,0.4962507499999999,0.4624074999999999,0.2132457225314368,0.9741935483870968,2.3418082981031823e-09,520.0,39.0,537.0,66.0
PSC_koloni,EXOC2,6,486404,486633,-,fully novel,acceptor,0.8661767499999999,0.59998,0.26619675,0.1251393534002229,0.3833467909197982,0.0055009881308063,138.0,75.0,162.0,123.0
PSC_koloni,.,6,3154605,3225492,.,novel splice site,acceptor,0.994901,0.7024595,0.2924415,0.1719742982184029,0.2997666784823365,1.206214691316046e-23,77443.0,103761.0,82201.0,146868.0
PSC_koloni,LINC02525,6,3183735,3190826,-,novel splice site,acceptor,0.4262647499999999,0.0001,0.42616475,0.3995098039215686,0.4469790382244143,1.0959134048181027e-32,691.0,0.0,1626.0,718.0
PSC_koloni,KIAA0319,6,24645838,24646034,-,fully novel,acceptor,0.65371925,0.030094,0.62362525,0.4720525025609417,0.7211538461538461,7.08049452639959e-13,47.0,6.0,71.0,122.0
PSC_koloni,ITPR3,6,33657259,33657931,+,novel splice site,acceptor,0.4512597499999999,0.1963107499999999,0.254949,0.1080442804428044,0.3797218552060168,0.0025366887461702,117.0,65.0,261.0,299.0
PSC_koloni,NUDT3,6,34280249,34288739,-,fully novel,acceptor,0.245051,0.0001,0.244951,0.1176470588235294,0.4838709677419355,0.0001983168523885,23.0,0.0,99.0,77.0
PSC_koloni,SCUBE3,6,35218199,35227579,+,novel splice site,acceptor,0.3237852499999999,0.0275944999999999,0.2961907499999999,0.2662069612534009,0.3359697400372186,1.3049942489713328e-10,174.0,8.0,543.0,347.0
PSC_koloni,CDKN1A,6,36680259,36680473,+,novel splice site,acceptor,0.4037692499999999,0.02384525,0.379924,0.1264539591999523,0.7960666106636359,1.6432607154632568e-10,71.0,6.0,194.0,256.0
PSC_koloni,NUS1,6,117689844,117691732,+,fully novel,acceptor,0.45625875,0.23380325,0.2224555,0.0781282024455282,0.3845453726333153,0.0305704570246366,117.0,40.0,252.0,169.0
PSC_koloni,TULP4,6,158232304,158282262,+,novel splice site,acceptor,0.9524095,0.72620475,0.22620475,0.0966539061131116,0.3024790851178141,0.0011951762253671,126.0,226.0,135.0,310.0
PSC_koloni,FAM120B,6,170318440,170318619,+,fully novel,acceptor,0.27379525,0.01884625,0.254949,0.1018977887343186,0.35062908496732,0.0001044459163184,30.0,5.0,109.0,166.0
PSC_koloni,IQCE,7,2565072,2567115,+,novel splice site,acceptor,0.5224955,0.0001,0.5223955,0.4587155963302752,0.6111111111111112,3.725495693123421e-31,300.0,0.0,575.0,334.0
PSC_koloni,STK17A,7,43609642,43631011,+,novel splice site,acceptor,0.6174765,0.35003,0.2674465,0.1196254730421135,0.3995086233343087,0.0121006154896268,87.0,77.0,141.0,221.0
PSC_koloni,CAMK2B,7,44258515,44258871,-,novel splice site,acceptor,0.26129775,0.0001,0.26119775,0.2248888888888889,0.3016975308641975,3.7497157504704934e-22,300.0,0.0,1151.0,2980.0
PSC_koloni,CAMK2B,7,44258611,44258871,-,novel splice site,acceptor,0.2463007499999999,0.0001,0.24620075,0.2094488188976378,0.2751937984496124,1.0008310773884322e-20,275.0,0.0,1151.0,2980.0
PSC_koloni,ADCY1,7,45625378,45648669,+,novel splice site,acceptor,0.205059,0.0001,0.204959,0.1740858505564388,0.2278195488721804,6.345308215416057e-18,522.0,0.0,2588.0,3318.0
PSC_koloni,GRB10,7,50726962,50727339,-,fully novel,acceptor,0.65121975,0.2425514999999999,0.40866825,0.269251656971178,0.6037181996086105,6.421299144609955e-05,52.0,45.0,81.0,189.0
PSC_koloni,ENSG00000234500,7,66530138,66531790,+,novel splice site,acceptor,0.5624875,0.295041,0.2674465,0.1600185391303812,0.3632478632478632,0.0183291277765871,96.0,38.0,172.0,127.0
PSC_koloni,TRRAP,7,98881737,98881974,+,novel splice site,acceptor,0.63122375,0.0001,0.63112375,0.6115618661257607,0.6673773987206824,1.045878097335391e-55,656.0,0.0,1039.0,801.0
PSC_koloni,ACTL6B,7,100650644,100655018,-,novel splice site,acceptor,0.8724255,0.03634275,0.83608275,0.8149663007751362,0.8769109380120229,5.923131637438254e-107,6802.0,138.0,7758.0,5124.0
PSC_koloni,EFCAB3P1,7,128467397,128468844,+,novel splice site,acceptor,0.7062087499999999,0.0001,0.70610875,0.6764705882352942,0.7424242424242424,6.346520438609156e-22,81.0,0.0,114.0,104.0
PSC_koloni,CALU,7,128754723,128758879,+,novel splice site,acceptor,0.684963,0.2675464999999999,0.4174165,0.144531682389598,0.7298387096774194,1.3053706998297914e-05,62.0,84.0,97.0,299.0
PSC_koloni,PTPRN2,7,158040551,158081297,-,novel splice site,acceptor,0.2200559999999999,0.0001,0.2199559999999999,0.2058203289751159,0.2243224777954907,6.818199754146984e-21,982.0,0.0,4601.0,8533.0
PSC_koloni,FAM66B,8,7346620,7348972,-,novel splice site,acceptor,0.3325335,0.12132575,0.2112077499999999,0.1128066153634644,0.3092393896041965,0.0076671910157805,59.0,47.0,172.0,389.0
PSC_koloni,ENSG00000309971,8,20226167,20226438,-,novel splice site,acceptor,0.430014,0.0001,0.429914,0.3,0.5454545454545454,1.1103186233013918e-14,44.0,0.0,107.0,216.0
PSC_koloni,.,8,23008118,23022696,.,novel splice site,acceptor,0.9999,0.60622875,0.39367125,0.3129233511586453,0.4690721649484536,2.40759427204477e-07,57.0,126.0,57.0,208.0
PSC_koloni,UNC5D,8,35722396,35724250,+,novel splice site,acceptor,0.909918,0.6837132499999999,0.22620475,0.189190878780662,0.2715212264150943,0.0424553958233696,65.0,86.0,71.0,125.0
PSC_koloni,GPAT4,8,41578581,41596747,+,novel splice site,acceptor,0.4825035,0.1925615,0.289942,0.1691176470588235,0.4126106194690265,0.0170188801484163,39.0,21.0,80.0,112.0
PSC_koloni,UBR5-DT,8,102239899,102244004,+,novel splice site,acceptor,0.245051,0.0125975,0.2324534999999999,0.1384896509949479,0.3216374269005848,2.275460033074622e-05,42.0,3.0,173.0,178.0
PSC_koloni,.,8,103140440,103212966,.,fully novel,acceptor,0.76869625,0.0001,0.76859625,0.555763823805061,0.8707692307692307,3.794450892209178e-71,538.0,0.0,758.0,730.0
PSC_koloni,ADCY8,8,130822711,130836276,-,novel splice site,acceptor,0.3350329999999999,0.0001,0.334933,0.3115100316789863,0.3580487804878048,1.7785716976733e-28,346.0,0.0,1043.0,2286.0
PSC_koloni,PTPRD,9,9127207,9183303,-,novel splice site,acceptor,0.584983,0.035093,0.54989,0.4723153392627204,0.6371673809905801,4.901658389202362e-35,576.0,33.0,988.0,1087.0
PSC_koloni,.,9,12556455,12617150,.,fully novel,acceptor,0.66621675,0.3350329999999999,0.33118375,0.1572681704260652,0.518954248366013,0.0009460513037493,82.0,67.0,124.0,199.0
PSC_koloni,.,9,12617220,12631531,.,fully novel,acceptor,0.91616675,0.5474905,0.36867625,0.2136298222724561,0.5,0.002198584714044,43.0,72.0,48.0,129.0
PSC_koloni,TRPM3,9,71445912,71446652,-,novel splice site,acceptor,0.28379325,0.05009,0.23370325,0.129819616616605,0.329153605015674,0.0084132609527219,26.0,4.0,92.0,93.0
PSC_koloni,SEMA4D,9,89475551,89479571,-,novel splice site,acceptor,0.914917,0.07133575,0.84358125,0.7395548613822726,0.9358288770053476,1.5186566971539506e-13,186.0,2.0,203.0,27.0
PSC_koloni,SEMA4D,9,89475551,89497918,-,novel splice site,acceptor,0.3812737499999999,0.0088482499999999,0.3724254999999999,0.3079786119371568,0.4408321464634216,1.7888505228888222e-16,208.0,4.0,544.0,323.0
PSC_koloni,SMC2,9,104094487,104095323,+,novel splice site,acceptor,0.41876625,0.215057,0.20370925,0.1066352205769152,0.2845591501289979,0.0120934130180386,150.0,110.0,356.0,526.0
PSC_koloni,TNC,9,115091155,115116397,-,novel splice site,acceptor,0.9224155,0.524995,0.3974204999999999,0.0867950270323816,0.6303209330789071,7.881495899304376e-06,98.0,74.0,108.0,143.0
PSC_koloni,GOLGA1,9,124880373,124880455,-,fully novel,acceptor,0.7874424999999999,0.02884425,0.7585982499999999,0.4881617647058823,0.9743589743589745,1.1855990524899974e-15,53.0,3.0,69.0,93.0
PSC_koloni,DNM1,9,128252802,128253100,+,novel splice site,acceptor,0.27629475,0.0001,0.27619475,0.2354368932038835,0.310126582278481,1.5231888847120159e-25,488.0,0.0,1772.0,6613.0
PSC_koloni,ENSG00000251184,9,128956175,128956349,+,novel splice site,acceptor,0.5424915,0.0001,0.5423915,0.5237020316027088,0.5643340857787811,7.345563600561745e-47,482.0,0.0,886.0,1082.0
PSC_koloni,IER5L-AS1,9,129177267,129208868,+,novel splice site,acceptor,0.48625275,0.18881225,0.2974405,0.1863780100108225,0.4157846977052074,0.0121537989999344,45.0,21.0,92.0,109.0
PSC_koloni,.,GL000195.1,2967,19564,.,fully novel,acceptor,0.2363027499999999,0.0325935,0.2037092499999999,0.0681887561794103,0.3269541778975741,0.0002726321111489,52.0,11.0,213.0,268.0
PSC_koloni,.,KI270734.1,145097,150349,.,fully novel,acceptor,0.41126775,0.0825835,0.32868425,0.2400986380837127,0.4055257457090485,2.011706003166567e-08,186.0,32.0,456.0,354.0
PSC_koloni,.,KI270745.1,13721,15781,.,fully novel,acceptor,0.92116575,0.4125175,0.50864825,0.1916468968654721,0.5861611664492812,2.160197310735223e-21,611.0,846.0,681.0,1633.0
PSC_koloni,GYG2,X,2830196,2843239,+,novel splice site,acceptor,0.8911717499999999,0.55123975,0.3399319999999999,0.0822994210090984,0.6700941764366711,0.0004035539244567,105.0,76.0,121.0,130.0
PSC_koloni,RAI2,X,17837396,17837536,-,novel splice site,acceptor,0.6674665,0.14132175,0.5261447499999999,0.3621485121485122,0.6454922628392016,3.324577044486941e-09,231.0,11.0,344.0,76.0
PSC_koloni,.,X,73214805,73214997,.,fully novel,acceptor,0.95115975,0.37877425,0.5723855,0.195798319327731,0.7686170212765957,5.848442423879042e-14,116.0,96.0,127.0,296.0
PSC_koloni,TMSB15B-AS1,X,103918461,103918659,-,novel splice site,acceptor,0.97865425,0.62622475,0.3524294999999999,0.2293993282909908,0.4340425531914893,2.06209959709794e-08,159.0,119.0,165.0,192.0
PSC_koloni,ENSG00000303947,X,111097685,111103155,-,novel splice site,acceptor,0.84993,0.64372125,0.2062087499999999,0.1453297048356709,0.2720133587786258,0.0043975818653477,238.0,519.0,280.0,804.0
